chinese,type,fortune
쥐띠,총운,"오늘은 머릿속이 복잡하고 여러 가지 생각이 뒤엉키는 하루가 될 수 있습니다. 쥐띠 특유의 정보 수집 능력이 빛을 발하는 날로, 주변에서 흘러오는 작은 신호들을 놓치지 않는 것이 중요합니다. 섣불리 결론짓지 말고 충분히 관찰한 뒤 움직이시기 바랍니다."
쥐띠,총운,바쁜 일상 속에서 잠시 방향을 잃은 듯한 느낌이 드실 수 있습니다. 그러나 쥐띠 특유의 순발력과 재치를 발휘한다면 예상치 못한 상황에서도 빠르게 돌파구를 찾을 수 있습니다. 오늘은 직관을 믿고 즉각적인 판단력을 신뢰하셔도 좋은 날입니다.
쥐띠,총운,"주변 사람들과의 관계에서 미묘한 긴장감이 감지될 수 있는 하루입니다. 쥐띠의 계산적인 면모가 타인에게 오해를 줄 수 있으니, 의도를 솔직하게 전달하는 노력이 필요합니다. 진심 어린 한마디가 관계의 균형을 회복하는 열쇠가 됩니다."
쥐띠,총운,오늘은 기대했던 일이 생각보다 더디게 풀리는 느낌이 드실 수 있습니다. 쥐띠의 기민함을 활용하여 기존 방식을 고집하기보다 유연하게 접근 방향을 바꿔보시기 바랍니다. 작은 전략 수정 하나가 오늘 하루의 흐름 전체를 바꾸는 계기가 될 수 있습니다.
쥐띠,총운,"여러 일을 동시에 처리하다 보니 에너지가 분산되기 쉬운 날입니다. 쥐띠 특유의 임기응변 능력 덕분에 다방면으로 대응하는 것이 가능하지만, 오늘만큼은 핵심적인 한 가지에 집중하는 것이 더 큰 성과를 가져다줍니다. 선택과 집중이 오늘의 가장 현명한 전략입니다."
쥐띠,애정운,"상대방의 말 한마디가 유독 마음에 걸리는 하루입니다. 쥐띠 특유의 예민한 감각이 작은 신호도 놓치지 않지만, 오늘은 지나친 분석이 오히려 관계에 균열을 만들 수 있습니다. 있는 그대로를 받아들이는 여유가 필요합니다."
쥐띠,애정운,감정을 솔직하게 꺼내기 어렵다고 느끼는 하루입니다. 상대의 반응을 미리 계산하고 말을 고르는 습관이 진심 전달을 막고 있을 수 있습니다. 오늘은 전략보다 진심이 더 강한 힘을 발휘합니다.
쥐띠,애정운,"오랫동안 마음에 담아둔 사람이 떠오르는 날입니다. 쥐띠의 빠른 판단력은 관계의 가능성을 누구보다 먼저 읽어내지만, 행동을 미루는 사이 기회가 지나갈 수 있습니다. 작은 용기가 새로운 인연의 문을 열어줄 것입니다."
쥐띠,애정운,"상대와의 대화에서 미묘한 어긋남이 느껴지는 시기입니다. 정보를 빠르게 수집하고 해석하는 능력이 뛰어난 만큼, 오해의 원인을 파악하는 것도 어렵지 않습니다. 다만 결론을 내리기 전에 상대의 입장을 한 번 더 들어보시기 바랍니다."
쥐띠,애정운,"혼자 감정을 정리하느라 지쳐 있을 수 있는 하루입니다. 쥐띠는 내면에서 많은 것을 처리하지만, 그 과정이 겉으로 드러나지 않아 가까운 사람조차 알아채지 못하는 경우가 많습니다. 오늘은 신뢰하는 사람에게 솔직한 감정을 나누어 보시기 바랍니다."
쥐띠,금전운,요즘 들어 돈이 손에 잘 잡히지 않는다는 느낌이 드실 수 있습니다. 오늘은 쥐띠 특유의 예리한 감각을 믿고 충동적인 지출보다는 정보를 먼저 수집하는 방향으로 움직이시기 바랍니다. 빠른 판단보다 한 박자 늦춘 계산이 오늘의 금전 흐름을 지켜줄 것입니다.
쥐띠,금전운,"지출이 예상보다 많아져 속이 답답하신 날일 수 있습니다. 그러나 쥐띠는 본래 정보를 꿰뚫는 능력이 뛰어난 만큼, 오늘은 주변의 재정 정보에 귀를 기울이시면 뜻밖의 절약 방법이나 수입의 실마리가 보일 것입니다. 섣불리 움직이기보다 파악하는 데 집중하시기 바랍니다."
쥐띠,금전운,수입은 들어오는 듯하나 어디로 새는지 모르겠다는 불안감이 드실 수 있습니다. 오늘은 쥐띠의 꼼꼼한 계산력을 발휘하여 지출 항목을 직접 들여다보시기 바랍니다. 작은 누수를 발견하는 것이 오늘 금전운에서 가장 실질적인 이득이 될 것입니다.
쥐띠,금전운,"투자나 재정 결정 앞에서 머뭇거리는 자신이 답답하게 느껴지실 수 있습니다. 쥐띠는 순발력이 강점이지만, 오늘은 그 기민함을 빠른 결정이 아닌 빠른 정보 수집에 활용하시기 바랍니다. 충분히 살핀 뒤에 내린 판단이 오늘의 금전 흐름에서 더욱 빛을 발할 것입니다."
쥐띠,금전운,"오늘은 예상치 못한 소비 요청이나 금전적 제안이 들어올 수 있습니다. 쥐띠 특유의 재치로 상황을 빠르게 읽어내시되, 즉각적인 수락보다는 조건을 꼼꼼히 따져보는 자세가 필요합니다. 임기응변으로 넘기기보다 원칙을 세우고 대응하실 때 오늘의 금전 손실을 막을 수 있습니다."
쥐띠,직장운,오늘은 맡은 업무가 예상보다 많아 벅차게 느껴질 수 있습니다. 그러나 쥐띠 특유의 빠른 상황 판단력과 정보 수집 능력을 발휘한다면 업무의 우선순위를 신속하게 정리할 수 있습니다. 당황하지 않고 차분히 흐름을 읽는 것이 오늘의 핵심입니다.
쥐띠,직장운,"직장 내에서 중요한 정보가 오가는 하루가 될 것입니다. 쥐띠는 타인이 놓치기 쉬운 작은 신호를 포착하는 데 탁월한 능력을 지니고 있으므로, 주변의 분위기와 동료의 말 한마디에 주의를 기울이시기 바랍니다. 그 안에서 유익한 기회를 발견할 수 있습니다."
쥐띠,직장운,"오늘은 동료 혹은 상사로부터 예상치 못한 요청이 들어올 수 있습니다. 쥐띠의 기민한 임기응변 능력이 빛을 발할 순간이므로, 즉각적인 판단과 유연한 대응으로 신뢰를 쌓을 수 있는 하루입니다. 단, 지나치게 계산적으로 보이지 않도록 진심 어린 태도를 함께 갖추는 것이 중요합니다."
쥐띠,직장운,"업무 성과를 인정받고 싶다는 마음이 어느 때보다 강하게 드는 날입니다. 쥐띠는 재치와 순발력을 바탕으로 적절한 타이밍에 자신의 성과를 드러내는 데 능하므로, 오늘은 그 강점을 발휘하여 자신의 기여를 명확히 전달하시기 바랍니다. 조용히 묻혀 있기보다는 적극적으로 존재감을 나타내는 것이 유리합니다."
쥐띠,직장운,"커리어의 방향에 대해 진지하게 고민하게 되는 흐름이 찾아옵니다. 쥐띠는 정보를 분석하고 미래를 계산하는 능력이 뛰어나므로, 지금의 고민을 막연한 불안으로 두지 말고 구체적인 계획으로 전환하는 데 집중하시기 바랍니다. 오늘 내린 작은 결단이 이후의 커리어에 의미 있는 전환점이 될 수 있습니다."
쥐띠,건강운,"머릿속이 쉴 새 없이 돌아가는 탓에 몸보다 마음이 먼저 지쳐 있을 수 있습니다. 오늘은 정보를 수집하고 분석하려는 습관을 잠시 내려놓고, 생각의 흐름을 의도적으로 멈추는 시간을 마련하시기 바랍니다. 뇌의 과부하가 신체 피로로 이어지기 전에 짧은 휴식을 반복적으로 배치하는 것이 효과적입니다."
쥐띠,건강운,"평소보다 예민하게 주변 상황을 감지하고 있다면, 그 민감함이 오늘은 오히려 몸의 신호를 놓치게 만들 수 있습니다. 외부 자극에 반응하느라 정작 자신의 피로와 긴장을 인지하지 못하는 경우가 생깁니다. 몸 안쪽에 집중하는 짧은 명상이나 호흡 조절이 오늘의 건강을 지키는 실질적인 방법이 됩니다."
쥐띠,건강운,"빠른 판단력과 순발력이 강점이지만, 오늘은 그 에너지를 무리하게 소모하지 않도록 주의하시기 바랍니다. 여러 일을 동시에 처리하려는 경향이 신체 에너지를 예상보다 빠르게 고갈시킬 수 있습니다. 우선순위를 계산하듯 정리하고, 체력 배분에도 같은 방식을 적용하시기 바랍니다."
쥐띠,건강운,"촉각처럼 날카로운 상황 감지 능력이 오늘은 스트레스 축적으로 연결될 수 있습니다. 주변의 변화와 사람들의 반응을 빠르게 읽어내는 만큼, 그 긴장이 어깨와 목에 고스란히 쌓이기 쉽습니다. 저녁에는 따뜻한 물로 긴장된 근육을 풀어주는 루틴을 실천하시기 바랍니다."
쥐띠,건강운,오늘은 무언가를 성취하려는 의욕이 앞서 수면과 식사를 뒷전으로 미루는 상황이 발생할 수 있습니다. 기민한 두뇌가 제 역할을 하려면 기본적인 신체 조건이 뒷받침되어야 한다는 사실을 잊지 않으시기 바랍니다. 규칙적인 식사 시간을 지키는 것이 오늘의 컨디션을 유지하는 가장 현명한 선택이 됩니다.
쥐띠,대인운,"주변 사람들과의 관계에서 미묘한 긴장감이 느껴지는 하루입니다. 쥐띠 특유의 예리한 감각으로 상대방의 말 이면에 담긴 의도를 먼저 파악하되, 섣불리 반응하기보다는 한 박자 여유를 두고 대화를 이어가시기 바랍니다. 신중한 언어 선택이 관계를 더욱 단단하게 만들어 줍니다."
쥐띠,대인운,"오늘은 오랫동안 소원했던 인연이 다시 연결되는 흐름이 감지됩니다. 빠른 판단력과 재치 있는 화법이 빛을 발하는 때이므로, 먼저 연락을 건네는 용기가 뜻밖의 좋은 결과로 이어질 수 있습니다. 작은 메시지 하나가 관계의 물꼬를 트는 계기가 됩니다."
쥐띠,대인운,"말 한마디에 과도하게 의미를 부여하여 혼자 앞서 걱정하고 있지는 않으신지 돌아보시기 바랍니다. 쥐띠 특유의 정보 수집 본능이 오늘은 오히려 불필요한 오해를 만들 수 있으니, 상대에게 직접 의사를 확인하는 것이 가장 현명한 방법입니다."
쥐띠,대인운,"여러 사람이 모이는 자리에서 쥐띠 특유의 임기응변 능력이 빛을 발하는 하루입니다. 분위기를 읽고 적절한 말로 좌중을 이끄는 역할이 자연스럽게 주어지며, 이를 통해 주변의 신뢰를 한층 더 쌓을 수 있습니다. 계산적으로 보이지 않도록 진정성 있는 태도를 함께 갖추시기 바랍니다."
쥐띠,대인운,"가까운 사람으로부터 솔직한 조언을 듣게 되는 하루가 될 수 있습니다. 순간적으로 자존심이 상할 수 있으나, 쥐띠의 영리함으로 그 말 속에 담긴 진심을 헤아린다면 관계가 한 단계 더 깊어지는 전환점이 됩니다. 열린 귀가 오늘의 가장 큰 자산입니다."
쥐띠,행동운,"머릿속에 여러 생각이 얽혀 정리가 되지 않는다고 느끼실 수 있습니다. 오늘은 생각을 행동으로 옮기기 전, 핵심 정보를 먼저 간추리는 시간을 가지시기 바랍니다. 쥐띠 특유의 정보 수집 능력을 활용하여 불필요한 변수를 미리 제거하면, 움직임 하나하나가 훨씬 정확해질 것입니다."
쥐띠,행동운,오늘은 여러 선택지 앞에서 결단을 내려야 하는 순간이 찾아올 수 있습니다. 즉각적인 판단보다는 각 선택지의 득실을 빠르게 따져보는 쥐띠의 계산적 사고를 십분 발휘하시기 바랍니다. 순간의 재치로 내린 결정이 오늘 하루의 흐름을 바꾸는 열쇠가 될 수 있습니다.
쥐띠,행동운,"지금 진행 중인 일에서 예상치 못한 변수가 발생할 수 있습니다. 당황하지 마시고, 기민하게 상황을 재파악한 뒤 즉시 대안을 마련하시기 바랍니다. 쥐띠는 본래 임기응변에 강한 기질을 타고났으므로, 흔들리기보다 빠르게 재정비하는 행동이 오늘의 정답입니다."
쥐띠,행동운,"오늘은 먼저 나서기보다 상대의 말을 충분히 경청하는 행동이 유리합니다. 쥐띠의 예리한 관찰력으로 상대의 의도를 파악한 뒤, 적절한 타이밍에 한마디를 건네시기 바랍니다. 말의 양보다 정확성이 오늘의 신뢰를 결정짓는 요소가 될 것입니다."
쥐띠,행동운,"오늘은 미루어 두었던 연락이나 확인 작업을 직접 실행에 옮기시기 바랍니다. 작은 정보 하나가 큰 기회로 이어질 수 있으며, 쥐띠의 발 빠른 행동력이 빛을 발하는 하루입니다. 주저하지 말고 먼저 손을 내미는 쪽이 오늘만큼은 더 유리한 위치를 선점하게 될 것입니다."
소띠,총운,애써 쌓아온 노력이 좀처럼 빛을 발하지 못하는 것 같아 답답함을 느끼실 수 있습니다. 그러나 오늘은 그 묵묵한 성실함이 주변 사람들의 눈에 뚜렷하게 들어오는 날입니다. 조급함을 내려놓고 지금의 자리를 지키는 것만으로도 충분한 하루가 됩니다.
소띠,총운,"오늘은 예상치 못한 변수가 하루의 흐름을 흔들 수 있는 날입니다. 본래 변화에 적응하는 것이 쉽지 않으시겠으나, 원칙을 지키며 한 걸음씩 나아가는 소띠 특유의 우직함이 오히려 강점이 됩니다. 흔들리지 않는 태도가 신뢰를 만들어낼 것입니다."
소띠,총운,하루를 시작하면서 해야 할 일이 너무 많아 부담을 느끼실 수 있습니다. 모든 것을 한꺼번에 처리하려 하기보다 우선순위를 정하고 차근차근 해결해 나가시기 바랍니다. 끈기 있게 완수하는 소띠의 기질이 오늘 하루를 탄탄하게 완성시켜 드릴 것입니다.
소띠,총운,오늘은 새로운 방식이나 낯선 제안을 접하게 될 가능성이 있습니다. 평소보다 조금 더 열린 마음으로 받아들이려는 노력이 필요한 날입니다. 근면하고 성실한 바탕 위에 유연함이 더해진다면 예상보다 좋은 결과로 이어질 수 있습니다.
소띠,총운,오늘의 에너지는 화려함보다 안정과 내실에 있습니다. 겉으로 드러나는 성과보다는 보이지 않는 곳에서 쌓이는 신뢰와 실력이 빛을 발하는 하루입니다. 인내심 있게 자신의 역할에 충실하시다 보면 머지않아 그 가치가 분명히 인정받게 될 것입니다.
소띠,애정운,"마음속에 품어온 감정을 좀처럼 꺼내지 못해 답답함을 느끼고 계실 것입니다. 소띠 특유의 묵직한 성실함은 상대에게 신뢰를 주지만, 오늘만큼은 그 마음을 말로 전하는 용기가 필요합니다. 작은 한마디가 관계의 물꼬를 트는 계기가 될 것입니다."
소띠,애정운,"가까운 사람과의 관계에서 오해가 쌓여 무거운 마음이 드실 수 있습니다. 소띠는 인내심이 강한 만큼 혼자 감내하는 경향이 있으나, 오늘은 그 짐을 내려놓고 솔직하게 대화를 청하는 것이 현명한 선택입니다. 진심은 반드시 상대에게 닿을 것입니다."
소띠,애정운,오랫동안 한결같이 곁을 지켜온 사람의 소중함을 새삼 느끼게 되는 하루입니다. 소띠의 우직한 마음은 관계를 오래도록 단단하게 유지하는 힘이 됩니다. 오늘은 그 고마움을 작은 행동으로 표현해 보시기 바랍니다.
소띠,애정운,"혼자서 모든 것을 감당하려다 지쳐가고 있음을 느끼실 수 있습니다. 소띠는 근면함과 끈기로 버텨나가지만, 애정 관계에서는 상대에게 기대는 것도 신뢰의 표현이 됩니다. 약함을 보이는 것이 오히려 두 사람 사이를 더욱 가깝게 만드는 계기가 될 것입니다."
소띠,애정운,상대의 방식이 나와 달라 답답함을 느끼는 순간이 찾아올 수 있습니다. 소띠는 자신만의 방식에 충실한 만큼 상대의 다른 리듬을 받아들이는 데 시간이 걸릴 수 있습니다. 오늘은 조금 더 유연한 시선으로 상대를 바라보려 노력하시면 관계에 따뜻한 변화가 생길 것입니다.
소띠,금전운,오늘은 지출이 예상보다 늘어나 마음이 무거울 수 있습니다. 소띠 특유의 신중함을 발휘하여 충동적인 소비를 자제하는 것이 현명합니다. 작은 절약이 쌓여 든든한 재정의 기반이 됩니다.
소띠,금전운,꾸준히 노력해온 결과가 수입으로 이어지는 흐름이 감지됩니다. 소띠의 근면한 성품이 오늘 금전적인 결실로 돌아올 가능성이 있습니다. 작은 성과라도 가볍게 여기지 말고 소중히 여기시기 바랍니다.
소띠,금전운,"투자나 재테크에 관심이 생기는 하루이지만, 섣불리 결정하기보다는 충분한 검토가 필요합니다. 소띠는 한번 결정하면 쉽게 바꾸지 않는 우직함이 있으므로, 신중하게 판단한 후 행동에 옮기는 것이 손실을 줄이는 길입니다."
소띠,금전운,예상치 못한 지출 요청이 주변에서 들어올 수 있으니 미리 대비하시기 바랍니다. 소띠의 인내심 깊은 성품 덕분에 어려운 상황에서도 흔들리지 않고 재정을 지킬 수 있습니다. 감정에 이끌린 금전 거래는 오늘만큼은 피하는 것이 좋습니다.
소띠,금전운,묵묵히 반복해온 저축 습관이 오늘 빛을 발하는 하루입니다. 화려한 수익보다 안정적인 흐름을 추구하는 소띠의 성향이 오늘의 금전운과 잘 맞아떨어집니다. 새로운 수입원보다는 기존 자산을 단단히 지키는 방향으로 집중하시기 바랍니다.
소띠,직장운,묵묵히 맡은 바를 다해온 노력이 오늘은 유독 빛을 발하는 하루입니다. 상사나 동료의 눈에 평소 성실함이 닿아 긍정적인 평가로 이어질 가능성이 높습니다. 조용히 실력을 쌓아온 시간이 결코 헛되지 않았음을 확인하게 됩니다.
소띠,직장운,오늘은 업무의 흐름이 다소 버겁게 느껴지더라도 끝까지 자리를 지키는 자세가 중요합니다. 소띠 특유의 인내심을 발휘하여 한 걸음씩 차근차근 나아간다면 마감 기한 안에 성과를 마무리할 수 있습니다. 서두르기보다 꼼꼼함을 앞세우는 것이 오늘의 전략입니다.
소띠,직장운,"새로운 방식이나 절차 변경 앞에서 다소 불편함이 생길 수 있는 하루입니다. 익숙한 방식을 고수하고 싶은 마음이 드는 것은 자연스러운 일이나, 오늘만큼은 유연하게 받아들이는 자세가 더 나은 결과를 만들어 줍니다. 작은 변화에 마음을 열면 새로운 기회가 따라옵니다."
소띠,직장운,맡은 업무를 향한 책임감이 오늘 주변의 신뢰를 한층 끌어올리는 계기가 됩니다. 화려하게 나서지 않아도 우직하게 자리를 지키는 모습 자체가 조직 안에서 든든한 존재감을 만들어 냅니다. 소띠의 근면함이 오늘의 가장 강력한 무기입니다.
소띠,직장운,"오랫동안 공들여 온 프로젝트나 업무가 오늘 중요한 분기점에 다다를 수 있습니다. 지금까지 쌓아온 끈기와 성실함이 결실을 맺는 시점에 가까워졌으므로, 마지막 순간까지 집중력을 놓지 않는 것이 중요합니다. 조금만 더 버티면 원하는 결과에 닿을 수 있습니다."
소띠,건강운,"묵묵히 버텨온 시간만큼 몸이 보내는 신호를 놓치기 쉬운 날입니다. 소띠 특유의 인내심이 때로는 피로를 쌓이게 만드는 원인이 될 수 있으니, 오늘은 작은 불편함도 그냥 넘기지 마시기 바랍니다. 자신의 한계를 인정하는 것도 건강을 지키는 중요한 용기입니다."
소띠,건강운,끊임없이 성실하게 움직여온 탓에 에너지가 바닥을 드러낼 수 있는 날입니다. 무리하게 일정을 이어가기보다는 짧은 휴식을 의식적으로 배치하는 것이 도움이 됩니다. 오늘 하루만큼은 근면함보다 회복을 우선순위에 두시기 바랍니다.
소띠,건강운,"해야 할 일을 끝까지 마무리하려는 우직한 성품이 오늘은 신체에 부담으로 작용할 수 있습니다. 어깨와 목 주변의 긴장이 쌓이기 쉬운 흐름이므로, 틈틈이 스트레칭으로 근육의 긴장을 풀어주시기 바랍니다. 몸의 경직은 마음의 경직으로 이어질 수 있음을 기억하시기 바랍니다."
소띠,건강운,오늘은 정신적인 피로감이 신체 곳곳에 영향을 미칠 수 있는 날입니다. 한 가지 방식에 고집하기보다 가볍게 루틴을 바꾸어보는 것이 활력 회복에 효과적입니다. 익숙한 것을 내려놓는 유연함이 오늘의 건강을 지키는 열쇠가 됩니다.
소띠,건강운,오랜 시간 쌓아온 피로가 면역력 저하로 이어질 수 있는 흐름이 감지됩니다. 소띠의 강한 끈기가 몸의 이상 신호마저 참고 넘기게 만들 수 있으니 주의가 필요합니다. 오늘은 충분한 수분 섭취와 수면을 통해 몸이 스스로 회복할 수 있는 여건을 만들어주시기 바랍니다.
소띠,대인운,"묵묵히 맡은 바를 다해왔지만, 오늘은 그 성실함이 주변 사람들에게 온전히 전달되기 어려운 흐름입니다. 말보다 행동으로 보여주려는 소띠의 성향이 오히려 오해를 낳을 수 있으니, 평소보다 조금 더 적극적으로 마음을 표현하시기 바랍니다."
소띠,대인운,"오늘은 오래 알고 지낸 지인과의 관계에서 작은 균열이 생길 수 있는 날입니다. 자신의 방식을 고수하는 우직함이 상대에게 완고함으로 비칠 수 있으므로, 상대의 의견을 먼저 충분히 경청하는 자세가 필요합니다."
소띠,대인운,혼자 끙끙 앓으며 참아온 시간이 길었을 것입니다. 오늘은 신뢰할 수 있는 가까운 사람에게 솔직하게 속마음을 털어놓는 것이 관계를 더욱 단단하게 만드는 계기가 됩니다.
소띠,대인운,"새로운 인연이 생길 수 있는 흐름이지만, 처음 보는 자리에서 쉽게 마음을 열지 못하는 소띠의 특성상 다소 어색한 분위기가 연출될 수 있습니다. 억지로 맞추려 하기보다 본래의 진중하고 성실한 모습을 그대로 보여주시기 바랍니다."
소띠,대인운,"협력이 필요한 상황에서 상대와 보조를 맞추는 일이 쉽지 않게 느껴지는 날입니다. 자신의 페이스를 지키는 것도 중요하지만, 오늘만큼은 상대의 속도에 맞춰 유연하게 움직이는 노력이 관계의 조화를 이루는 데 큰 도움이 됩니다."
소띠,행동운,오늘은 미뤄두었던 일을 더 이상 뒤로 미루기 어려운 시점에 놓여 있습니다. 소띠 특유의 성실함을 발휘하여 가장 먼저 해야 할 일부터 순서대로 실행에 옮기시기 바랍니다. 작은 것 하나씩 완수해 나가는 것이 오늘의 가장 올바른 행동 방침입니다.
소띠,행동운,"주변의 변화에 다소 적응이 더디게 느껴지더라도 조급해할 필요는 없습니다. 오늘은 자신의 페이스를 지키며 꾸준히 나아가는 것이 결과적으로 더 나은 성과를 만들어 냅니다. 소띠의 우직한 끈기가 빛을 발하는 하루이므로, 흔들림 없이 본래의 계획을 실천하시기 바랍니다."
소띠,행동운,"오늘은 중요한 결정을 앞두고 망설임이 생길 수 있습니다. 소띠는 신중하고 근면한 성품을 지니고 있으므로, 충분히 검토한 사안이라면 과감하게 실행으로 옮기는 것이 현명합니다. 결정을 계속 보류하는 것보다 지금 행동하는 것이 더 좋은 결과를 가져올 수 있습니다."
소띠,행동운,"타인의 의견이 자신의 생각과 다를 때 갈등이 생기기 쉬운 하루입니다. 소띠의 특성상 자신의 방식에 확신이 강한 편이나, 오늘만큼은 상대방의 제안을 한 번 더 귀 기울여 살펴보시기 바랍니다. 작은 유연함이 관계와 일 모두에서 뜻밖의 돌파구가 될 수 있습니다."
소띠,행동운,"오늘은 체력과 집중력이 평소보다 잘 갖춰진 날입니다. 소띠 특유의 인내심과 근면함을 바탕으로, 평소 꾸준히 준비해 온 일을 본격적으로 추진하기에 적합한 시점입니다. 스스로 정한 원칙을 지키며 묵묵히 실행해 나간다면 오늘의 노력이 탄탄한 토대가 될 것입니다."
호랑이띠,총운,"오늘은 내면에서 강한 의지와 에너지가 솟구치는 날입니다. 호랑이띠 특유의 추진력이 빛을 발하며, 오랫동안 미뤄두었던 일을 과감히 시작하기에 적합한 흐름이 형성됩니다. 다만 성급한 판단은 뜻밖의 장애물을 불러올 수 있으니, 결단 전 잠시 호흡을 고르는 여유가 필요합니다."
호랑이띠,총운,"평소보다 자신감이 넘치고 주변의 시선이 자연스럽게 집중되는 하루입니다. 타고난 카리스마가 대인관계에서 긍정적인 영향력을 발휘하며, 중요한 제안이나 협상 자리에서 유리한 위치를 점할 수 있습니다. 단, 지나친 자존심이 소통의 걸림돌이 되지 않도록 유의하시기 바랍니다."
호랑이띠,총운,오늘의 흐름은 독립적인 판단과 행동이 빛을 발하는 방향으로 전개됩니다. 호랑이띠 특유의 결단력이 복잡한 상황을 단번에 정리하는 힘이 되어줄 것입니다. 다만 혼자 모든 것을 해결하려는 성향이 지나쳐 주변의 도움을 외면하지 않도록 균형을 유지하는 것이 중요합니다.
호랑이띠,총운,"무언가 뜻대로 풀리지 않아 답답함을 느끼고 계신다면, 오늘은 그 답답함이 전환점이 되는 날임을 기억하시기 바랍니다. 강한 의지로 현재의 흐름을 정면으로 돌파하려는 시도가 예상치 못한 기회를 열어줄 것입니다. 용맹함을 앞세우되 주변 상황을 면밀히 살피는 지혜가 함께한다면 더욱 큰 성과를 거둘 수 있습니다."
호랑이띠,총운,"오늘은 새로운 목표를 향해 첫발을 내딛기에 좋은 기운이 감돌고 있습니다. 호랑이띠 특유의 강한 독립심이 스스로의 길을 개척하는 원동력이 되어줄 것입니다. 그러나 속도를 지나치게 높이다 보면 중요한 세부 사항을 놓칠 수 있으니, 힘차게 나아가되 한 박자 여유를 갖는 자세가 오늘의 핵심이 됩니다."
호랑이띠,애정운,"마음속 깊이 품어온 감정을 표현하고 싶으나 자존심이 앞서 망설여지는 하루입니다. 호랑이띠 특유의 카리스마는 상대에게 깊은 인상을 남기지만, 오늘은 그 강한 기운을 잠시 내려놓고 먼저 손을 내미는 용기가 관계의 전환점이 될 것입니다."
호랑이띠,애정운,"혼자서도 충분히 강한 분이지만, 오늘은 누군가에게 기대고 싶은 마음이 드실 수 있습니다. 독립심이 강한 만큼 의지하는 것을 어색하게 여기실 수 있으나, 솔직한 마음을 전하는 것이 오히려 상대의 마음을 더욱 가깝게 이어주는 계기가 됩니다."
호랑이띠,애정운,"빠른 결단력으로 관계를 이끌어온 호랑이띠에게 오늘은 속도를 늦추는 것이 필요한 날입니다. 상대방의 페이스를 존중하며 천천히 귀를 기울일 때, 그동안 놓쳐온 소중한 감정의 신호를 발견하실 수 있을 것입니다."
호랑이띠,애정운,"강한 추진력으로 원하는 것을 향해 나아가는 것이 호랑이띠의 본능이지만, 오늘 애정 관계에서는 성급한 판단이 오해를 불러올 수 있습니다. 잠시 멈추어 상대의 입장에서 상황을 바라보는 여유를 갖는 것이 관계를 더욱 단단하게 만들어줄 것입니다."
호랑이띠,애정운,"오늘은 오랫동안 소식이 끊겼던 인연으로부터 뜻밖의 연락이 닿을 수 있는 흐름입니다. 호랑이띠 특유의 결단력으로 그 인연을 다시 이어갈지 여부를 판단하시되, 과거의 감정보다는 현재의 마음을 기준으로 삼으시는 것이 바람직합니다."
호랑이띠,금전운,"오늘은 지출이 예상보다 빠르게 늘어나 당혹스러움을 느끼실 수 있습니다. 호랑이띠 특유의 결단력이 소비 장면에서 지나치게 발휘되어 충동적인 지출로 이어질 수 있으니, 구매 전 한 번 더 숨을 고르시는 것이 현명합니다. 멈추는 용기도 추진력의 일부임을 기억하시기 바랍니다."
호랑이띠,금전운,"수입과 지출의 균형이 미묘하게 흔들리는 하루가 될 수 있습니다. 강한 독립심으로 혼자 결정을 내리려는 성향이 있으나, 오늘만큼은 재정 관련 사안을 신뢰할 수 있는 이와 함께 검토하시는 것이 유리합니다. 카리스마는 혼자 빛날 때보다 올바른 선택 위에서 더욱 빛납니다."
호랑이띠,금전운,"뜻밖의 수입 기회가 눈앞에 나타날 수 있으나, 섣불리 뛰어드는 것은 금물입니다. 호랑이띠의 성급함이 검증되지 않은 제안에 먼저 손을 내밀게 만들 수 있으므로, 조건을 꼼꼼히 살핀 뒤 움직이시기 바랍니다. 진짜 기회는 천천히 확인해도 사라지지 않습니다."
호랑이띠,금전운,"오늘은 투자보다 지키는 것에 집중하시는 날입니다. 호랑이띠의 강한 자존심이 손실을 인정하지 못하게 하여 추가적인 리스크를 감수하게 만들 수 있으니, 현재 자산을 안정적으로 유지하는 선택이 장기적으로 더 현명한 결단이 됩니다."
호랑이띠,금전운,"금전 문제에서 타인에게 주도권을 내어주는 상황이 불편하게 느껴지실 수 있습니다. 호랑이띠의 독립심이 도움을 거절하게 만들 수 있으나, 오늘은 전문가의 조언을 수용하는 것이 실질적인 이익으로 연결됩니다. 자존심을 지키는 것과 현명한 선택을 하는 것은 결코 상반되지 않습니다."
호랑이띠,직장운,"오늘은 맡은 업무의 무게가 유독 크게 느껴지는 하루입니다. 호랑이띠 특유의 강한 추진력을 믿고 한 걸음씩 나아가다 보면, 어느새 성과가 눈앞에 펼쳐지는 것을 확인하게 됩니다. 단, 성급하게 결론을 내리기보다 충분한 검토 후 행동하는 것이 오늘의 핵심입니다."
호랑이띠,직장운,"주변의 느린 업무 속도에 답답함을 느끼는 하루가 될 수 있습니다. 호랑이띠의 카리스마와 결단력은 분명 강점이지만, 오늘만큼은 동료의 속도를 맞추는 여유가 더 큰 성과를 불러옵니다. 혼자 앞서가는 것보다 함께 완성하는 방식이 직장 내 신뢰를 높이는 데 유리합니다."
호랑이띠,직장운,"오랫동안 노력해온 프로젝트에서 드디어 성과가 드러나는 흐름이 보입니다. 호랑이띠의 강한 독립심과 추진력이 빛을 발하는 시기이므로, 자신의 역량을 자신 있게 표현하는 것이 좋습니다. 다만 자존심이 앞서 타인의 공을 간과하지 않도록 주의하시기 바랍니다."
호랑이띠,직장운,"커리어의 방향에 대해 진지하게 고민하는 하루가 될 것입니다. 호랑이띠는 선천적으로 자신만의 길을 개척하는 힘이 있으며, 오늘의 고민이 앞으로의 도약을 위한 중요한 출발점이 됩니다. 섣불리 결정을 서두르기보다 충분히 내면의 목소리에 귀를 기울이는 시간이 필요합니다."
호랑이띠,직장운,"상사나 동료와의 의견 충돌이 발생할 가능성이 있는 하루입니다. 호랑이띠의 강한 자존심이 갈등을 키울 수 있으므로, 옳고 그름보다 관계와 결과를 먼저 생각하는 자세가 요구됩니다. 한 발 물러서는 결단이 오히려 더 큰 신뢰와 기회를 가져다줄 수 있습니다."
호랑이띠,건강운,강한 추진력으로 앞만 보며 달려온 탓에 몸이 보내는 신호를 놓치기 쉬운 시기입니다. 오늘은 잠시 속도를 늦추고 자신의 체력 상태를 점검하는 시간을 가지시기 바랍니다. 무리한 일정보다는 충분한 휴식이 더 큰 힘이 됩니다.
호랑이띠,건강운,자존심 강한 호랑이띠 특성상 피곤함을 내색하지 않고 버티는 경우가 많습니다. 그러나 오늘은 몸의 피로가 쌓여 있을 수 있으니 무리하게 에너지를 소진하지 않도록 주의하시기 바랍니다. 작은 회복이 큰 건강을 지키는 기반이 됩니다.
호랑이띠,건강운,"결단력과 카리스마로 주변을 이끌어 온 당신이지만, 정신적 긴장이 지속되면 건강에 영향을 미칠 수 있습니다. 오늘은 마음을 비우는 시간을 의식적으로 마련하시기 바랍니다. 깊은 호흡이나 짧은 산책만으로도 정신 에너지가 회복됩니다."
호랑이띠,건강운,독립심이 강한 호랑이띠는 혼자서 모든 것을 해결하려다 에너지를 과도하게 소모하는 경향이 있습니다. 오늘은 무엇이든 완벽하게 해내려는 욕심을 내려놓고 몸이 원하는 만큼의 휴식을 허락하시기 바랍니다. 진정한 강함은 회복에서 비롯됩니다.
호랑이띠,건강운,성급한 기질로 인해 식사나 수면을 소홀히 하기 쉬운 날입니다. 오늘은 규칙적인 식습관과 충분한 수면을 최우선으로 두시기 바랍니다. 몸의 기본을 지키는 것이 호랑이띠 특유의 강한 에너지를 오래 유지하는 가장 확실한 방법입니다.
호랑이띠,대인운,"주변의 기대와 시선이 부담스럽게 느껴지는 하루일 수 있습니다. 호랑이띠 특유의 카리스마가 오늘은 오히려 타인과의 거리를 만들 수 있으니, 의도적으로 목소리를 낮추고 상대의 말에 귀를 기울이는 자세가 필요합니다."
호랑이띠,대인운,"뜻대로 되지 않는 상황에서 성급함이 앞서기 쉬운 날입니다. 강한 추진력이 장점이지만, 오늘만큼은 결론을 서두르지 않는 것이 대인 관계에서 더 좋은 결과를 가져다줄 것입니다."
호랑이띠,대인운,"오랫동안 소원했던 인물과 다시 연결될 수 있는 흐름이 감지됩니다. 높은 자존심이 먼저 연락하는 것을 망설이게 할 수 있으나, 용기 있는 한 걸음이 예상보다 훨씬 따뜻한 반응으로 돌아올 것입니다."
호랑이띠,대인운,"독립심이 강한 호랑이띠에게 협력을 요청받는 상황이 생길 수 있습니다. 혼자 해결하려는 습관을 잠시 내려놓고 상대의 제안을 열린 마음으로 수용한다면, 관계의 깊이가 한층 더해지는 계기가 될 것입니다."
호랑이띠,대인운,"자신의 의견이 받아들여지지 않아 답답함을 느낄 수 있는 날입니다. 결단력 있는 호랑이띠의 판단이 옳을지라도 표현 방식에 따라 설득력이 달라지니, 단호함보다는 차분한 논리로 상대를 이끄는 것이 현명한 선택입니다."
호랑이띠,행동운,"마음속에 오래 담아두었던 결정을 더 이상 미루기 어려운 상황임을 느끼고 계실 것입니다. 오늘은 호랑이띠 특유의 결단력을 발휘하여 그 결정을 실행에 옮기시기 바랍니다. 단, 성급하게 모든 것을 한꺼번에 처리하려 하기보다 가장 중요한 한 가지에 먼저 집중하는 것이 현명합니다."
호랑이띠,행동운,"오늘따라 주변의 간섭이나 조언이 유난히 거슬리게 느껴지실 수 있습니다. 강한 독립심을 가진 호랑이띠에게는 자연스러운 감정이지만, 지금 이 순간만큼은 신뢰할 수 있는 한 사람의 의견을 경청한 뒤 행동에 나서시기 바랍니다. 혼자 짊어지지 않아도 되는 짐이 있다는 사실을 기억하시기 바랍니다."
호랑이띠,행동운,"그동안 준비해온 일을 본격적으로 추진할 때가 되었음을 직감하고 계실 것입니다. 호랑이띠의 강한 추진력은 오늘 가장 큰 무기가 될 수 있으며, 망설임 없이 첫 발을 내딛는 것이 중요합니다. 다만 자존심이 앞서 협력이 필요한 상황에서 혼자 해결하려는 태도는 삼가시기 바랍니다."
호랑이띠,행동운,"오늘은 중요한 자리에서 본인의 의견을 명확하게 표현해야 할 순간이 찾아올 것입니다. 카리스마 넘치는 호랑이띠답게 자신감 있게 발언하되, 상대방이 충분히 수용할 수 있는 방식으로 전달하는 것이 관건입니다. 목소리의 크기보다 전달의 정확함이 오늘의 성과를 좌우하게 됩니다."
호랑이띠,행동운,"계획이 예상대로 진행되지 않아 답답함을 느끼고 계신다면, 그 감정 자체가 변화가 필요하다는 신호입니다. 지금 하고 있는 방식을 과감하게 수정하는 결단이 필요한 시점이며, 호랑이띠의 용맹함은 바로 이런 순간에 빛을 발합니다. 기존의 방식에 집착하지 말고 새로운 접근을 시도하는 행동이 돌파구를 열어줄 것입니다."
토끼띠,총운,오늘은 마음 한편에 묘한 설렘과 긴장감이 공존하는 하루가 될 것입니다. 토끼띠 특유의 섬세한 감각이 빛을 발하며 주변의 미묘한 변화를 남들보다 먼저 감지하게 됩니다. 이 예민한 감수성을 기회 삼아 한 발 앞서 움직이시기 바랍니다.
토끼띠,총운,"평화로운 흐름 속에서도 결정을 미루는 습관이 오늘의 발목을 잡을 수 있습니다. 토끼띠의 온화한 성품은 분명 강점이지만, 중요한 선택 앞에서는 과감한 결단이 필요한 날입니다. 오래 고민하기보다 직관을 믿고 실행에 옮기는 것이 바람직합니다."
토끼띠,총운,"오늘은 사람과 사람 사이를 잇는 가교 역할이 자연스럽게 주어지는 날입니다. 뛰어난 사교성과 배려심 덕분에 주변의 신뢰를 한층 두텁게 쌓을 수 있으며, 이 과정에서 뜻밖의 좋은 인연이 맺어지기도 합니다. 작은 친절이 큰 기회로 돌아오는 흐름임을 기억하시기 바랍니다."
토끼띠,총운,"전반적인 에너지가 차분하게 흐르는 하루인 만큼, 무리하게 속도를 높이기보다 현재의 리듬을 유지하는 것이 유리합니다. 토끼띠의 섬세함이 오늘은 오히려 든든한 무기가 되어, 타인이 놓친 디테일을 포착하는 기회가 찾아올 것입니다. 주변을 꼼꼼히 살피는 눈치가 빛나는 하루가 될 것입니다."
토끼띠,총운,"남을 배려하느라 정작 자신의 의견을 묻어두는 일이 반복되고 있지는 않은지 돌아볼 필요가 있는 날입니다. 오늘은 토끼띠의 우유부단한 면을 의식적으로 내려놓고, 자신의 목소리를 솔직하게 전달하는 것이 관계에서 더 좋은 결과를 이끌어 냅니다. 진심 어린 표현이 오늘의 가장 강력한 무기가 될 것입니다."
토끼띠,애정운,누군가에게 먼저 마음을 표현하고 싶지만 쉽사리 말이 나오지 않는 하루입니다. 토끼띠 특유의 섬세한 감수성이 오늘은 오히려 상대의 마음을 읽는 데 큰 힘이 됩니다. 말보다 작은 행동 하나가 관계를 한 걸음 더 가깝게 만들어 줄 것입니다.
토끼띠,애정운,오랫동안 마음속에 담아 두었던 감정을 꺼내기에 좋은 흐름이 형성됩니다. 평소 배려심이 깊은 만큼 상대방이 편안하게 느낄 수 있는 분위기를 자연스럽게 만들어 낼 수 있습니다. 지나친 눈치보다는 진심을 담은 한마디가 오늘의 인연을 단단하게 이어 줄 것입니다.
토끼띠,애정운,"주변 사람과의 관계에서 작은 오해가 생길 수 있는 기운이 감지됩니다. 온화한 성품으로 상황을 부드럽게 풀어가려는 노력이 빛을 발할 것이나, 지나치게 상대의 눈치를 살피다 정작 자신의 감정을 놓치지 않도록 주의하시기 바랍니다."
토끼띠,애정운,"평소 사교적인 면모 덕분에 새로운 인연이 자연스럽게 다가오는 하루가 될 것입니다. 가벼운 대화 속에서도 서로에 대한 호감이 쌓이는 흐름이 이어지니, 만남의 기회가 생긴다면 주저하지 말고 응하시기 바랍니다. 작은 인연이 뜻깊은 관계로 발전할 가능성이 충분합니다."
토끼띠,애정운,"가까운 관계에서 결정을 내려야 하는 순간이 찾아올 수 있습니다. 평화를 중시하는 성향 탓에 선택을 미루고 싶은 마음이 앞서겠지만, 오늘만큼은 자신의 감정을 먼저 헤아려 용기 있게 의사를 전달하는 것이 관계의 균형을 지키는 데 도움이 됩니다."
토끼띠,금전운,"요즘 지출이 늘어 마음이 무거우셨다면, 오늘은 잠시 숨을 고르기에 좋은 날입니다. 토끼띠 특유의 섬세한 감각이 빛을 발하여 불필요한 소비를 자연스럽게 걸러낼 수 있습니다. 충동적인 결정보다는 차분히 따져보는 습관이 오늘의 재정을 지켜줄 것입니다."
토끼띠,금전운,"주변의 권유나 분위기에 이끌려 지갑을 열게 되는 상황이 생길 수 있습니다. 사교성이 높은 토끼띠는 타인의 제안을 거절하기 어려운 편이므로, 오늘만큼은 '조금 더 생각해 보겠습니다'라는 한마디가 소중한 자산을 지키는 열쇠가 됩니다. 온화한 거절도 용기 있는 선택임을 기억하시기 바랍니다."
토끼띠,금전운,"기대했던 수입이 예상보다 늦어져 답답함을 느끼실 수 있습니다. 토끼띠의 배려 깊은 성품은 먼저 베풀고 나중에 받는 흐름을 만들기 쉬우므로, 오늘은 주고받는 균형을 한 번 점검해 보시기 바랍니다. 작은 정산 하나도 미루지 않는 것이 장기적인 금전 흐름을 안정시키는 데 도움이 됩니다."
토끼띠,금전운,"평소 꼼꼼히 살펴보던 투자 항목에서 오늘 뜻밖의 긍정적 신호가 감지됩니다. 다만 토끼띠 특유의 우유부단함이 결단의 시기를 놓치게 할 수 있으니, 충분히 검토한 사안이라면 과감하게 결정을 내리시기 바랍니다. 망설임이 길어질수록 기회는 조용히 멀어질 수 있습니다."
토끼띠,금전운,"오늘은 소비보다 저축의 흐름이 강하게 작용하는 날입니다. 토끼띠의 섬세한 눈치로 시장의 분위기를 읽으면 현명한 절약 포인트가 자연스럽게 눈에 들어올 것입니다. 작은 금액이라도 차곡차곡 모으는 습관이 오늘의 운기와 잘 맞아 떨어지니, 지출 기록을 정리해 보시기 바랍니다."
토끼띠,직장운,"직장에서 여러 사람의 기대를 동시에 충족시키려다 지친 하루가 이어지고 있을 것입니다. 오늘은 모두를 만족시키려는 마음을 잠시 내려놓고, 가장 중요한 업무 한 가지에 집중하는 것이 성과로 이어지는 길입니다."
토끼띠,직장운,"동료와의 관계에서 섬세한 배려가 빛을 발하는 날입니다. 작은 갈등의 조짐을 일찍 감지하고 부드럽게 조율하는 역할을 자처한다면, 팀 내에서 신뢰받는 존재로 자리매김할 수 있습니다."
토끼띠,직장운,업무 결정을 앞두고 쉽게 방향을 정하지 못해 답답함을 느끼고 있을 것입니다. 지나친 고민보다는 현재 가진 정보 안에서 최선의 선택을 내리는 과감함이 오늘의 직장운을 끌어올리는 열쇠가 됩니다.
토끼띠,직장운,평소 눈치가 빠른 덕분에 상사나 동료의 의중을 먼저 파악하는 능력이 오늘 특히 유용하게 작용합니다. 먼저 나서서 필요한 부분을 채워준다면 좋은 평가와 함께 커리어에 긍정적인 흐름이 만들어질 것입니다.
토끼띠,직장운,조용히 맡은 일을 성실히 해온 노력이 오늘 주변의 눈에 띄기 시작하는 흐름입니다. 사교적인 면모를 발휘하여 성과를 적극적으로 알리는 것을 주저하지 마시기 바랍니다. 드러내는 것 또한 역량의 일부임을 기억하시기 바랍니다.
토끼띠,건강운,"타인의 감정에 민감하게 반응하는 토끼띠 특성상, 오늘은 주변 사람들의 에너지에 영향을 받아 심신이 쉽게 피로해질 수 있습니다. 혼자만의 조용한 시간을 확보하여 내면을 정돈하는 것이 중요합니다."
토끼띠,건강운,"섬세한 감수성이 오늘은 신체 감각에도 예민하게 작용할 수 있으므로, 작은 불편함이라도 그냥 지나치지 말고 충분히 살피시기 바랍니다. 몸이 보내는 신호에 귀를 기울이는 것이 건강을 지키는 첫걸음이 됩니다."
토끼띠,건강운,"여러 사람의 부탁을 거절하지 못하고 에너지를 소진해온 날들이 쌓였다면, 오늘은 자신을 우선순위에 두는 연습이 필요합니다. 배려심이 깊은 만큼 스스로를 돌보는 시간도 반드시 마련하시기 바랍니다."
토끼띠,건강운,"평화를 중시하는 성격 탓에 갈등 상황에서 감정을 억누르는 경우가 많았다면, 오늘 그 긴장이 신체 증상으로 나타날 수 있습니다. 가벼운 스트레칭이나 심호흡으로 몸속에 쌓인 긴장을 조금씩 풀어주시기 바랍니다."
토끼띠,건강운,"온화한 기질 덕분에 주변과의 관계는 원만하지만, 정작 자신의 컨디션 관리에는 소홀해지기 쉬운 하루입니다. 오늘만큼은 타인의 시선보다 나의 몸 상태에 집중하여 충분한 수분과 휴식을 챙기시기 바랍니다."
토끼띠,대인운,"누군가와의 관계에서 말하지 못한 마음이 쌓여 있다면, 오늘은 그 무게를 조금 내려놓을 수 있는 날입니다. 상대의 감정을 세심하게 읽는 토끼띠 특유의 섬세함이 빛을 발하며, 오해가 있던 사이에서도 자연스러운 화해의 물꼬가 트일 수 있습니다. 먼저 다가가는 작은 용기가 관계를 한층 깊게 만들어 줄 것입니다."
토끼띠,대인운,"오늘은 주변 사람들이 유독 당신에게 마음을 열고 싶어 하는 흐름이 감지됩니다. 평소 조용히 상대를 배려해 온 당신의 태도가 신뢰로 쌓여 돌아오는 날이므로, 진솔한 대화의 자리를 마다하지 마시기 바랍니다. 작은 모임이나 가벼운 만남에서도 뜻깊은 인연이 더해질 수 있습니다."
토끼띠,대인운,여러 사람의 입장을 동시에 헤아리느라 정작 자신의 의견을 드러내지 못한 날들이 있었을 것입니다. 오늘은 지나친 배려보다 자신의 생각을 차분하고 명확하게 전달하는 것이 관계에 더 도움이 됩니다. 상대 역시 당신의 솔직한 말을 기다리고 있을 가능성이 높습니다.
토끼띠,대인운,평화를 중시하는 성품 덕분에 오늘 당신은 갈등이 있는 두 사람 사이에서 자연스러운 중재자 역할을 맡게 될 수 있습니다. 섣불리 한쪽 편을 드는 것보다 양쪽의 이야기를 고루 들어주는 방식이 모든 관계를 지키는 길이 됩니다. 당신의 온화한 존재 자체가 주변에 안정감을 주고 있음을 기억하시기 바랍니다.
토끼띠,대인운,"오랫동안 연락이 뜸했던 지인에게서 먼저 소식이 닿아오거나, 예상치 못한 만남이 성사될 수 있는 날입니다. 사교적인 흐름이 활발하게 열려 있으므로, 망설이던 연락이 있다면 오늘 실행에 옮기는 것이 좋습니다. 진심 어린 한 마디가 소원했던 관계를 다시 이어주는 다리가 될 것입니다."
토끼띠,행동운,오늘은 마음속에 담아두었던 말을 꺼낼 적절한 시점입니다. 토끼띠 특유의 섬세한 표현력을 발휘하여 상대방이 받아들이기 쉬운 방식으로 의견을 전달하시기 바랍니다. 부드럽게 건넨 한마디가 관계를 한층 단단하게 만드는 계기가 됩니다.
토끼띠,행동운,"결정을 미루어왔던 일이 있다면 오늘은 작은 첫걸음이라도 내딛는 것이 중요합니다. 완벽한 준비가 갖추어질 때까지 기다리기보다, 지금 할 수 있는 가장 작은 행동부터 실천하시기 바랍니다. 움직임 자체가 답을 만들어 줍니다."
토끼띠,행동운,"오늘은 혼자 모든 것을 해결하려 하지 말고 주변의 도움을 자연스럽게 받아들이시기 바랍니다. 배려심 깊은 토끼띠이지만, 때로는 도움을 요청하는 것이 관계를 더욱 풍요롭게 만드는 행동임을 기억하시기 바랍니다. 신뢰하는 사람에게 솔직하게 상황을 나누어 보시기 바랍니다."
토끼띠,행동운,"여러 선택지 앞에서 망설임이 길어지고 있다면, 오늘은 스스로에게 시간 제한을 두는 방식이 도움이 됩니다. 토끼띠의 뛰어난 눈치와 감각을 믿고, 가장 먼저 마음이 끌렸던 방향으로 결단을 내리시기 바랍니다. 직관은 이미 정답을 알고 있습니다."
토끼띠,행동운,"오늘은 불편함을 느꼈던 인간관계를 조용히 정리하는 행동이 필요합니다. 평화를 중시하는 성향 때문에 참아왔던 부분이 있다면, 부드럽지만 분명한 태도로 선을 긋는 것이 장기적으로 자신을 보호하는 길이 됩니다. 온화함과 단호함은 함께 존재할 수 있습니다."
용띠,총운,"오늘은 내면에서 강한 추진력이 솟구치는 하루입니다. 용띠 특유의 카리스마와 열정이 주변을 압도하는 기운이 형성되어 있으니, 그동안 망설였던 일을 과감히 시작하기에 좋은 날입니다. 단, 지나친 자신감이 독이 될 수 있으니 타인의 의견도 귀 기울여 듣는 자세가 필요합니다."
용띠,총운,크고 원대한 꿈을 품고 달려온 용띠에게 오늘은 그 노력이 빛을 발하는 시간입니다. 주변의 시선이 자연스럽게 집중되며 리더로서의 존재감이 부각되는 흐름이 형성됩니다. 다만 자존심이 앞서 불필요한 마찰이 생기지 않도록 감정을 조율하는 것이 중요합니다.
용띠,총운,평소 스스로의 기준이 높아 쉽게 만족하지 못했던 용띠에게 오늘은 작은 성과에도 의미를 찾는 하루가 됩니다. 지금까지 쌓아온 내공이 서서히 드러나는 흐름 속에서 새로운 기회의 문이 열릴 가능성이 있습니다. 성급하게 결과를 앞당기려 하기보다는 흐름을 차분히 따라가는 것이 유리합니다.
용띠,총운,강한 포부와 열정을 지닌 용띠에게 오늘은 그 에너지를 올바른 방향으로 집중하는 것이 핵심입니다. 여러 방면에서 동시에 성과를 내려는 욕심보다는 가장 중요한 한 가지에 역량을 쏟는 것이 더 큰 결실을 가져다줍니다. 선택과 집중이 오늘의 가장 중요한 전략임을 기억하시기 바랍니다.
용띠,총운,"오늘은 용띠의 카리스마와 추진력이 주변 사람들에게 긍정적인 영향을 미치는 하루입니다. 자신도 모르게 분위기를 이끄는 역할을 맡게 될 수 있으니, 그 자리에서 과시보다는 배려를 앞세우는 자세가 더욱 빛을 발합니다. 진정한 리더십은 강함이 아닌 따뜻함에서 완성된다는 것을 되새기시기 바랍니다."
용띠,애정운,"마음속 깊이 품어온 감정을 표현하지 못해 답답함을 느끼셨을 것입니다. 오늘은 용띠 특유의 당당한 카리스마가 빛을 발하는 날로, 솔직한 고백이나 진심 어린 표현이 상대방의 마음을 크게 움직일 수 있습니다. 자존심을 내려놓고 먼저 다가서는 용기가 새로운 관계의 문을 열어줄 것입니다."
용띠,애정운,"관계 속에서 자신의 열정이 상대에게 부담으로 느껴질까 걱정하셨을 것입니다. 용띠의 강한 리더십은 때로 상대를 압도할 수 있으므로, 오늘은 한 발 물러서 상대의 이야기에 귀 기울이는 자세가 애정운을 높이는 열쇠가 됩니다. 여유로운 모습이 오히려 더 큰 매력으로 작용할 것입니다."
용띠,애정운,"오랫동안 혼자 감정을 삭여온 탓에 지쳐있다고 느끼신다면, 오늘은 그 감정을 솔직히 꺼내놓을 적절한 시기입니다. 용띠의 뜨거운 열정과 포부는 진심을 전달하는 강력한 무기가 되며, 상대방은 그 진지함에 깊이 감동받을 것입니다."
용띠,애정운,"자신의 기준이 높은 탓에 마음에 드는 상대를 만나기 어렵다고 느끼셨을 것입니다. 오늘은 용띠 특유의 넓은 포부를 관계에도 적용하여, 완벽한 상대를 기다리기보다 현재 곁에 있는 사람의 진심을 바라보는 시각을 가져보시기 바랍니다. 작은 변화가 뜻밖의 인연으로 이어질 수 있습니다."
용띠,애정운,"연인과의 갈등으로 자존심이 상해 쉽게 먼저 손을 내밀지 못하고 계실 것입니다. 용띠의 강한 자존심은 소중한 관계를 멀어지게 하는 장벽이 될 수 있으므로, 오늘은 그 자존심을 사랑으로 승화시켜 화해의 첫걸음을 내딛는 것이 바람직합니다. 진심 어린 사과 한마디가 관계를 더욱 단단하게 만들어줄 것입니다."
용띠,금전운,큰 포부만큼 씀씀이도 커지는 날입니다. 용띠의 자신감이 불필요한 지출로 이어지지 않도록 오늘은 소비 전 한 번 더 멈춰 생각하시기 바랍니다. 과시보다 실속을 택하는 선택이 재물을 지켜줍니다.
용띠,금전운,오늘은 수입보다 지출이 앞서는 흐름이 감지됩니다. 용띠 특유의 카리스마로 주변을 이끌다 보면 식사나 모임 자리에서 지갑이 열릴 수 있으니 주의하시기 바랍니다. 베풂의 크기를 조절하는 것도 재물 관리의 지혜입니다.
용띠,금전운,"투자에 대한 확신이 강하게 느껴지는 하루입니다. 그러나 용띠의 열정이 지나치면 냉철한 판단을 흐릴 수 있으므로, 오늘은 결정을 서두르지 않고 자료를 충분히 검토하신 후 행동하시기 바랍니다."
용띠,금전운,"예상치 못한 소득의 기운이 감돌고 있습니다. 리더십을 발휘한 공로가 금전적 보상으로 이어질 가능성이 있으니, 그간 쌓아온 성과를 당당히 알리는 것을 두려워하지 마시기 바랍니다. 용띠의 자존심이 오늘은 든든한 자산이 됩니다."
용띠,금전운,재물운이 정체되어 답답함을 느끼실 수 있는 날입니다. 눈앞의 큰 수익보다 작은 절약부터 시작하는 것이 오늘의 올바른 방향입니다. 용띠의 큰 그림을 그리는 능력을 단기 욕심이 아닌 장기적 재무 계획에 집중하시기 바랍니다.
용띠,직장운,"오늘은 자신의 역량을 충분히 발휘하고 싶은 마음이 강하게 드는 날입니다. 용띠 특유의 카리스마와 추진력이 빛을 발할 수 있으므로, 중요한 안건이나 프레젠테이션이 있다면 적극적으로 나서는 것이 좋습니다. 자신감 있는 태도가 주변의 신뢰를 이끌어냅니다."
용띠,직장운,"그동안 묵묵히 준비해온 일이 오늘 드디어 성과로 이어질 가능성이 높습니다. 큰 포부를 품고 달려온 만큼, 그 노력이 상사나 동료에게 인정받는 흐름이 형성됩니다. 결과에 대한 자부심을 느낄 수 있는 하루가 될 것입니다."
용띠,직장운,"오늘은 팀 내에서 주도적인 역할을 맡게 되는 상황이 생길 수 있습니다. 타고난 리더십을 발휘하되, 동료의 의견도 함께 수렴하는 자세를 갖추는 것이 중요합니다. 혼자 빛나려는 욕심보다 함께 성과를 만드는 방향이 더 큰 신망을 가져다줍니다."
용띠,직장운,"직장 내에서 새로운 역할이나 책임이 주어질 수 있는 기운이 감지됩니다. 용띠의 열정과 실행력은 이러한 기회를 잡는 데 누구보다 유리한 강점이 됩니다. 다만, 지나친 자존심이 협력을 방해하지 않도록 유연함도 함께 갖추시기 바랍니다."
용띠,직장운,"오늘은 자신이 원하는 방향으로 업무를 이끌어가고 싶은 욕구가 커지는 날입니다. 그 에너지를 구체적인 기획이나 제안서 작성에 쏟는다면 탁월한 결과물이 나올 수 있습니다. 포부를 행동으로 옮기는 것이 오늘의 핵심이며, 실행력이 커리어의 전환점을 만들어줄 것입니다."
용띠,건강운,"넘치는 열정으로 무리하게 몸을 이끌어 온 것은 아닌지 점검이 필요한 시기입니다. 용띠 특유의 강인한 자신감이 피로 신호를 가리는 경우가 많으므로, 오늘만큼은 몸이 보내는 작은 경고에도 귀를 기울이시기 바랍니다. 충분한 수분 섭취와 짧은 휴식이 내일의 에너지를 지켜 줄 것입니다."
용띠,건강운,"강한 카리스마로 주변을 이끄는 용띠이지만, 오늘은 그 에너지가 내면으로 향할 필요가 있습니다. 정신적 긴장이 누적되면 신체 면역력에도 직접적인 영향을 미치므로, 혼자만의 조용한 시간을 확보하여 마음의 균형을 되찾으시기 바랍니다. 깊은 호흡과 명상이 큰 도움이 될 것입니다."
용띠,건강운,포부가 크고 목표 지향적인 용띠에게 오늘은 과도한 업무 집중이 신체 리듬을 흔들 수 있는 날입니다. 식사를 거르거나 수면을 희생하는 방식으로 목표를 밀어붙이는 것은 장기적인 건강에 큰 손실로 돌아올 수 있습니다. 규칙적인 식습관을 지키는 것이 오늘의 최우선 건강 과제입니다.
용띠,건강운,"자존심이 강한 용띠는 불편한 신체 증상이 있어도 내색하지 않고 스스로 감내하는 경향이 있습니다. 그러나 오늘은 그러한 태도가 오히려 건강을 악화시킬 수 있으니, 작은 이상 신호도 가볍게 여기지 마시기 바랍니다. 필요하다면 주저 없이 전문가의 도움을 받는 것이 진정한 강함입니다."
용띠,건강운,열정적으로 활동해 온 용띠에게 오늘은 근육과 관절의 피로가 쌓이기 쉬운 날입니다. 과시욕이 앞서 무리한 운동이나 신체 활동을 감행하는 것은 부상의 위험을 높일 수 있으므로 자신의 현재 체력 수준에 맞는 활동량을 유지하시기 바랍니다. 가벼운 스트레칭으로 몸의 긴장을 풀어 주는 것이 현명한 선택입니다.
용띠,대인운,"오늘은 주변의 시선이 유독 신경 쓰이는 하루가 될 수 있습니다. 용띠 특유의 강한 자존심이 작은 오해를 크게 만들 수 있으니, 상대의 말을 끝까지 듣는 여유를 갖추시기 바랍니다. 먼저 귀를 여는 자세가 오히려 리더의 품격을 높여 줍니다."
용띠,대인운,"오늘은 새로운 인연이 찾아올 가능성이 높은 날입니다. 용띠의 카리스마는 첫 만남에서 강한 인상을 남기는 힘이 있으나, 지나친 자기 과시는 상대에게 부담을 줄 수 있습니다. 자연스러운 대화 속에 진심을 담는 것이 더욱 좋은 결과를 가져다 줍니다."
용띠,대인운,"뜻밖의 자리에서 중요한 사람과 연결될 수 있는 날입니다. 용띠의 열정적인 에너지가 주변 사람들에게 긍정적인 영향을 미치며, 오늘의 만남이 훗날 큰 기회의 씨앗이 될 수 있습니다. 작은 자리라도 소홀히 여기지 않는 태도가 중요합니다."
용띠,대인운,"평소 소원했던 관계를 회복할 수 있는 좋은 기운이 흐르는 날입니다. 용띠는 자존심 때문에 먼저 손을 내밀기 어려울 수 있으나, 오늘만큼은 그 자존심을 잠시 내려놓으시기 바랍니다. 용기 있는 한 마디가 오랜 벽을 허무는 계기가 됩니다."
용띠,대인운,"오늘은 주변 사람들로부터 인정을 받고 싶은 마음이 강하게 드는 날입니다. 용띠의 포부와 열정은 분명 빛을 발하겠으나, 성과를 드러내기보다 함께한 이들의 공을 인정해 주는 말 한마디가 관계를 한층 깊게 만들어 줍니다. 진정한 리더는 타인을 세워 주는 사람임을 기억하시기 바랍니다."
용띠,행동운,오늘은 오랫동안 미뤄왔던 결정을 내려야 할 때입니다. 용띠 특유의 강한 추진력을 믿고 망설임 없이 첫 발을 내딛으시기 바랍니다. 작은 행동 하나가 큰 흐름을 바꾸는 시작점이 됩니다.
용띠,행동운,"주변의 시선이 신경 쓰여 실력을 충분히 발휘하지 못하고 있다면, 오늘은 과감하게 자신을 드러내시기 바랍니다. 용띠의 카리스마는 앞에 나설 때 비로소 빛을 발하며, 당신의 존재감이 상황을 주도하는 힘이 됩니다."
용띠,행동운,"뜻한 바가 있다면 오늘 반드시 행동으로 옮기시기 바랍니다. 용띠는 결심한 순간 그 에너지가 가장 강하게 발휘되므로, 생각을 오래 붙잡아 두기보다 즉각적인 실천이 더 좋은 결과를 만들어 냅니다."
용띠,행동운,"함께하는 사람들과 방향이 엇갈려 답답함을 느끼고 있다면, 오늘은 용띠답게 먼저 나서서 의견을 제시하시기 바랍니다. 리더십을 발휘하여 대화의 흐름을 이끌면 혼란이 정리되고 일이 빠르게 진행됩니다."
용띠,행동운,"오늘은 자신의 능력을 과소평가하지 마시기 바랍니다. 용띠 특유의 포부와 자신감은 주변을 설득하고 상황을 반전시키는 강력한 무기가 되며, 당당하게 자신의 가치를 표현하는 행동이 새로운 기회를 열어 줍니다."
뱀띠,총운,"오늘은 무언가 결정을 내려야 하는 상황에서 유독 마음이 무겁게 느껴질 수 있습니다. 뱀띠 특유의 신중함이 빛을 발하는 날로, 섣불리 움직이기보다 한 발 물러서서 전체 흐름을 살피는 것이 현명한 선택이 됩니다. 오늘의 침착함이 내일의 유리한 고지를 만들어 줄 것입니다."
뱀띠,총운,"겉으로 드러나지 않더라도 내면에서는 날카로운 직관이 조용히 신호를 보내고 있는 날입니다. 그 감각을 무시하지 마시기 바랍니다. 뱀띠의 예리한 통찰력은 오늘처럼 복잡한 상황일수록 더욱 정확하게 작동하며, 논리보다 감각이 더 올바른 길을 안내할 수 있습니다."
뱀띠,총운,주변의 분주한 움직임에 휩쓸리지 않고 자신만의 속도를 지키는 것이 오늘의 핵심입니다. 뱀띠는 속내를 쉽게 드러내지 않는 성향 덕분에 불필요한 갈등을 피할 수 있는 하루가 됩니다. 에너지를 분산시키지 않고 꼭 필요한 곳에만 집중하시기 바랍니다.
뱀띠,총운,오늘은 새로운 정보나 제안이 들어올 가능성이 있는 날입니다. 뱀띠의 분석력을 발휘하여 표면적인 내용보다 그 이면에 담긴 의도와 맥락을 꼼꼼히 살피시기 바랍니다. 경계심을 적절히 유지하는 것이 오늘 하루를 안정적으로 마무리하는 데 큰 도움이 됩니다.
뱀띠,총운,오늘 하루는 전체적으로 조용하지만 단단한 에너지가 흐르는 날입니다. 화려한 성과보다는 내실을 다지는 방향으로 움직이는 것이 뱀띠의 기운과 잘 맞아 떨어집니다. 묵묵히 자신의 자리를 지키는 그 태도가 주변의 신뢰를 쌓는 가장 강력한 방법이 됩니다.
뱀띠,애정운,마음속으로 많은 것을 느끼면서도 선뜻 표현하지 못하는 날이 있습니다. 오늘은 그 침묵이 오히려 상대에게 깊은 인상을 남기는 힘이 됩니다. 말보다 태도로 전해지는 진심이 관계의 온도를 높여 줄 것입니다.
뱀띠,애정운,"관심 있는 상대의 행동 하나하나를 조용히 살펴보는 예리한 눈이 오늘 빛을 발합니다. 겉으로 드러나지 않는 상대의 감정을 먼저 알아채고, 적절한 순간에 건네는 한마디가 마음의 문을 열어 줄 것입니다."
뱀띠,애정운,"오랫동안 신중하게 지켜봐 왔던 관계에서 작은 변화의 신호가 감지됩니다. 서두르지 않고 때를 기다려 온 태도가 오늘 그 결실로 이어질 가능성이 있으니, 직관을 믿고 한 걸음 나아가시기 바랍니다."
뱀띠,애정운,"가까운 사람과의 관계에서 말하지 않아도 통하는 순간이 찾아옵니다. 깊은 통찰력으로 상대의 필요를 먼저 헤아려 행동하면, 상대는 그 세심함에 더욱 깊은 신뢰를 갖게 될 것입니다."
뱀띠,애정운,쉽게 속내를 드러내지 않는 성격이 때로는 상대에게 거리감으로 느껴질 수 있습니다. 오늘만큼은 작은 감정이라도 솔직하게 나누어 보시기 바랍니다. 그 짧은 고백이 관계를 한층 단단하게 만드는 계기가 될 것입니다.
뱀띠,금전운,요즘 수입과 지출 사이에서 균형을 잡기가 쉽지 않다고 느끼실 것입니다. 뱀띠 특유의 예리한 직관을 믿고 충동적인 소비보다는 한 발 물러서 흐름을 관찰하는 자세가 도움이 됩니다. 오늘은 지갑을 열기 전에 한 번 더 생각하는 신중함이 재정을 지키는 열쇠가 됩니다.
뱀띠,금전운,기대했던 수입이 예상보다 늦어져 답답함을 느끼실 수 있습니다. 그러나 뱀띠의 깊은 통찰력은 이런 상황에서도 빛을 발합니다. 섣불리 새로운 돈줄을 찾기보다는 현재 자산의 흐름을 꼼꼼히 점검하는 것이 장기적으로 더 안정적인 결과를 가져다줄 것입니다.
뱀띠,금전운,"투자나 재테크에 관심이 생기는 하루이지만, 겉으로 드러나는 정보만 믿어서는 안 됩니다. 뱀띠 특유의 경계심과 분석력을 십분 발휘하여 이면에 숨겨진 조건과 리스크를 반드시 확인하시기 바랍니다. 속내를 쉽게 드러내지 않는 성품처럼, 결정 역시 신중하게 내리는 것이 현명합니다."
뱀띠,금전운,주변에서 금전적인 부탁이나 동업 제안이 들어올 가능성이 있는 날입니다. 뱀띠 특유의 침착함 덕분에 즉각적인 판단을 내리지 않는 것이 오히려 강점이 됩니다. 감정에 이끌리지 않고 실익을 냉정하게 따져본 뒤 결론을 내리시기 바랍니다.
뱀띠,금전운,"소소한 지출이 하루 사이에 쌓여 예상보다 많은 돈이 빠져나갈 수 있습니다. 평소 속내를 잘 드러내지 않는 뱀띠이지만, 오늘만큼은 자신의 소비 패턴을 스스로에게 솔직하게 돌아보는 것이 필요합니다. 작은 누수를 미리 막는 것이 큰 재산을 지키는 시작이 됩니다."
뱀띠,직장운,오늘은 맡은 업무의 방향이 흔들리는 듯한 느낌을 받을 수 있습니다. 뱀띠 특유의 침착한 분석력을 발휘하여 상황을 성급히 판단하지 말고 충분히 살펴본 뒤 행동에 옮기시기 바랍니다. 조용히 관찰하는 태도가 오히려 좋은 결과를 만들어 낼 것입니다.
뱀띠,직장운,직장 내에서 예상치 못한 제안이나 새로운 역할을 요청받을 가능성이 있습니다. 속내를 쉽게 드러내지 않는 신중한 성품을 살려 즉답을 피하고 충분히 검토한 후 결정을 내리시기 바랍니다. 서두르지 않는 태도가 신뢰감을 높이는 데 도움이 됩니다.
뱀띠,직장운,오늘은 동료나 상사의 말 한마디에서 중요한 단서를 포착할 수 있는 날입니다. 뱀띠가 지닌 예리한 직관력을 믿고 미묘한 분위기 변화에 주의를 기울이시기 바랍니다. 작은 신호 하나를 놓치지 않는 것이 오늘 업무의 핵심이 될 것입니다.
뱀띠,직장운,그동안 공들여 준비해 온 업무가 빛을 발할 수 있는 흐름이 형성됩니다. 깊은 통찰력으로 정리해 온 내용을 자신 있게 제시하시기 바랍니다. 다만 지나친 완벽주의로 발표나 공유 시점을 미루는 일이 없도록 주의가 필요합니다.
뱀띠,직장운,직장 내 크고 작은 갈등의 기운이 감지되는 하루입니다. 경계심이 강한 뱀띠의 특성상 불필요한 논쟁에 휘말리지 않고 거리를 두는 능력이 오늘만큼은 큰 강점이 됩니다. 감정보다 이성을 앞세워 냉정하게 상황을 정리하면 불필요한 에너지 소모를 막을 수 있습니다.
뱀띠,건강운,"겉으로는 침착해 보여도 내면에서는 많은 것을 감지하고 처리하고 있는 하루입니다. 뱀띠 특유의 예민한 감각이 오늘은 몸의 작은 신호까지 포착하고 있으니, 그 직관을 외면하지 말고 충분한 휴식을 취하시기 바랍니다."
뱀띠,건강운,속내를 쉽게 드러내지 않는 성격 탓에 피로와 스트레스를 혼자 쌓아두는 경향이 있습니다. 오늘은 신뢰할 수 있는 한 사람에게 가볍게 털어놓는 것만으로도 정신적 에너지가 상당히 회복됩니다.
뱀띠,건강운,분석적인 사고가 강한 뱀띠에게 오늘은 머릿속이 유독 복잡하게 느껴질 수 있습니다. 생각의 흐름을 잠시 멈추고 짧은 산책이나 호흡 정리를 통해 뇌와 신체 모두에 여백을 만들어 주시기 바랍니다.
뱀띠,건강운,"신중하고 경계심이 강한 성향 덕분에 건강 관리에서도 꼼꼼한 편이지만, 오늘은 그 긴장감 자체가 몸을 경직시키는 요인이 될 수 있습니다. 의식적으로 어깨와 목 주변의 긴장을 풀어주는 스트레칭을 실천하시기 바랍니다."
뱀띠,건강운,깊은 통찰력으로 스스로의 상태를 정확히 파악하는 것이 뱀띠의 강점입니다. 오늘 몸이 보내는 신호를 예민하게 포착하고 있다면 그 감각을 믿고 무리한 일정을 조율하는 것이 현명한 선택이 됩니다.
뱀띠,대인운,누군가의 말 속에서 진의를 읽어내려는 뱀띠 특유의 예민한 감각이 오늘따라 더욱 날카롭게 작동합니다. 표면적인 말보다 그 이면의 흐름을 살피는 본능을 신뢰하십시오. 섣불리 반응하지 않고 한 박자 늦추는 침착함이 오늘의 관계를 유리하게 이끌 것입니다.
뱀띠,대인운,"가까운 사람과의 대화에서 묘한 어긋남을 느끼더라도 지나치게 예민하게 받아들이지 않는 것이 좋습니다. 뱀띠는 작은 신호도 놓치지 않는 통찰력을 지니고 있으나, 오늘은 그 예리함을 잠시 내려두고 상대의 진심을 넉넉하게 받아들이는 자세가 필요합니다. 여백을 허용하는 태도가 관계의 온도를 높여 줍니다."
뱀띠,대인운,"오늘은 오래 마음속에 담아두었던 말을 꺼내기에 적절한 흐름이 형성됩니다. 속내를 좀처럼 드러내지 않는 뱀띠이지만, 적절한 시점에 진심을 공유하는 것이 신뢰를 한층 단단하게 만드는 계기가 됩니다. 완벽한 표현을 기다리기보다 솔직한 한마디가 더 큰 힘을 발휘할 것입니다."
뱀띠,대인운,"처음 만나는 자리나 낯선 관계에서 경계심이 앞서는 것은 뱀띠의 자연스러운 본능입니다. 오늘은 그 경계를 완전히 허무는 것보다, 상대가 편안함을 느낄 수 있도록 작은 호응 하나를 더 건네는 것으로 충분합니다. 무게 있는 인상 속에 담긴 따뜻한 제스처가 상대의 마음을 여는 열쇠가 됩니다."
뱀띠,대인운,"주변의 다양한 의견이 한꺼번에 쏟아지는 상황에서 뱀띠는 혼란스럽기보다 오히려 냉철한 분석력을 발휘합니다. 오늘은 감정에 휩쓸리지 않고 핵심을 짚어내는 뱀띠의 강점이 대인 관계에서 빛을 발하는 날입니다. 조율자의 역할을 자연스럽게 맡게 될 가능성이 높으니, 그 자리를 기꺼이 받아들이십시오."
뱀띠,행동운,"오늘은 결정을 미루고 싶은 마음이 드실 수 있습니다. 그러나 뱀띠 특유의 예리한 직관은 이미 답을 알고 있습니다. 지금 느끼는 첫 번째 판단을 신뢰하고, 더 이상 분석을 반복하지 말고 행동으로 옮기시기 바랍니다."
뱀띠,행동운,주변의 분위기가 복잡하게 느껴지는 하루입니다. 뱀띠는 타고난 경계심으로 상황을 먼저 파악하는 능력이 있습니다. 오늘은 그 통찰력을 바탕으로 불필요한 자리나 소모적인 관계에는 거리를 두는 결단을 내리시기 바랍니다.
뱀띠,행동운,"오랫동안 속으로만 품어온 계획이 있다면, 오늘이 그것을 꺼내어 첫 발을 내딛기에 적절한 날입니다. 뱀띠는 속내를 쉽게 드러내지 않는 성향 때문에 실행이 늦어지는 경우가 있습니다. 작은 것 하나라도 오늘 반드시 실천으로 연결하시기 바랍니다."
뱀띠,행동운,"누군가에게 말을 전해야 할 상황을 계속 미뤄오셨다면, 오늘은 그 타이밍을 잡으시기 바랍니다. 뱀띠의 침착함은 말의 무게를 잘 조절하는 강점이 됩니다. 감정보다 핵심을 먼저 전달하는 방식으로 대화를 시작하시면 좋은 결과를 얻으실 수 있습니다."
뱀띠,행동운,"오늘은 여러 선택지 앞에서 신중함이 오히려 발목을 잡을 수 있습니다. 뱀띠의 분석력은 장점이지만, 지나친 검토는 기회를 놓치게 만들기도 합니다. 이미 충분히 생각하셨다면 오늘은 결론을 내리고 다음 단계로 넘어가시기 바랍니다."
말띠,총운,오늘은 마음속 깊은 곳에서 무언가를 향해 달려가고 싶은 충동이 강하게 일어나는 날입니다. 말띠 특유의 열정과 추진력이 최고조에 달하여 새로운 도전에 나서기 좋은 흐름이 형성됩니다. 다만 한 가지 일에 집중력을 유지하는 것이 성과를 결정짓는 핵심이 될 것입니다.
말띠,총운,"바쁘게 움직이면서도 어딘가 방향을 잃은 듯한 느낌이 드신다면, 오늘 하루는 잠시 속도를 조절하는 것이 현명합니다. 활동적인 에너지가 넘치는 날인 만큼 여러 일에 손을 뻗기보다 우선순위를 정하여 집중하는 것이 바람직합니다. 분산된 힘을 한곳으로 모을 때 비로소 원하는 결과를 얻을 수 있습니다."
말띠,총운,오늘은 사람들과의 만남과 교류에서 뜻밖의 기회가 찾아오는 하루입니다. 말띠의 타고난 사교성이 빛을 발하며 주변 인물들과의 대화 속에서 중요한 정보나 인연이 연결될 가능성이 높습니다. 가벼운 자리라도 성실하게 임하는 자세가 좋은 결실로 이어질 것입니다.
말띠,총운,"해결되지 않은 일들이 마음 한쪽에 쌓여 답답함을 느끼고 계실 수도 있습니다. 오늘은 그동안 미뤄왔던 사안을 정면으로 마주할 에너지가 충분히 주어지는 날로, 과감하게 행동에 옮기는 것이 좋습니다. 단, 결정 전 충분한 검토 없이 충동적으로 나아가는 것은 주의하시기 바랍니다."
말띠,총운,"오늘 하루는 변화의 바람이 일상 곳곳에서 감지되는 흐름입니다. 말띠 특유의 자유로운 감각이 예민하게 작동하여 새로운 가능성을 먼저 알아차리는 능력이 발휘됩니다. 흐름에 유연하게 몸을 맡기되, 인내심을 갖고 끝까지 마무리하는 것이 오늘 하루의 성패를 가르는 중요한 열쇠가 될 것입니다."
말띠,애정운,"누군가에게 먼저 다가가고 싶은 마음이 강하게 일어나는 하루입니다. 말띠 특유의 활발한 에너지가 대인 관계에서 빛을 발하는 시기이므로, 망설이지 말고 먼저 연락을 건네 보시기 바랍니다. 작은 용기 하나가 소중한 인연을 새롭게 열어 줄 수 있습니다."
말띠,애정운,"마음이 쉽게 달아오르는 만큼 오늘은 감정의 속도를 조금 늦추는 것이 현명합니다. 열정적으로 표현하는 것은 말띠의 큰 매력이지만, 상대방이 받아들일 여유도 함께 배려하시기 바랍니다. 진심은 서두르지 않아도 충분히 전달됩니다."
말띠,애정운,"오늘은 오래된 인연에서 새로운 감정의 실마리를 발견하게 될 수 있습니다. 평소 가볍게 지나쳤던 사람을 다시금 눈여겨보시기 바라며, 말띠의 뛰어난 사교성이 그 관계를 한층 깊은 방향으로 이끌어 줄 것입니다."
말띠,애정운,"관계에서 작은 갈등이 생기더라도 성급하게 결론을 내리지 않는 것이 중요합니다. 말띠는 특유의 추진력으로 빠르게 판단하는 경향이 있으나, 오늘만큼은 상대방의 말을 끝까지 듣는 자세가 관계를 단단하게 만들어 줄 것입니다."
말띠,애정운,"혼자 있는 시간이 오히려 감정을 정리하는 데 도움이 되는 하루입니다. 활동적인 말띠이지만, 오늘은 내면의 목소리에 귀를 기울이며 진정으로 원하는 관계의 방향을 생각해 보시기 바랍니다. 자신을 잘 아는 사람이 더 좋은 인연을 끌어당기게 됩니다."
말띠,금전운,"오늘은 예상치 못한 지출이 생겨 당황스러운 마음이 드실 수 있습니다. 말띠 특유의 추진력으로 빠르게 결정을 내리고 싶은 충동이 강하게 일겠으나, 충동적인 소비는 후회로 이어질 수 있으니 한 번 더 신중하게 검토하시기 바랍니다."
말띠,금전운,"금전적인 기회가 눈앞에 나타날 수 있는 하루입니다. 활동적인 말띠의 성향 덕분에 다양한 정보를 빠르게 수집하는 데 유리하지만, 인내심 부족으로 성급하게 결론을 내리면 손실이 생길 수 있습니다. 정보를 충분히 살핀 후 움직이시기 바랍니다."
말띠,금전운,"오늘은 수입보다 지출이 먼저 눈에 들어오는 흐름입니다. 사교성이 풍부한 말띠는 지인과의 만남에서 예상 외의 비용이 발생하기 쉬우니, 미리 예산을 정해두고 모임에 임하시기 바랍니다. 작은 절제가 월말 재정을 지켜줄 것입니다."
말띠,금전운,"투자나 재테크에 관심이 생기는 날이지만, 변덕스러운 기질이 판단을 흐릴 수 있습니다. 새로운 금융 상품이나 투자처에 흥미를 느끼더라도 충분한 검토 없이 자금을 투입하는 것은 바람직하지 않습니다. 오늘은 정보를 모으는 데 집중하시기 바랍니다."
말띠,금전운,"꾸준한 노력이 오늘 작은 결실로 돌아올 수 있는 흐름입니다. 열정 넘치는 말띠의 성향이 수입 창출에 긍정적으로 작용하겠으나, 한 가지에 집중하지 못하고 여러 방향으로 분산되면 오히려 성과가 줄어들 수 있습니다. 오늘만큼은 한 가지 목표에 재정을 집중하시기 바랍니다."
말띠,직장운,"오늘은 열정적으로 달려온 자신을 잠시 돌아볼 필요가 있습니다. 말띠 특유의 추진력이 빛을 발하는 날이지만, 속도보다 방향이 중요한 시점입니다. 업무를 시작하기 전 오늘의 우선순위를 명확히 정해두면 성과가 한층 높아집니다."
말띠,직장운,직장에서 새로운 아이디어가 떠오르는 활기찬 하루가 예상됩니다. 말띠의 사교성과 열정이 동료들에게 긍정적인 영향을 미치며 팀 분위기를 이끌게 됩니다. 다만 여러 방향으로 흩어지는 에너지를 한곳에 집중하는 것이 오늘의 핵심입니다.
말띠,직장운,"상사나 동료로부터 예상치 못한 제안이 들어올 수 있는 날입니다. 말띠 특유의 변덕이 작용하여 즉흥적으로 결정을 내리고 싶어질 수 있으나, 충분히 검토한 뒤 답변하는 것이 현명합니다. 신중한 한 걸음이 커리어에 든든한 발판이 됩니다."
말띠,직장운,오늘은 오래 지속되어온 업무에서 지루함을 느낄 수 있습니다. 자유로움을 추구하는 말띠의 기질상 반복적인 루틴이 답답하게 느껴지는 것은 자연스러운 일입니다. 업무 방식에 작은 변화를 주거나 순서를 바꿔보면 생산성과 만족감이 함께 올라갑니다.
말띠,직장운,"그동안 묵묵히 쌓아온 노력이 직장 내에서 조금씩 인정받기 시작하는 흐름입니다. 말띠의 활동적인 에너지가 주변의 시선을 자연스럽게 끌어당기며, 중요한 자리에서 발언 기회가 생길 수 있습니다. 인내심을 발휘하여 끝까지 완성도 있게 마무리하면 한층 좋은 평가를 받게 됩니다."
말띠,건강운,"몸이 신호를 보내고 있음에도 바쁜 일상 속에서 그냥 지나치기 쉬운 하루입니다. 말띠 특유의 강한 추진력으로 무리하게 움직이다 보면 작은 피로가 쌓여 큰 탈이 날 수 있으니, 오늘은 몸의 목소리에 귀를 기울이시기 바랍니다."
말띠,건강운,"활동적인 성향 덕분에 에너지가 넘치는 듯 느껴지지만, 오늘은 그 에너지가 실제보다 과장되어 느껴질 수 있습니다. 충분한 수분 섭취와 짧은 휴식을 반복하며 체력을 균형 있게 유지하시기 바랍니다."
말띠,건강운,"하고 싶은 것이 많아 이것저것 손을 대다 보면 정작 몸이 지쳐버리는 날입니다. 말띠의 변덕스러운 에너지가 집중력을 흩트릴 수 있으니, 오늘은 한 가지 활동에만 전념하여 체력을 낭비하지 않도록 주의하시기 바랍니다."
말띠,건강운,"마음이 앞서 몸을 돌보지 못하는 상황이 오늘 찾아올 수 있습니다. 인내심이 부족한 말띠의 특성상 회복에 필요한 시간을 건너뛰려는 충동이 생길 수 있으나, 충분한 수면과 규칙적인 식사가 오늘의 건강을 지키는 핵심이 됩니다."
말띠,건강운,사교적인 자리가 많아질수록 정신적 에너지 소모도 함께 커지는 날입니다. 타인과의 활발한 교류 속에서도 혼자만의 조용한 시간을 확보하여 내면의 균형을 되찾으시기 바랍니다.
말띠,대인운,"주변 사람들과의 관계에서 에너지가 넘치는 하루가 펼쳐집니다. 말띠 특유의 활발한 사교성이 빛을 발하는 시기로, 오랫동안 연락이 끊겼던 지인에게 먼저 손을 내밀어 보시기 바랍니다. 작은 용기 하나가 소중한 인연을 되살리는 계기가 됩니다."
말띠,대인운,"오늘은 다소 복잡한 인간관계 속에서 피로감을 느끼실 수 있습니다. 말띠의 열정적인 기질이 때로는 상대방에게 부담으로 전해질 수 있으니, 대화 속도를 조금 늦추고 상대의 이야기에 귀를 기울이는 자세가 필요합니다. 여유로운 태도가 관계의 깊이를 더해 줍니다."
말띠,대인운,"새로운 만남이 예상되는 날로, 말띠 특유의 밝은 에너지가 주변 사람들을 자연스럽게 끌어모읍니다. 다만 첫인상에서 지나치게 앞서 나가려는 성향을 경계하시기 바랍니다. 상대방의 속도에 맞추어 관계를 천천히 쌓아 나갈 때 더욱 단단한 신뢰가 형성됩니다."
말띠,대인운,"가까운 사람과의 사소한 의견 차이가 감정의 골로 이어질 수 있는 하루입니다. 말띠의 추진력 있는 성격이 순간의 판단을 앞당길 수 있으나, 결론을 서두르기보다는 한 발 물러서 상황을 바라보시기 바랍니다. 인내심을 발휘하는 것이 관계를 지키는 가장 현명한 방법이 됩니다."
말띠,대인운,"오늘은 여러 사람들과의 교류가 활발하게 이루어지며 사회적 에너지가 충만한 시간이 됩니다. 말띠의 자유롭고 활동적인 기질 덕분에 어떤 자리에서도 자연스럽게 분위기를 이끌 수 있습니다. 다만 변덕스러운 기운이 감지되는 날이므로, 한 번 전달한 말에 일관성을 유지하는 것이 신뢰를 높이는 데 도움이 됩니다."
말띠,행동운,오늘은 무언가를 빠르게 결정해야 한다는 압박감이 느껴질 수 있습니다. 말띠 특유의 추진력을 믿고 오래 고민하기보다는 지금 당장 첫 발을 내딛는 것이 중요합니다. 작은 행동 하나가 오늘의 흐름을 바꾸는 계기가 됩니다.
말띠,행동운,하고 싶은 일이 많아 에너지가 분산될 수 있는 하루입니다. 말띠의 열정은 강하지만 오늘만큼은 한 가지에 집중하여 끝을 보는 것이 바람직합니다. 시작한 일을 완수하는 경험이 자신감으로 이어집니다.
말띠,행동운,"주변 사람의 말이나 새로운 제안에 쉽게 마음이 흔들릴 수 있는 날입니다. 말띠의 사교성은 분명한 장점이지만, 오늘은 타인의 의견을 참고하되 최종 결정은 스스로 내리는 것이 중요합니다. 자신의 판단을 믿으시기 바랍니다."
말띠,행동운,오늘은 미루어 두었던 연락이나 약속을 직접 행동으로 옮기기에 좋은 날입니다. 말띠 특유의 활동적인 기운이 대인 관계에서 긍정적인 결과를 만들어 줄 것입니다. 먼저 손을 내미는 것이 뜻밖의 기회로 돌아올 수 있습니다.
말띠,행동운,중간에 흥미를 잃고 포기하고 싶은 마음이 들 수 있으나 오늘만큼은 그 마음을 잠시 내려놓으시기 바랍니다. 말띠의 변덕이 발동하기 전에 작은 목표 하나를 설정하고 이를 달성하는 데 집중하는 것이 현명합니다. 끝까지 해낸 오늘이 내일의 도약이 됩니다.
양띠,총운,"오늘은 주변의 작은 변화에도 마음이 흔들릴 수 있는 하루입니다. 양띠 특유의 섬세한 감수성이 예민하게 작동하는 날인 만큼, 타인의 말이나 분위기에 지나치게 영향받지 않도록 스스로를 단단히 붙잡는 것이 중요합니다. 내면의 목소리에 귀를 기울이며 자신의 페이스를 유지하시기 바랍니다."
양띠,총운,"오늘 하루는 누군가에게 의지하고 싶은 마음이 평소보다 강하게 들 수 있습니다. 배려심 깊은 양띠의 성정상 먼저 손을 내미는 것이 자연스럽지만, 오늘만큼은 도움을 받는 것을 두려워하지 않아도 됩니다. 가까운 이에게 솔직하게 마음을 털어놓으면 예상보다 훨씬 큰 위로를 얻게 될 것입니다."
양띠,총운,"평소 쌓아두었던 감정이 오늘 자연스럽게 풀릴 수 있는 흐름이 형성됩니다. 예술적 감성이 풍부한 양띠에게 오늘은 글쓰기, 그림, 음악 감상 등 창의적인 활동이 좋은 해소구가 될 것입니다. 표현하는 것 자체가 오늘의 에너지를 회복시키는 열쇠가 됩니다."
양띠,총운,"오늘은 결단을 서두르기보다 조용히 상황을 관찰하는 것이 유리한 날입니다. 소심한 면이 오히려 장점으로 작용하여, 충동적인 판단을 피하고 신중하게 움직이는 태도가 좋은 결과를 만들어 냅니다. 급하게 방향을 바꾸려 하지 않는 것이 오늘의 올바른 선택입니다."
양띠,총운,"오늘은 타인의 감정을 지나치게 떠안아 정작 본인이 지치는 상황이 발생할 수 있습니다. 공감 능력이 뛰어난 양띠일수록 경계를 설정하는 연습이 필요한 날이며, 모든 이의 기대에 부응하려 하기보다 자신에게 필요한 것을 먼저 챙기는 것이 바람직합니다. 스스로를 돌보는 것이 곧 주변을 더 잘 돌보는 길임을 기억하시기 바랍니다."
양띠,애정운,"상대방의 작은 말 한마디에도 깊이 마음을 쓰는 오늘입니다. 섬세한 감수성이 관계 속에서 빛을 발하며, 상대가 미처 표현하지 못한 감정까지 헤아리는 따뜻한 하루가 될 것입니다. 그 배려가 신뢰의 씨앗이 됩니다."
양띠,애정운,"혼자 감정을 삼키기보다 솔직하게 표현하는 용기가 필요한 날입니다. 소심함이 오해를 만들 수 있으니, 마음속에 쌓아둔 말을 조심스럽게 꺼내어 보시기 바랍니다. 진심은 반드시 상대에게 닿습니다."
양띠,애정운,가까운 사람과의 관계에서 지나친 의존이 부담이 될 수 있음을 인식하는 하루입니다. 서로의 공간을 존중하는 균형 속에서 오히려 더 깊은 연결이 만들어집니다. 적절한 거리감이 관계를 오래도록 유지시켜 줍니다.
양띠,애정운,예술적 감성을 나누는 방식으로 마음을 전하면 특별한 울림이 생기는 날입니다. 함께 음악을 듣거나 아름다운 공간을 걷는 것만으로도 두 사람 사이의 감정이 한층 깊어질 것입니다. 감성적인 교감이 어떤 말보다 강력한 언어가 됩니다.
양띠,애정운,오늘은 먼저 연락을 건네기 어려운 마음이 들 수 있습니다. 그러나 공감 능력이 뛰어난 양띠의 진심 어린 한마디가 상대의 하루를 따뜻하게 바꾸어 놓을 수 있습니다. 작은 용기가 소중한 인연을 더욱 단단하게 이어줄 것입니다.
양띠,금전운,"오늘은 지출이 예상보다 빠르게 늘어나는 느낌이 드실 수 있습니다. 양띠 특유의 섬세한 감각이 소비 욕구로 이어지기 쉬운 날이므로, 마음이 이끄는 대로 지갑을 열기보다 한 번 더 필요를 따져보시기 바랍니다. 작은 절제가 월말 여유를 만들어 줍니다."
양띠,금전운,"타인의 부탁을 거절하지 못하는 배려심이 오늘은 금전적 부담으로 연결될 수 있습니다. 소중한 관계를 지키고 싶은 마음은 충분히 이해되지만, 금전 거래가 포함된 부탁이라면 신중하게 선을 그으시기 바랍니다. 진정한 배려는 자신의 형편을 지키는 것에서 시작됩니다."
양띠,금전운,"수입의 흐름은 비교적 안정적으로 유지되는 날입니다. 다만 양띠 특유의 의존적 성향으로 인해 타인의 재정 판단을 그대로 따르기보다는, 자신의 감각을 믿고 스스로 결정하는 연습이 필요합니다. 오늘은 작은 재정 목표 하나를 직접 세워보시기 바랍니다."
양띠,금전운,"투자나 재테크 정보를 접할 기회가 생길 수 있으나, 지나치게 소심하게 판단하면 좋은 기회를 흘려보낼 수 있습니다. 양띠의 섬세함은 리스크를 꼼꼼히 따지는 데 강점이 되므로, 지나친 망설임보다는 충분히 검토한 뒤 결단을 내리시기 바랍니다. 정보를 믿을 수 있는 출처에서 확인하는 것이 중요합니다."
양띠,금전운,"오늘은 감성적인 이유로 소비하는 경향이 평소보다 강하게 나타날 수 있습니다. 아름다운 것에 끌리는 예술적 감수성이 충동구매로 이어지지 않도록, 구매 전 하루 정도 여유를 두고 다시 생각해 보시기 바랍니다. 진정으로 원하는 것과 순간적으로 끌리는 것을 구분하는 것이 오늘의 금전운 핵심입니다."
양띠,직장운,"오늘은 맡은 업무의 무게가 유독 크게 느껴질 수 있습니다. 양띠 특유의 섬세한 감각이 빛을 발하는 날로, 작은 디테일을 놓치지 않는 꼼꼼함이 동료나 상사에게 신뢰를 쌓는 발판이 됩니다. 완벽하지 않아도 괜찮으니 한 걸음씩 나아가시기 바랍니다."
양띠,직장운,"직장 내에서 의견을 표현할 기회가 생길 수 있으나, 소심한 성격 탓에 망설임이 앞설 수 있습니다. 오늘은 용기를 내어 자신의 생각을 차분하게 전달해 보시기 바랍니다. 진심 어린 배려에서 나온 말은 주변 사람들에게 충분히 닿을 수 있습니다."
양띠,직장운,"팀 안에서 갈등이나 불편한 분위기가 감지될 때, 양띠의 뛰어난 공감 능력이 자연스러운 중재 역할을 하게 됩니다. 다만 타인의 감정을 지나치게 떠안아 스스로 지치지 않도록 주의가 필요합니다. 나를 지키는 것이 결국 팀 전체에도 이로운 선택임을 기억하시기 바랍니다."
양띠,직장운,오늘은 혼자 모든 것을 해결하려 하기보다 주변의 도움을 적극적으로 받아들이는 것이 성과로 이어집니다. 의존을 부끄러워하지 마시기 바랍니다. 협력 속에서 양띠의 예술적 감성과 섬세함이 더욱 돋보이는 결과물이 탄생할 수 있습니다.
양띠,직장운,"업무에서 창의적인 아이디어나 감각적인 표현이 요구되는 상황이 찾아올 수 있습니다. 양띠가 타고난 예술적 감수성을 발휘하기에 적합한 흐름으로, 평소 마음속에 담아 두었던 아이디어를 꺼내 보시기 바랍니다. 섬세하게 다듬어진 결과물이 좋은 평가를 받을 가능성이 높습니다."
양띠,건강운,"타인을 배려하느라 정작 자신의 몸 상태를 돌보지 못하는 날이 있습니다. 오늘은 내면의 섬세한 감각을 자신에게로 돌려, 신체가 보내는 작은 신호에 귀를 기울이시기 바랍니다. 무리한 일정보다는 충분한 휴식이 건강의 균형을 지켜줄 것입니다."
양띠,건강운,감수성이 예민한 양띠 특성상 주변의 분위기와 감정을 쉽게 흡수하여 정신적 피로가 쌓이기 쉬운 날입니다. 잠시 혼자만의 고요한 시간을 확보하여 마음의 여백을 만들어 두시기 바랍니다. 음악이나 가벼운 산책이 감정 정화에 도움이 됩니다.
양띠,건강운,"오늘은 소화기와 위장 건강에 각별한 주의가 필요한 흐름입니다. 자신의 감정 상태가 신체 컨디션과 직결되는 경향이 강하므로, 불안하거나 긴장된 상황은 가급적 피하시기 바랍니다. 따뜻한 음식과 규칙적인 식사가 몸의 안정을 돕습니다."
양띠,건강운,의존적인 성향으로 인해 주변의 도움을 기다리다 정작 자신의 건강 관리 시기를 놓치는 경우가 생길 수 있습니다. 오늘만큼은 스스로가 자신의 가장 든든한 지원자가 되어 주시기 바랍니다. 작은 실천 하나가 건강한 습관으로 이어지는 첫걸음이 됩니다.
양띠,건강운,남을 챙기는 배려심이 깊은 만큼 자신의 피로를 쉽게 과소평가하는 경향이 있습니다. 오늘은 눈의 피로와 어깨 결림 등 누적된 신체 긴장을 풀어주는 스트레칭을 권장합니다. 몸을 돌보는 일이 결코 이기적인 행동이 아님을 기억하시기 바랍니다.
양띠,대인운,누군가와의 관계에서 작은 오해가 생겨 마음이 무거울 수 있습니다. 섣불리 해명하려 하기보다는 상대의 이야기를 먼저 충분히 들어주시는 것이 관계 회복에 훨씬 도움이 됩니다. 양띠 특유의 깊은 공감 능력이 오늘 가장 큰 힘이 될 것입니다.
양띠,대인운,주변 사람들의 감정 변화를 남다르게 잘 감지하는 하루입니다. 그 섬세한 감수성 덕분에 힘든 이의 곁에서 위로의 말 한마디를 건네는 것만으로도 관계가 한층 깊어질 수 있습니다. 다만 타인의 감정을 지나치게 떠안지 않도록 스스로의 경계도 지켜주시기 바랍니다.
양띠,대인운,오랫동안 연락이 뜸했던 지인에게 먼저 안부를 전하기 좋은 흐름입니다. 소심함 때문에 망설여지더라도 짧은 메시지 하나가 소중한 인연을 되살리는 계기가 될 수 있습니다. 용기를 내어 먼저 손을 내미시기 바랍니다.
양띠,대인운,"단체 모임이나 공동 작업 자리에서 자신의 의견을 꺼내기가 쉽지 않게 느껴질 수 있습니다. 배려심이 깊은 나머지 상대방에게 맞추다 보면 정작 본인의 뜻이 전달되지 않을 수 있으니, 부드럽더라도 분명하게 표현하는 연습이 필요합니다."
양띠,대인운,"가까운 사람에게 지나치게 의지하거나 기대고 싶은 마음이 드는 하루일 수 있습니다. 그 마음 자체는 자연스러운 것이나, 관계의 균형을 위해 상대에게도 여유를 주는 것이 중요합니다. 예술적 감성을 살려 글이나 그림으로 감정을 표현해 보시면 내면이 한결 가벼워질 것입니다."
양띠,행동운,오늘은 혼자 결정을 내리기가 유독 어렵게 느껴질 수 있습니다. 그러나 지금 이 순간만큼은 타인의 의견보다 자신의 내면에서 들려오는 목소리에 먼저 귀를 기울이시기 바랍니다. 작은 선택 하나라도 스스로 결단을 내리는 연습이 오늘의 가장 중요한 실천이 됩니다.
양띠,행동운,"마음속에 오래 담아두었던 말이 있다면 오늘은 용기를 내어 전달할 때입니다. 양띠 특유의 따뜻한 배려심을 바탕으로 상대방을 충분히 배려하되, 자신이 전하고자 하는 바를 분명하게 표현하시기 바랍니다. 지나친 눈치로 침묵을 선택하는 것은 오늘 하루에 한하여 내려놓으시길 권합니다."
양띠,행동운,"미루어 두었던 창작 활동이나 감성적인 작업을 오늘 직접 시작하는 것이 좋습니다. 풍부한 예술적 감성이 오늘따라 특히 날카롭게 깨어 있으므로, 글이든 그림이든 음악이든 손이 가는 방향으로 움직이시기 바랍니다. 완성보다는 시작 자체에 의미를 두는 하루가 됩니다."
양띠,행동운,"주변 사람의 부탁을 무조건 수락하기 전에 잠시 멈추어 자신의 상황을 먼저 점검하시기 바랍니다. 배려심이 깊은 양띠의 성향상 거절이 쉽지 않겠으나, 오늘만큼은 자신의 에너지와 시간을 지키는 결정을 내리는 것이 현명한 선택이 됩니다. '아니오'라는 한 마디가 오히려 관계를 건강하게 유지하는 행동임을 기억하시기 바랍니다."
양띠,행동운,"오늘은 계획을 세우는 데 그치지 않고 반드시 첫 번째 행동 하나를 실제로 실행에 옮기시기 바랍니다. 섬세한 기질로 인해 준비가 완벽하지 않으면 시작을 주저하는 경향이 있으나, 오늘은 작고 불완전하더라도 움직이는 것 자체가 중요한 전환점이 됩니다. 실행의 속도보다 실행 자체에 가치를 두시기 바랍니다."
원숭이띠,총운,"오늘은 머릿속에 아이디어가 넘쳐 어디서부터 시작해야 할지 막막하게 느껴질 수 있습니다. 원숭이띠 특유의 창의력이 빛을 발하는 하루이니, 떠오르는 생각을 흘려보내지 말고 반드시 기록해 두시기 바랍니다. 작은 메모 하나가 뜻밖의 기회로 이어질 수 있습니다."
원숭이띠,총운,"오늘의 흐름은 빠르고 분주하게 전개됩니다. 영리한 판단력과 순발력을 갖춘 원숭이띠에게는 오히려 유리한 하루가 될 수 있으나, 너무 많은 일을 한꺼번에 붙잡으려 하면 집중력이 흩어질 수 있으니 우선순위를 정하고 하나씩 처리하시기 바랍니다."
원숭이띠,총운,"평소라면 쉽게 넘겼을 상황이 오늘은 유독 신경에 걸릴 수 있습니다. 원숭이띠의 예민한 감각이 주변 변화를 먼저 포착하고 있다는 신호이니, 그 직관을 가볍게 여기지 마시기 바랍니다. 작은 이상 징후를 미리 살피는 것이 하루를 안정적으로 마무리하는 열쇠가 됩니다."
원숭이띠,총운,"오늘은 융통성 있는 태도가 예상치 못한 결과를 만들어 내는 하루입니다. 상황에 따라 빠르게 방향을 전환하는 원숭이띠의 강점이 발휘되기 좋은 기운이 흐르고 있으나, 잔꾀에 의존하기보다는 진솔한 태도로 상대를 대하는 것이 더 좋은 인상을 남깁니다."
원숭이띠,총운,"오늘은 에너지가 넘쳐 이것저것 손대고 싶은 충동이 강하게 일어납니다. 원숭이띠의 산만함이 자칫 중요한 일을 미루게 만들 수 있으니, 하루를 시작하기 전 반드시 오늘의 목표를 하나로 좁혀 두시기 바랍니다. 집중한 만큼 성과도 선명하게 나타나는 하루입니다."
원숭이띠,애정운,마음속에 전하고 싶은 말이 쌓여 있지만 어디서부터 꺼내야 할지 막막하게 느껴지는 하루입니다. 원숭이띠 특유의 재치와 순발력을 발휘하면 그 어색한 침묵을 자연스럽게 깰 수 있습니다. 오늘은 머릿속에서 완벽한 말을 고르는 것보다 가볍고 솔직하게 먼저 말을 건네는 것이 관계의 물꼬를 트는 데 훨씬 효과적입니다.
원숭이띠,애정운,"상대방의 반응이 내 예상과 달라 혼란스러움을 느끼고 있다면, 그것은 오히려 새로운 가능성의 신호일 수 있습니다. 원숭이띠는 상황을 빠르게 읽어내는 능력이 뛰어나지만, 오늘만큼은 영리한 분석보다 상대의 감정 자체에 귀를 기울이는 것이 더욱 중요합니다. 한 발짝 물러서 들어주는 자세가 신뢰를 쌓는 단단한 토대가 됩니다."
원숭이띠,애정운,"흥미로운 인연이 예상치 못한 자리에서 모습을 드러낼 수 있는 흐름입니다. 원숭이띠의 창의적인 감각은 평범한 대화 속에서도 특별한 접점을 만들어내는 힘이 있습니다. 다만 재미를 추구하다 보면 진지한 감정을 가볍게 보이게 할 수 있으니, 유머와 진심 사이의 균형을 의식적으로 조율하시기 바랍니다."
원숭이띠,애정운,"오랫동안 연락이 뜸했던 사람이 자연스럽게 떠오르는 날이 있습니다. 오늘이 바로 그런 날로, 먼저 손을 내미는 용기가 생각보다 큰 변화를 불러올 수 있습니다. 원숭이띠 특유의 융통성을 발휘하여 과거의 어색함을 가볍게 털어내고 새로운 시작의 문을 두드려 보시기 바랍니다."
원숭이띠,애정운,머리는 이미 답을 알고 있지만 마음이 따라오지 않아 제자리를 맴도는 느낌이 드실 수 있습니다. 원숭이띠는 생각이 앞서는 만큼 감정 처리가 뒤처지는 경향이 있어 오늘은 특히 그 간극이 크게 느껴질 수 있습니다. 빠른 판단을 잠시 내려놓고 자신의 감정이 충분히 정리될 시간을 허락하는 것이 관계에 있어 가장 현명한 선택이 됩니다.
원숭이띠,금전운,"오늘은 머릿속에서 여러 가지 아이디어가 동시에 떠올라 어디에 집중해야 할지 모를 수 있습니다. 원숭이띠 특유의 재빠른 판단력은 강점이지만, 오늘만큼은 첫 번째 직감보다 두 번째 생각을 따르는 것이 금전적으로 유리합니다. 충동적인 소비 결정은 잠시 미뤄두시기 바랍니다."
원숭이띠,금전운,"수입과 지출의 균형이 미묘하게 흔들리는 하루입니다. 영리한 원숭이띠는 작은 틈새에서도 이익을 찾아내는 능력이 있으나, 오늘은 그 잔꾀가 오히려 큰 그림을 놓치게 만들 수 있습니다. 복잡한 금전 거래보다는 단순하고 명확한 방향을 선택하시기 바랍니다."
원숭이띠,금전운,"예상치 못한 곳에서 소소한 금전적 기회가 생겨날 수 있는 날입니다. 원숭이띠의 융통성과 창의력이 빛을 발할 수 있으나, 산만해지기 쉬운 기질로 인해 정작 중요한 지출 관리를 놓칠 수 있습니다. 기회를 잡되 기본 지출 점검을 먼저 마치시기 바랍니다."
원숭이띠,금전운,"오늘은 투자나 재테크와 관련된 정보가 여러 경로로 들어올 수 있습니다. 순발력 있는 원숭이띠는 빠르게 판단하고 행동에 옮기고 싶겠지만, 검증되지 않은 정보에 기민하게 반응하는 것은 금전적 손실로 이어질 수 있습니다. 정보의 출처를 꼼꼼히 살핀 후 결정하시기 바랍니다."
원숭이띠,금전운,"가까운 지인과의 금전 문제로 마음이 복잡해질 수 있는 날입니다. 원숭이띠의 재치와 언변으로 상황을 유연하게 풀어가려 하겠지만, 돈이 오가는 관계에서는 명확한 원칙을 세워두는 것이 훗날의 불필요한 갈등을 막아줍니다. 감정보다 원칙을 우선하시기 바랍니다."
원숭이띠,직장운,"오늘은 맡은 업무가 생각보다 복잡하게 얽혀 답답함을 느낄 수 있습니다. 원숭이띠 특유의 빠른 상황 판단력을 발휘하면 실마리가 보이기 시작합니다. 단, 너무 많은 일을 동시에 처리하려다 집중력이 분산될 수 있으니 우선순위를 먼저 정하는 것이 중요합니다."
원숭이띠,직장운,주변 동료들의 기대가 높아져 부담스러운 하루가 될 수 있습니다. 타고난 재치와 순발력으로 예상치 못한 상황도 능숙하게 넘길 수 있는 날입니다. 다만 임기응변에만 의존하지 말고 결과물에 꼼꼼함을 더한다면 더욱 탁월한 성과로 이어집니다.
원숭이띠,직장운,새로운 프로젝트나 업무 제안이 들어올 가능성이 있는 날입니다. 영리하고 융통성 있는 사고방식 덕분에 남들이 놓치는 기회를 먼저 포착할 수 있습니다. 섣불리 여러 제안을 모두 수락하기보다 가장 의미 있는 한 가지에 집중하는 선택이 커리어에 도움이 됩니다.
원숭이띠,직장운,"상사나 동료와의 소통 방식을 두고 고민이 생길 수 있는 날입니다. 원숭이띠의 창의적인 발상은 회의나 토론 자리에서 특히 빛을 발하니 자신의 의견을 적극적으로 표현하는 것이 좋습니다. 단, 재치 있는 표현이 가벼워 보이지 않도록 논리적인 근거를 함께 제시하는 것이 설득력을 높입니다."
원숭이띠,직장운,업무 성과가 좀처럼 인정받지 못하는 것 같아 허탈함을 느끼고 있을 수 있습니다. 그러나 오늘 발휘하는 기민한 문제 해결 능력은 주변에서 생각보다 훨씬 주목받고 있습니다. 조급하게 인정을 구하기보다 맡은 일에 집중하는 태도가 결국 더 큰 신뢰와 기회로 돌아옵니다.
원숭이띠,건강운,"머리는 쉬지 않고 돌아가는데 몸은 따라오지 못하는 하루가 될 수 있습니다. 원숭이띠 특유의 빠른 사고와 활발한 움직임이 오히려 에너지를 과소비하게 만들 수 있으니, 오늘은 의식적으로 속도를 늦추는 연습이 필요합니다. 잠깐의 멈춤이 오히려 더 큰 활력을 불러옵니다."
원숭이띠,건강운,"여러 가지 일에 동시에 집중하다 보면 정작 자신의 몸 상태를 놓치기 쉬운 날입니다. 재치 있게 상황을 헤쳐나가는 능력은 뛰어나지만, 오늘만큼은 그 영리함을 자신의 건강 신호를 읽는 데 먼저 활용하시기 바랍니다. 몸이 보내는 작은 피로 신호를 가볍게 여기지 않는 것이 중요합니다."
원숭이띠,건강운,"쉽게 지루함을 느끼는 원숭이띠의 특성상 단조로운 휴식보다는 가벼운 스트레칭이나 산책처럼 움직임이 있는 회복 방식이 더 효과적입니다. 억지로 가만히 있으려 할수록 오히려 정신적 피로가 쌓일 수 있으니, 자신에게 맞는 방식으로 에너지를 재충전하시기 바랍니다."
원숭이띠,건강운,"융통성이 뛰어난 만큼 무리한 일정도 어떻게든 소화해내려는 경향이 있지만, 오늘은 그 융통성을 자신을 위한 여유 시간을 만드는 데 발휘하시기 바랍니다. 잔꾀를 부리듯 하루 일과 사이사이에 짧은 휴식을 끼워 넣는 것이 체력 관리에 큰 도움이 됩니다."
원숭이띠,건강운,"산만해지기 쉬운 오늘의 흐름 속에서 수면의 질이 떨어질 수 있으니 주의가 필요합니다. 취침 전 머릿속에 떠오르는 아이디어나 생각들을 간단히 메모해 두면 뇌가 쉽게 긴장을 풀 수 있으며, 이것이 내일의 순발력을 유지하는 가장 영리한 방법이 됩니다."
원숭이띠,대인운,"누군가와의 관계에서 답답함을 느끼고 있다면, 오늘은 그 마음을 잠시 내려놓으시기 바랍니다. 원숭이띠 특유의 재치 있는 화법이 빛을 발하는 날로, 어색했던 사이도 가벼운 한마디로 자연스럽게 풀릴 수 있습니다. 말의 타이밍을 잘 살피는 것이 오늘의 핵심입니다."
원숭이띠,대인운,"오늘은 생각보다 많은 사람들이 당신에게 먼저 연락을 취해 올 수 있습니다. 원숭이띠의 뛰어난 융통성 덕분에 다양한 성격의 사람들과도 무리 없이 어울릴 수 있으나, 지나친 친밀감 표현은 오히려 오해를 부를 수 있으니 적절한 거리를 유지하시기 바랍니다."
원숭이띠,대인운,"평소 말을 아끼던 상대방이 오늘따라 속마음을 털어놓을 수 있습니다. 원숭이띠의 빠른 눈치와 순발력이 상대의 감정을 읽어내는 데 큰 도움이 됩니다. 다만 영리함을 앞세워 결론을 성급하게 내리기보다는, 끝까지 경청하는 자세가 관계를 더욱 깊게 만들어 줄 것입니다."
원숭이띠,대인운,"여러 사람과 동시에 관계를 이어가다 보면 집중력이 흐트러질 수 있는 날입니다. 원숭이띠의 산만한 기질이 다방면으로 발휘될 수 있으므로, 오늘은 중요한 한두 관계에 에너지를 집중하시기 바랍니다. 깊이 있는 대화 한 번이 여러 번의 얕은 만남보다 훨씬 큰 신뢰를 쌓아 줄 것입니다."
원숭이띠,대인운,"오늘 주변의 갈등 상황에서 중재자 역할을 맡게 될 가능성이 있습니다. 원숭이띠의 창의적인 발상과 재치는 복잡한 상황을 뜻밖의 방법으로 풀어내는 데 탁월한 힘을 발휘합니다. 단, 잔꾀에 의존한 임시방편보다는 진심 어린 태도로 접근할 때 모두에게 신뢰받는 존재로 기억될 것입니다."
원숭이띠,행동운,머릿속에 아이디어가 넘쳐나지만 정작 무엇부터 시작해야 할지 막막하게 느껴지실 수 있습니다. 오늘은 떠오르는 생각들을 메모지에 모두 적어 내려가는 것부터 시작하시기 바랍니다. 원숭이띠 특유의 빠른 두뇌 회전이 정리된 목록 앞에서 더욱 빛을 발하게 됩니다.
원숭이띠,행동운,"주변의 요청과 부탁이 한꺼번에 몰려들어 정신이 분산되기 쉬운 하루입니다. 영리한 판단력을 발휘하여 오늘 반드시 처리해야 할 일과 미루어도 되는 일을 명확히 구분하시기 바랍니다. 선택과 집중이 이루어지는 순간, 탁월한 순발력이 최대한 발휘됩니다."
원숭이띠,행동운,오랫동안 결론을 내리지 못한 사안이 있다면 오늘이 결정을 내리기에 적합한 날입니다. 원숭이띠의 뛰어난 융통성은 복잡한 상황에서도 현실적인 타협점을 찾아내는 데 강점이 있습니다. 완벽한 답을 기다리기보다 지금 가진 정보를 토대로 과감히 선택하시기 바랍니다.
원숭이띠,행동운,"재치 있는 말 한마디가 오늘 중요한 관계의 물꼬를 트는 열쇠가 됩니다. 그러나 기지를 발휘하는 것과 가볍게 보이는 것은 다르므로, 발언 전 한 박자 여유를 두시기 바랍니다. 신중하게 건넨 한마디가 깊은 인상을 남기고 의외의 기회로 연결될 수 있습니다."
원숭이띠,행동운,"창의적인 방식으로 문제를 해결할 수 있는 기회가 오늘 찾아옵니다. 기존의 방법에 얽매이지 말고 원숭이띠 특유의 발상 전환으로 새로운 접근을 시도하시기 바랍니다. 단, 즉흥적인 실행에 앞서 최소한의 검토 과정을 거치는 것이 예상치 못한 실수를 방지하는 데 도움이 됩니다."
닭띠,총운,"오늘은 스스로에게 지나치게 엄격한 기준을 세우고 있지는 않은지 돌아보시기 바랍니다. 닭띠 특유의 완벽주의가 빛을 발하는 날이지만, 모든 것을 완벽하게 통제하려는 욕심이 오히려 에너지를 소진시킬 수 있습니다. 오늘은 80점짜리 완성도로도 충분히 좋은 결과를 얻을 수 있다는 점을 기억하시기 바랍니다."
닭띠,총운,"오늘의 흐름은 꼼꼼한 준비와 실행력이 빛나는 방향으로 흘러갑니다. 평소 철저하게 세워둔 계획이 오늘 비로소 결실을 맺는 하루가 될 것입니다. 다만 주변 사람들에게 같은 기준을 요구하기보다는, 각자의 방식을 존중하는 유연함도 함께 발휘하신다면 더욱 원활한 하루가 될 것입니다."
닭띠,총운,"오늘은 작은 일에도 신경이 쓰이고 마음이 분산되는 느낌이 드실 수 있습니다. 닭띠 특유의 예리한 감각이 주변의 문제점을 빠르게 포착하게 하지만, 모든 것을 지적하고 바로잡으려 하면 오히려 관계에 피로감이 쌓일 수 있습니다. 오늘은 꼭 필요한 말만 가려서 전하는 절제의 미덕이 중요한 날입니다."
닭띠,총운,"부지런함과 자기관리가 뛰어난 닭띠에게 오늘은 그 노력이 타인에게도 인정받는 흐름이 형성됩니다. 꾸준히 지켜온 루틴과 성실한 태도가 긍정적인 평가로 돌아오는 시기이므로, 자신감을 갖고 앞으로 나아가시기 바랍니다. 단, 성과에 도취되어 다음 단계의 준비를 소홀히 하지 않도록 주의하시기 바랍니다."
닭띠,총운,"오늘은 혼자 모든 것을 해결하려는 고집을 잠시 내려놓는 것이 현명한 선택이 됩니다. 닭띠의 강한 책임감은 큰 장점이지만, 협력이 필요한 상황에서는 타인의 도움을 받아들이는 것이 더 나은 결과로 이어질 수 있습니다. 오늘의 에너지는 혼자보다 함께할 때 훨씬 크게 발휘되는 흐름입니다."
닭띠,애정운,마음속으로 정해둔 기준이 너무 높아 상대방에게 실망하는 날이 있습니다. 오늘은 완벽한 모습보다 있는 그대로를 바라보는 연습이 필요합니다. 작은 허점도 품어주는 여유가 관계를 더욱 단단하게 만들어 줍니다.
닭띠,애정운,"하고 싶은 말을 꾹 참아온 시간이 오래되었다면, 오늘은 그 마음을 조심스럽게 꺼내볼 때입니다. 다만 정확하게 전달하려는 마음이 지나치면 상대는 지적받는 느낌을 받을 수 있으니 말의 온도에 신경 쓰시기 바랍니다."
닭띠,애정운,스스로를 철저히 관리하는 만큼 상대에게도 같은 기준을 요구하고 있지는 않은지 돌아볼 필요가 있습니다. 오늘의 애정운은 기준을 내려놓을수록 오히려 좋은 인연이 가까워지는 흐름입니다.
닭띠,애정운,"계획한 대로 관계가 흘러가지 않아 답답한 감정이 드는 하루일 수 있습니다. 사람의 마음은 일정표대로 움직이지 않는다는 사실을 받아들일 때, 비로소 상대와의 거리가 좁혀지기 시작합니다."
닭띠,애정운,"부지런히 노력해온 관계임에도 상대방의 반응이 기대에 미치지 못해 지쳐있을 수 있습니다. 오늘은 먼저 나서기보다 잠시 기다리는 전략이 더 효과적이며, 여백을 주는 것 자체가 상대에게는 큰 배려로 전해질 수 있습니다."
닭띠,금전운,꼼꼼하게 따져보았음에도 지출이 새는 느낌이 드는 날입니다. 닭띠 특유의 철저한 자기관리 능력을 발휘하여 오늘 하루 소비 내역을 다시 한번 점검해 보시기 바랍니다. 작은 누수를 막는 것이 큰 재산을 지키는 시작이 됩니다.
닭띠,금전운,"계획한 대로 수입이 들어오지 않아 답답함을 느끼실 수 있습니다. 그러나 닭띠의 부지런함은 반드시 결실로 이어지는 법이니, 조급하게 방향을 바꾸기보다 기존의 계획을 끝까지 밀고 나가시기 바랍니다. 흔들리지 않는 일관성이 오늘의 금전운을 지켜 줍니다."
닭띠,금전운,"투자 결정을 앞두고 여러 정보가 쏟아져 혼란스러운 상황이 찾아올 수 있습니다. 닭띠는 정확함을 중시하는 기질이 있으므로, 검증되지 않은 정보에 섣불리 움직이지 않는 것이 현명합니다. 오늘은 결정을 서두르기보다 자료를 충분히 검토하는 데 시간을 쓰시기 바랍니다."
닭띠,금전운,"타인의 금전 요청에 난처함을 느끼게 되는 하루가 될 수 있습니다. 닭띠의 고집스러운 원칙이 오히려 오늘은 큰 힘이 되니, 감정에 이끌려 무리한 지출이나 보증을 약속하지 않도록 주의하시기 바랍니다. 재정의 경계를 명확히 하는 것이 관계와 돈을 모두 지키는 길입니다."
닭띠,금전운,"오늘은 예상치 못한 소비가 발생하여 세워 둔 예산 계획이 흔들릴 수 있습니다. 완벽주의적 성향을 지닌 닭띠에게 이런 상황은 스트레스로 다가올 수 있으나, 계획이 일부 어긋났다고 해서 전체를 포기하지 않도록 하시기 바랍니다. 수정과 보완을 거치는 과정 자체가 재정 관리의 완성에 가까워지는 길입니다."
닭띠,직장운,"오늘은 맡은 업무의 완성도를 높이는 데 집중하기 좋은 흐름입니다. 꼼꼼한 검토와 철저한 준비가 빛을 발하는 날이므로, 평소의 계획성을 십분 발휘하시기 바랍니다. 다만 지나친 완벽주의로 인해 처리 속도가 늦어지지 않도록 균형을 유지하는 것이 중요합니다."
닭띠,직장운,주변 동료의 업무 방식이 마음에 걸려도 오늘만큼은 개입보다는 자신의 성과에 집중하는 것이 유리합니다. 잔소리나 지적보다는 묵묵히 결과물로 보여주는 전략이 직장 내 신뢰를 더욱 단단하게 만들어 줍니다.
닭띠,직장운,"계획대로 흘러가지 않는 상황에 답답함을 느끼기 쉬운 날입니다. 고집을 잠시 내려놓고 유연하게 방향을 조정한다면, 오히려 더 나은 결과를 얻을 수 있는 기회가 열립니다. 변화에 열린 자세가 오늘의 열쇠입니다."
닭띠,직장운,"상사나 동료로부터 인정받고 싶은 마음이 평소보다 강하게 느껴지는 하루입니다. 부지런함과 정확성을 앞세워 맡은 역할에 충실하다 보면, 노력이 자연스럽게 눈에 띄게 될 것입니다. 조급함보다는 꾸준함이 더 큰 성과를 만들어 줍니다."
닭띠,직장운,업무 중 세밀한 오류를 발견하는 날카로운 감각이 돋보이는 날입니다. 철저한 자기관리와 꼼꼼한 검수 능력 덕분에 중요한 실수를 미리 차단할 수 있습니다. 이러한 역할이 팀 전체의 신뢰로 이어지는 흐름이 형성되고 있습니다.
닭띠,건강운,스스로를 혹독하게 몰아붙이고 있지는 않으신지 돌아보시기 바랍니다. 닭띠 특유의 완벽주의가 신체에 과부하를 일으키는 날입니다. 계획한 운동량을 억지로 채우기보다 몸이 보내는 신호에 먼저 귀를 기울이는 것이 오늘의 현명한 선택입니다.
닭띠,건강운,"오늘은 정신적 피로가 신체 곳곳에 영향을 미치는 흐름입니다. 부지런한 닭띠는 쉬는 것조차 허투루 여기지 않는 성향이 있으나, 충분한 휴식이야말로 내일의 완벽한 컨디션을 만드는 준비임을 기억하시기 바랍니다. 오늘 하루만큼은 계획표에 '쉼'을 당당히 적어두시기 바랍니다."
닭띠,건강운,"자잘한 신체 증상을 그냥 지나치지 마시기 바랍니다. 철저한 자기관리를 자랑으로 여기는 닭띠이지만, 오늘은 그 기준을 타인이 아닌 자신의 몸에 먼저 적용할 필요가 있습니다. 사소한 불편함도 꼼꼼히 살피는 것이 닭띠다운 진정한 건강 관리입니다."
닭띠,건강운,"머릿속이 좀처럼 조용해지지 않아 수면의 질이 떨어질 수 있는 날입니다. 닭띠의 고집스러운 사고방식이 걱정과 반추를 반복하게 만들 수 있으므로, 취침 전 생각을 종이에 적어 내려놓는 습관이 오늘따라 특히 도움이 됩니다. 정신을 고요히 정리하는 것이 곧 몸을 회복시키는 길입니다."
닭띠,건강운,오늘은 에너지를 분산하지 않고 한 곳에 집중하는 것이 건강 유지에 유리한 흐름입니다. 여러 가지를 동시에 완벽하게 해내려는 닭띠의 습관이 오늘만큼은 체력 소모를 가중시킬 수 있습니다. 우선순위를 하나로 좁히고 나머지는 내일로 미루는 용기가 오늘의 건강운을 지키는 열쇠입니다.
닭띠,대인운,"오늘은 주변 사람들과의 관계에서 작은 오해가 생길 수 있는 흐름입니다. 꼼꼼한 성격으로 인해 상대방의 실수를 그냥 지나치기 어려울 수 있으나, 지적보다는 조용히 기다려 주는 방식이 관계를 더욱 단단하게 만들어 줄 것입니다."
닭띠,대인운,"타인의 부족한 부분이 유독 눈에 잘 들어오는 하루입니다. 완벽함을 추구하는 성향이 때로는 상대에게 부담으로 전달될 수 있으니, 오늘만큼은 기준을 조금 낮추고 상대방의 속도를 존중하는 태도가 원만한 소통을 이끌어 줄 것입니다."
닭띠,대인운,새로운 인연과 접점이 생기기 좋은 날입니다. 평소 철저하게 준비된 모습과 신뢰감 있는 태도가 상대방에게 긍정적인 인상을 남기게 됩니다. 먼저 다가가는 용기가 뜻밖의 소중한 관계를 만들어 줄 수 있습니다.
닭띠,대인운,가까운 사람과의 대화에서 의견 충돌이 생길 수 있는 기운이 감지됩니다. 자신의 생각이 옳다 하더라도 고집스럽게 밀어붙이기보다는 상대의 이야기를 먼저 충분히 들어 주는 자세가 갈등을 예방하는 데 큰 도움이 될 것입니다.
닭띠,대인운,"오늘은 그동안 소홀했던 지인에게 먼저 연락을 취해 보는 것이 좋은 흐름입니다. 부지런하고 성실한 모습이 상대방에게 믿음직스러운 존재로 기억되는 날이니, 진심을 담은 안부 한마디가 관계의 온도를 높여 줄 것입니다."
닭띠,행동운,"오늘따라 해야 할 일이 산더미처럼 느껴져 어디서부터 시작해야 할지 막막한 마음이 드실 것입니다. 닭띠 특유의 꼼꼼함을 발휘하여 우선순위 목록을 직접 손으로 작성하는 것이 가장 효과적입니다. 머릿속으로만 정리하려 하면 오히려 혼란이 가중되오니, 눈에 보이는 형태로 정리한 뒤 하나씩 지워나가는 방식으로 실천하시기 바랍니다."
닭띠,행동운,계획한 대로 일이 풀리지 않아 속으로 답답함을 느끼고 계실 것입니다. 닭띠는 완벽한 결과를 원하는 만큼 중간 과정의 오차를 쉽게 용납하지 못하는 경향이 있습니다. 오늘은 완벽한 완성보다 일단 진행 상태를 점검하고 수정 가능한 부분을 하나라도 바로잡는 행동 자체에 의미를 두시기 바랍니다.
닭띠,행동운,주변 사람의 행동 방식이 마음에 들지 않아 한마디 하고 싶은 충동이 드실 수 있습니다. 닭띠의 기준은 높고 철저한 만큼 타인의 허술함이 유독 눈에 잘 띄게 됩니다. 오늘만큼은 지적하는 대신 직접 시범을 보이거나 조용히 도움을 건네는 방식을 선택하시면 관계와 성과 모두 좋은 결과를 얻으실 수 있습니다.
닭띠,행동운,오랫동안 미뤄두었던 일이 마음 한편에 걸려 있어 스스로 자책하고 계실 것입니다. 닭띠는 자기관리에 엄격한 만큼 자신이 설정한 기준에 못 미쳤다고 느낄 때 유독 자신을 몰아붙이는 경향이 있습니다. 오늘은 완벽하게 마무리하려는 욕심을 내려놓고 해당 일의 첫 단계 하나만 실행에 옮기시기 바랍니다.
닭띠,행동운,"결정을 앞두고 이것저것 따지다 보니 정작 중요한 순간을 놓치고 있다는 느낌이 드실 것입니다. 닭띠는 신중하고 계획적인 성향이 강한 반면, 지나친 분석이 행동을 지연시키는 원인이 되기도 합니다. 오늘은 수집한 정보의 70퍼센트만으로도 충분히 결정할 수 있다고 스스로에게 허락하고, 지금 당장 결론을 내리는 연습을 해보시기 바랍니다."
개띠,총운,"오늘은 마음속 깊이 쌓아두었던 걱정들이 수면 위로 떠오르는 하루가 될 수 있습니다. 개띠 특유의 책임감이 강하게 작동하여 혼자 모든 것을 짊어지려는 경향이 나타날 수 있으나, 때로는 주변의 도움을 받아들이는 것이 더 현명한 선택임을 기억하시기 바랍니다."
개띠,총운,"오늘의 에너지는 신뢰를 기반으로 한 관계에서 빛을 발합니다. 오랜 인연이나 믿음을 쌓아온 사람과의 교류에서 뜻밖의 기회가 찾아올 수 있으니, 의리 있는 태도를 유지하며 진심을 나누시기 바랍니다."
개띠,총운,"해야 할 일과 지켜야 할 원칙 사이에서 고민이 깊어지는 하루가 될 수 있습니다. 개띠의 고지식한 면이 오히려 신뢰감을 높여주는 순간이 될 수 있으니, 흔들리지 않는 자신의 기준을 믿고 나아가시기 바랍니다."
개띠,총운,"오늘은 지나친 걱정이 판단력을 흐릴 수 있는 날입니다. 개띠 특유의 정의감이 앞서다 보면 불필요한 갈등에 휘말릴 수 있으니, 옳고 그름을 판단하기에 앞서 상황을 충분히 살피는 여유를 가지시기 바랍니다."
개띠,총운,"오늘 하루는 묵묵히 걸어온 길이 서서히 결실을 맺기 시작하는 흐름을 보입니다. 충성스럽고 성실한 태도로 쌓아온 신뢰가 주변 사람들에게 인정받는 순간이 찾아올 수 있으니, 자신의 노력을 과소평가하지 마시기 바랍니다."
개띠,애정운,"상대방을 향한 마음이 깊을수록 오히려 표현하기 어려워지는 날입니다. 개띠 특유의 신중함이 감정을 안으로 삼키게 만들 수 있으나, 오늘은 작은 한마디라도 용기 내어 전하는 것이 관계에 온기를 더합니다."
개띠,애정운,"소중한 사람이 걱정될수록 지나치게 챙기려는 마음이 부담으로 전해질 수 있는 날입니다. 의리와 충성심은 개띠의 큰 덕목이지만, 오늘은 한 발짝 물러서서 상대방의 속도를 존중하는 자세가 더 깊은 신뢰를 쌓아줍니다."
개띠,애정운,"오랫동안 쌓아온 감정을 이제는 정리할 때가 되었음을 느끼는 날입니다. 책임감이 강한 개띠는 관계를 쉽게 포기하지 않는 성향이 있으나, 놓아주는 것 역시 상대를 아끼는 방식임을 오늘은 받아들이시기 바랍니다."
개띠,애정운,"믿었던 사람으로부터 서운함을 느끼더라도 감정을 앞세우기보다 차분히 대화로 풀어가는 것이 현명합니다. 정의감이 강한 개띠는 옳고 그름을 따지고 싶은 마음이 앞설 수 있으나, 오늘은 판단보다 경청이 관계를 지키는 열쇠가 됩니다."
개띠,애정운,"새로운 인연 앞에서 쉽게 마음을 열지 못하고 경계하는 자신을 발견하는 날입니다. 개띠의 신중함과 고지식함은 때로 관계의 시작을 늦추기도 하지만, 진심으로 대하는 태도는 반드시 상대에게 전해지므로 있는 그대로의 모습을 보여주시기 바랍니다."
개띠,금전운,오늘은 지출이 예상보다 많아져 걱정이 앞서는 하루가 될 수 있습니다. 책임감이 강한 개띠 특유의 성향으로 인해 주변의 부탁을 거절하지 못하고 지갑을 여는 상황이 생길 수 있으니 주의가 필요합니다. 꼭 필요한 지출인지 한 번 더 확인하는 신중함이 요구됩니다.
개띠,금전운,"믿었던 사람과 관련된 금전 문제로 마음이 무거워질 수 있는 날입니다. 의리를 중시하는 개띠의 성향상 손해를 감수하면서도 상대를 배려하려는 마음이 앞설 수 있으나, 오늘만큼은 냉정하게 판단하는 자세가 재정을 지키는 길이 됩니다."
개띠,금전운,"수입과 지출의 균형을 점검하기에 좋은 흐름이 감지됩니다. 고지식하리만큼 원칙을 지키는 개띠의 성실함이 오늘은 오히려 강점으로 작용하여, 꼼꼼한 가계부 정리나 재정 계획 수립에 있어 좋은 성과를 거둘 수 있습니다."
개띠,금전운,"투자나 새로운 금전 계획을 앞두고 지나치게 걱정이 많아져 결정을 미루게 되는 날입니다. 신중함은 미덕이나 지나친 염려는 오히려 좋은 기회를 놓치게 만들 수 있으니, 충분히 검토한 사안이라면 과감하게 실행에 옮기는 용기도 필요합니다."
개띠,금전운,"오늘은 타인을 위한 보증이나 공동 지출 제안에 각별한 주의가 필요합니다. 신뢰와 의리를 중시하는 개띠이지만, 금전 문제에서만큼은 감정보다 사실을 기준으로 판단하는 것이 장기적인 재정 건강을 지키는 데 바람직합니다."
개띠,직장운,"맡은 일에 최선을 다하지만 인정받지 못한다는 느낌이 들어 지쳐 있을 수 있습니다. 오늘은 묵묵히 쌓아온 책임감과 성실함이 주변의 눈에 띄는 하루가 됩니다. 조용히 해온 노력이 뒤늦게라도 빛을 발하게 되므로, 흔들리지 않고 자신의 자리를 지키는 것이 중요합니다."
개띠,직장운,"동료와의 관계에서 의리를 중시하는 성향이 오늘 업무에 긍정적인 영향을 미칩니다. 팀 안에서 신뢰받는 존재로 자연스럽게 자리매김하게 되며, 협력이 필요한 상황에서 주도적인 역할을 맡게 될 가능성이 있습니다. 함께하는 동료를 배려하는 자세가 좋은 성과로 이어집니다."
개띠,직장운,"업무 처리 방식에 대해 스스로 지나치게 걱정하거나 완벽을 추구하느라 진행이 더뎌질 수 있는 날입니다. 고지식하게 원칙을 고수하는 것도 장점이지만, 오늘은 유연하게 방향을 조율하는 것이 더 나은 결과를 가져다줍니다. 완성도보다는 실행력에 집중하시기 바랍니다."
개띠,직장운,"직장 내에서 불합리한 상황을 마주하더라도 감정을 앞세우기보다는 신중하게 대처하는 것이 유리합니다. 강한 정의감이 오해를 불러일으킬 수 있으므로, 하고 싶은 말은 적절한 시점을 가려서 전달하시기 바랍니다. 참을성을 갖고 상황을 지켜보는 것이 장기적으로 신뢰를 지키는 길이 됩니다."
개띠,직장운,"오늘은 상사 또는 윗선으로부터 중요한 업무를 위임받을 가능성이 있습니다. 충성심과 책임감이 강한 특성 덕분에 신뢰할 수 있는 인물로 평가받고 있으며, 이를 바탕으로 새로운 기회가 열릴 수 있습니다. 주어진 역할에 성실하게 임한다면 커리어에 긍정적인 전환점이 마련됩니다."
개띠,건강운,타인을 위해 헌신하느라 정작 자신의 피로는 뒤로 미뤄온 날들이 쌓여 있을 것입니다. 오늘은 책임감을 잠시 내려놓고 몸이 보내는 신호에 귀를 기울이시기 바랍니다. 충분한 휴식이 곧 내일의 의리를 지키는 힘이 됩니다.
개띠,건강운,걱정이 많은 성격 탓에 마음의 긴장이 신체 곳곳에 영향을 미치고 있을 수 있습니다. 특히 어깨와 목 주변의 뭉침이 심해질 수 있으니 가벼운 스트레칭으로 긴장을 풀어주시기 바랍니다. 몸의 이완이 정신의 안정으로 이어지는 하루가 될 것입니다.
개띠,건강운,강한 정의감과 책임감으로 주변을 돌보다 보면 자신의 에너지가 소진되는 것을 미처 깨닫지 못하는 경우가 많습니다. 오늘은 식사 시간을 거르지 않고 규칙적으로 지키는 것만으로도 건강 관리에 큰 도움이 됩니다. 나를 지켜야 주변도 지킬 수 있음을 기억하시기 바랍니다.
개띠,건강운,신뢰를 중시하는 성품으로 인해 타인의 고민까지 함께 짊어지다 보면 정신적 피로가 누적되기 쉽습니다. 오늘은 혼자만의 조용한 시간을 확보하여 복잡한 생각을 정리하시기 바랍니다. 마음의 여백을 만드는 것이 정신 건강을 지키는 가장 확실한 방법입니다.
개띠,건강운,고지식한 면이 있어 무리한 상황에서도 쉽게 포기하거나 쉬지 못하는 경향이 있습니다. 오늘만큼은 완벽하게 해내려는 의지를 내려놓고 몸의 한계를 솔직하게 인정하시기 바랍니다. 적절한 휴식을 선택하는 것 역시 책임감 있는 자기 관리의 일부입니다.
개띠,대인운,"가까운 사람에게 서운함을 느끼더라도 오늘은 섣불리 감정을 드러내지 않는 것이 좋습니다. 개띠 특유의 강한 의리와 책임감이 오히려 상대에게 부담으로 전해질 수 있으니, 한 발짝 물러서서 상대의 입장을 헤아려 보시기 바랍니다."
개띠,대인운,"오늘은 믿었던 사람의 행동이 기대에 미치지 못해 실망감을 느낄 수 있습니다. 다만 개띠 특유의 고지식한 기준을 잠시 내려놓고 상대의 상황을 너그럽게 바라본다면, 관계가 한층 단단해지는 계기가 될 수 있습니다."
개띠,대인운,"주변 사람들의 고민을 자신의 일처럼 떠안으려는 마음이 강해지는 날입니다. 책임감과 충성심이 남다른 개띠이지만, 오늘만큼은 모든 것을 혼자 감당하려 하지 말고 도움을 청하는 용기도 필요합니다."
개띠,대인운,"새로운 인연이 생길 가능성이 있는 날이나, 처음 만나는 자리에서 지나치게 걱정하거나 경계심을 드러내면 좋은 인상을 남기기 어렵습니다. 개띠의 진실한 면모를 자연스럽게 보여주는 것만으로도 충분히 신뢰를 쌓을 수 있습니다."
개띠,대인운,"오랫동안 쌓인 오해를 풀고 싶은 마음이 들 수 있는 날입니다. 개띠 특유의 정의감으로 옳고 그름을 따지기보다, 진심 어린 말 한마디로 먼저 다가가는 것이 관계 회복에 훨씬 효과적으로 작용합니다."
개띠,행동운,"오늘은 미뤄두었던 중요한 결정을 내려야 할 때입니다. 개띠 특유의 강한 책임감을 믿고, 망설임 없이 선택의 첫 발을 내딛으시기 바랍니다. 지나친 걱정이 오히려 기회를 놓치게 만들 수 있으니, 지금 이 순간의 판단을 신뢰하시기 바랍니다."
개띠,행동운,가까운 이에게 솔직한 마음을 전하는 것이 오늘의 핵심 행동입니다. 충성심과 의리를 중시하는 개띠의 성품이 오늘따라 더욱 빛을 발하는 날입니다. 오해가 쌓이기 전에 먼저 다가가 진심을 전하시면 관계가 한층 단단해질 것입니다.
개띠,행동운,"오늘은 혼자 짊어지던 짐을 내려놓고 주변에 도움을 요청하는 행동이 필요합니다. 책임감이 강한 개띠는 모든 것을 스스로 해결하려는 경향이 있으나, 때로는 의지하는 것이 더 현명한 선택이 됩니다. 신뢰할 수 있는 사람에게 솔직히 상황을 털어놓으시기 바랍니다."
개띠,행동운,"오늘은 옳다고 여기는 일에 대해 분명한 입장을 표명하는 것이 바람직합니다. 강한 정의감을 지닌 개띠에게 침묵은 오히려 내면의 갈등을 키우는 요인이 됩니다. 단, 감정을 앞세우기보다 차분하고 논리적인 방식으로 의견을 전달하시기 바랍니다."
개띠,행동운,"오늘은 지나치게 고집스러운 태도를 내려놓고 상대방의 방식을 수용해보는 시도가 필요합니다. 개띠의 고지식한 면이 신뢰를 주기도 하지만, 때로는 유연한 자세가 더 나은 결과를 이끌어냅니다. 작은 양보 하나가 오늘 중요한 국면을 전환하는 열쇠가 될 것입니다."
돼지띠,총운,"오늘은 마음속에 쌓인 피로가 느껴지는 하루일 수 있습니다. 그러나 돼지띠 특유의 낙천적인 기운이 서서히 빛을 발하며, 무거운 감정이 점차 가벼워지는 흐름이 형성됩니다. 지나친 걱정보다는 현재에 집중하는 자세가 오늘의 에너지를 높이는 데 도움이 됩니다."
돼지띠,총운,주변 사람들과의 관계에서 따뜻한 기운이 감도는 하루입니다. 타고난 포용력과 관대함 덕분에 오늘 만나는 인연들로부터 좋은 인상을 받게 됩니다. 다만 지나친 배려로 인해 정작 본인의 일을 미루는 상황이 생기지 않도록 주의하시기 바랍니다.
돼지띠,총운,"새로운 시도를 앞두고 망설임이 커지는 하루가 될 수 있습니다. 돼지띠의 성실한 기질은 충분한 준비를 갖추게 하지만, 우유부단한 성향이 결정을 더디게 만들 수 있습니다. 오늘만큼은 작은 선택이라도 스스로 결론을 내리는 연습이 큰 도움이 됩니다."
돼지띠,총운,"기대했던 일이 예상과 다르게 흘러가더라도 실망하지 않으셔도 됩니다. 돼지띠의 너그러운 마음이 상황을 유연하게 받아들이는 힘이 되어 주며, 뜻밖의 방향에서 오히려 좋은 기회가 찾아오는 흐름이 감지됩니다. 결과보다는 과정에 집중하는 하루로 삼으시기 바랍니다."
돼지띠,총운,"오늘은 혼자 모든 것을 해결하려는 부담을 내려놓는 것이 현명합니다. 순수하고 성실한 돼지띠의 기질이 주변의 신뢰를 이끌어내는 날이므로, 필요한 경우 도움을 요청하면 생각보다 쉽게 해결의 실마리가 풀립니다. 작은 협력 하나가 오늘 하루의 흐름을 크게 바꾸어 놓을 수 있습니다."
돼지띠,애정운,"누군가를 향한 마음이 커질수록 오히려 표현이 망설여지는 하루입니다. 돼지띠 특유의 너그러운 포용력은 상대를 편안하게 만드는 큰 힘이 되지만, 오늘은 그 따뜻함을 말로도 전달해 보시기 바랍니다. 마음속에만 담아두기보다 작은 한마디가 관계를 한 걸음 더 가깝게 만들어 줄 것입니다."
돼지띠,애정운,오늘은 가까운 사람의 사소한 말과 행동에서 진심을 발견하게 됩니다. 평소 낙천적인 시선으로 상대의 좋은 면을 먼저 보아온 돼지띠의 성향이 오늘따라 더욱 빛을 발합니다. 그 따뜻한 시선이 상대에게도 고스란히 전해져 서로의 신뢰가 깊어지는 하루가 됩니다.
돼지띠,애정운,"마음에 두고 있는 상대가 있다면 오늘은 먼저 연락해 보시기 바랍니다. 결정을 미루는 습관이 소중한 인연을 놓치게 만들 수 있으니, 돼지띠 특유의 성실하고 진실된 모습으로 솔직하게 다가가는 것이 좋습니다. 상대방은 꾸밈없는 진심에 더 큰 호감을 느끼게 됩니다."
돼지띠,애정운,연인 또는 가까운 사람과의 관계에서 작은 오해가 쌓여 있다면 오늘이 풀어낼 기회입니다. 돼지띠의 관대한 마음으로 먼저 이해의 손을 내밀면 상대도 마음의 문을 열게 됩니다. 억울한 감정이 있더라도 잠시 내려놓는 용기가 관계를 한층 성숙하게 만들어 줄 것입니다.
돼지띠,애정운,오늘은 혼자 모든 감정을 감당하려 하지 않아도 됩니다. 순진하고 따뜻한 돼지띠의 마음은 종종 상대에게 모든 것을 맞추려다 스스로 지치게 만들기도 합니다. 나의 감정과 바람을 조용히 꺼내 놓는 것이 오히려 관계를 더욱 건강하게 유지하는 방법임을 기억하시기 바랍니다.
돼지띠,금전운,"오늘은 지출이 예상보다 늘어나 마음이 무거울 수 있습니다. 돼지띠 특유의 너그러운 성품이 주변의 부탁을 거절하지 못하게 만들 수 있으니, 타인을 위한 지출은 오늘만큼은 신중하게 결정하시기 바랍니다. 베풀고 싶은 마음은 귀하지만, 자신의 재정 상태를 먼저 살피는 것이 현명합니다."
돼지띠,금전운,"수입과 지출의 균형이 다소 흔들릴 수 있는 날입니다. 낙천적인 성격 덕분에 큰 걱정 없이 지나칠 수 있으나, 작은 소비가 쌓여 월말에 부담이 될 수 있습니다. 오늘은 가계부를 한 번 점검하는 시간을 갖는 것이 도움이 됩니다."
돼지띠,금전운,뜻하지 않은 곳에서 소소한 수입이 생길 가능성이 있는 날입니다. 돼지띠의 성실한 노력이 뒤늦게 결실을 맺는 흐름이 감지됩니다. 다만 순진한 판단으로 검증되지 않은 곳에 바로 재투자하는 것은 삼가시기 바랍니다.
돼지띠,금전운,투자나 재테크에 관한 솔깃한 제안이 들어올 수 있는 날입니다. 포용력이 크고 관대한 돼지띠는 상대방의 말을 쉽게 믿는 경향이 있어 각별한 주의가 필요합니다. 결정을 서두르지 말고 충분한 정보를 수집한 뒤 판단하시기 바랍니다.
돼지띠,금전운,오늘은 소비 욕구가 평소보다 강하게 느껴질 수 있습니다. 우유부단한 성향으로 인해 필요하지 않은 물건도 망설이다 결국 구매하게 되는 상황이 생길 수 있습니다. 장바구니에 담기 전에 꼭 필요한 것인지 한 번 더 자문하는 습관이 오늘의 금전운을 지켜줄 것입니다.
돼지띠,직장운,"오늘은 맡은 업무가 생각보다 무겁게 느껴질 수 있습니다. 돼지띠 특유의 성실함으로 꾸준히 임하다 보면 어느 순간 흐름이 풀리기 시작합니다. 다만 결정을 미루는 습관이 발목을 잡을 수 있으니, 오늘만큼은 빠른 판단을 의식적으로 실천해 보시기 바랍니다."
돼지띠,직장운,"직장 내에서 갈등이 생기더라도 돼지띠의 너그러운 성품이 자연스럽게 분위기를 부드럽게 만들어 줍니다. 주변 동료들이 그 포용력을 신뢰하고 있으니, 오늘은 중재자 역할을 자처하면 좋은 평가로 이어질 수 있습니다. 관계가 곧 성과임을 기억하시기 바랍니다."
돼지띠,직장운,"새로운 프로젝트나 업무 제안이 들어올 수 있는 하루입니다. 돼지띠의 낙천적인 기질 덕분에 긍정적으로 수용하는 자세는 훌륭하지만, 지나치게 많은 역할을 떠안지 않도록 자신의 역량을 먼저 점검하는 것이 중요합니다. 선택과 집중이 오늘의 핵심입니다."
돼지띠,직장운,"평소 묵묵히 쌓아온 노력이 오늘 주변의 인정으로 돌아올 수 있습니다. 돼지띠 특유의 꾸준한 성실함은 화려하지 않지만 반드시 눈에 띄는 순간이 찾아옵니다. 칭찬이나 피드백을 겸허히 받아들이고, 그 에너지를 다음 단계의 도약으로 연결하시기 바랍니다."
돼지띠,직장운,"오늘은 스스로의 의견을 좀 더 분명하게 표현해야 하는 상황이 생길 수 있습니다. 돼지띠의 관대한 성품이 때로는 우유부단함으로 비칠 수 있어, 중요한 회의나 논의 자리에서는 자신의 입장을 명확히 밝히는 것이 필요합니다. 부드럽되 단호한 태도가 오늘의 직장운을 한층 높여 줍니다."
돼지띠,건강운,"오늘은 몸이 평소보다 무겁고 피로감이 쉽게 쌓이는 하루가 될 수 있습니다. 돼지띠 특유의 성실함으로 무리하게 일을 이어가려는 경향이 있으나, 오늘만큼은 충분한 휴식을 우선순위에 두시기 바랍니다. 작은 산책이나 스트레칭만으로도 에너지가 회복되는 것을 느끼실 수 있습니다."
돼지띠,건강운,타인의 부탁을 거절하지 못하는 관대한 성품이 오늘은 체력 소모로 이어질 수 있으니 주의가 필요합니다. 스스로의 컨디션을 먼저 살피는 것이 결코 이기적인 일이 아님을 기억하시기 바랍니다. 자신을 돌보는 것이 곧 주변을 더 잘 챙길 수 있는 원동력이 됩니다.
돼지띠,건강운,"마음이 지나치게 여러 방향으로 분산되어 정신적 피로가 누적되기 쉬운 흐름입니다. 낙천적인 성품 덕분에 겉으로는 밝아 보일 수 있으나, 내면의 긴장은 서서히 쌓이고 있을 수 있습니다. 조용한 시간을 마련하여 자신의 감정 상태를 차분히 점검하시기 바랍니다."
돼지띠,건강운,포용력이 넓은 돼지띠는 주변의 감정과 에너지를 무의식중에 흡수하는 경향이 있습니다. 오늘은 타인의 무거운 감정에 지나치게 동화되지 않도록 적절한 심리적 거리를 유지하시기 바랍니다. 자신의 에너지를 온전히 지키는 것이 건강한 하루의 시작이 됩니다.
돼지띠,건강운,평소의 순진하고 낙관적인 태도가 건강 신호를 가볍게 넘기는 원인이 될 수 있는 날입니다. 몸에서 보내는 작은 이상 신호도 가볍게 여기지 말고 주의 깊게 살피시기 바랍니다. 충분한 수분 섭취와 규칙적인 식사를 통해 신체 균형을 유지하시면 좋은 흐름으로 마무리될 수 있습니다.
돼지띠,대인운,주변 사람들과의 관계에서 작은 오해가 생길 수 있는 하루입니다. 돼지띠 특유의 너그러운 마음으로 상대방의 입장을 먼저 헤아려 보시기 바랍니다. 포용력을 발휘할수록 관계의 실마리가 자연스럽게 풀립니다.
돼지띠,대인운,오늘은 오랫동안 연락이 뜸했던 지인에게 먼저 손을 내밀기 좋은 날입니다. 돼지띠의 따뜻한 성품이 상대방의 마음을 열게 하는 힘이 됩니다. 작은 안부 한 마디가 깊은 인연으로 이어질 수 있습니다.
돼지띠,대인운,"사람들 사이에서 중심을 잡기 어렵다고 느끼신다면, 그 감정은 자연스러운 것입니다. 돼지띠의 우유부단한 면이 오늘따라 두드러질 수 있으나, 성실하게 경청하는 태도만으로도 충분한 신뢰를 얻을 수 있습니다."
돼지띠,대인운,"오늘 만나는 사람들에게 관대한 표현을 아끼지 마시기 바랍니다. 돼지띠의 낙천적인 에너지는 주변 분위기를 밝게 만드는 데 탁월하며, 그 온기가 좋은 인연을 불러오는 씨앗이 됩니다."
돼지띠,대인운,단체 모임이나 여러 사람이 함께하는 자리에서 돼지띠의 포용력이 빛을 발하는 날입니다. 다만 지나친 순진함으로 인해 타인의 부탁을 무리하게 수락하지 않도록 주의하시기 바랍니다. 나를 지키는 것이 곧 관계를 오래 유지하는 길입니다.
돼지띠,행동운,"오늘은 결정을 미루고 싶은 마음이 강하게 드실 수 있습니다. 돼지띠 특유의 신중한 성품이 발동하여 선택의 순간을 자꾸 뒤로 미루게 되지만, 오늘만큼은 생각이 정리되는 즉시 행동으로 옮기시기 바랍니다. 작은 결단 하나가 오늘 하루의 흐름을 크게 바꾸어 놓을 것입니다."
돼지띠,행동운,"주변 사람의 부탁을 거절하기 어려운 하루가 될 수 있습니다. 타고난 관대함으로 모든 것을 떠안으려 하시겠지만, 오늘은 자신의 역량과 시간을 먼저 점검한 뒤 수락 여부를 결정하시기 바랍니다. 나를 지키는 것이 곧 상대를 위하는 길이 될 수 있습니다."
돼지띠,행동운,"오늘은 오랫동안 미뤄 두었던 일을 처음으로 시작하기에 좋은 날입니다. 돼지띠의 성실한 기운이 오늘따라 강하게 작용하므로, 계획만 세워 두고 실행하지 못했던 일에 첫 발을 내딛으시기 바랍니다. 거창하게 시작하지 않아도 됩니다. 작은 한 걸음이면 충분합니다."
돼지띠,행동운,"가까운 사람과의 오해가 쌓여 불편함을 느끼고 계신다면, 오늘이 먼저 말을 건네기에 적절한 시점입니다. 돼지띠의 넉넉한 포용력을 발휘하여 상대의 입장을 먼저 헤아리는 한마디를 건네시기 바랍니다. 먼저 손을 내미는 용기가 관계를 다시 회복시키는 열쇠가 됩니다."
돼지띠,행동운,"오늘은 여러 방면으로 에너지가 분산되기 쉬운 날입니다. 낙천적인 성품으로 여러 가지 일을 동시에 시도하고 싶어지시겠지만, 오늘은 가장 중요한 한 가지에 집중하여 완성도를 높이는 방향으로 행동하시기 바랍니다. 선택과 집중이 오늘 하루의 성과를 결정짓는 핵심이 될 것입니다."
쥐띠,총운,"오늘은 애써 준비한 일들이 뜻대로 흘러가지 않아 답답함을 느끼실 수 있습니다. 쥐띠 특유의 영리함과 정보 수집 능력을 발휘하여 상황을 면밀히 파악한다면, 막혀 있던 흐름이 서서히 풀릴 실마리를 발견하게 됩니다."
쥐띠,총운,"오늘은 주변의 크고 작은 변화들이 한꺼번에 감지되어 마음이 분주해지는 하루입니다. 쥐띠의 기민한 감각은 이러한 흐름을 남들보다 먼저 읽어내는 데 강점이 있으니, 섣불리 행동하기보다 정보를 충분히 모은 뒤 움직이시는 것이 유리합니다."
쥐띠,총운,"원하는 결과를 얻기 위해 지나치게 계산적으로 접근하다 보면 주변의 신뢰를 잃을 수 있는 날입니다. 쥐띠의 재치와 순발력은 분명 강점이지만, 오늘은 그 능력을 투명하게 드러내는 방향으로 활용하시기 바랍니다."
쥐띠,총운,"익숙했던 환경이나 관계에서 예상치 못한 변수가 등장하여 당혹스러움을 느끼실 수 있습니다. 그러나 쥐띠 특유의 임기응변 능력은 이러한 돌발 상황에서 진가를 발휘하므로, 당황하지 않고 차분히 대응한다면 오히려 좋은 기회로 전환될 수 있습니다."
쥐띠,총운,"오늘은 결정을 내려야 할 순간이 예상보다 일찍 찾아올 수 있습니다. 쥐띠의 뛰어난 판단력과 순발력이 빛을 발하는 시점이나, 지나친 속단보다는 핵심 정보를 한 번 더 점검한 뒤 결론을 내리시는 것이 후회 없는 선택으로 이어집니다."
쥐띠,애정운,"가까운 사람의 작은 행동 변화가 신경 쓰이는 하루입니다. 쥐띠 특유의 날카로운 관찰력이 상대의 미묘한 감정 변화를 포착하지만, 그 변화에 의미를 부여하기 전에 먼저 대화를 시도하는 것이 현명합니다. 섣부른 결론은 불필요한 오해를 만들 수 있습니다."
쥐띠,애정운,"새로운 만남의 기회가 가까이에 있는 날입니다. 상황을 빠르게 읽어내는 능력 덕분에 상대방의 호감을 감지하는 것은 어렵지 않지만, 지나치게 득실을 따지다 보면 자연스러운 감정의 흐름을 놓칠 수 있습니다. 오늘만큼은 계산보다 마음이 이끄는 방향을 따라보시기 바랍니다."
쥐띠,애정운,"오랜 인연과의 관계에서 새로운 감정이 싹트는 시기입니다. 쥐띠는 관계의 흐름을 누구보다 민감하게 읽어내지만, 그 감정을 내면에서만 정리하려는 습관이 상대방과의 거리를 벌려놓을 수 있습니다. 지금 느끼는 마음을 조금씩 표현하는 연습이 필요합니다."
쥐띠,애정운,"연인 혹은 관심 있는 상대와의 관계에서 주도권을 잡으려는 마음이 강해지는 날입니다. 뛰어난 재치와 임기응변으로 상황을 유리하게 이끌 수 있지만, 관계는 전략이 아닌 진심으로 깊어진다는 점을 기억하시기 바랍니다. 오늘은 한 발 물러서서 상대의 페이스를 존중하는 자세가 도움이 됩니다."
쥐띠,애정운,"마음속에 정리되지 않은 감정이 쌓여 답답함을 느끼는 하루입니다. 쥐띠는 감정을 빠르게 인식하면서도 이를 표현하는 데 신중한 편이라, 혼자 감당하는 무게가 생각보다 클 수 있습니다. 가까운 사람에게 솔직하게 털어놓는 것만으로도 관계가 한층 가까워지는 계기가 될 수 있습니다."
쥐띠,금전운,"갑작스러운 지출이 겹치면서 재정 균형이 흔들린다는 느낌을 받으실 수 있습니다. 쥐띠는 복잡한 상황에서도 빠르게 우선순위를 정리하는 능력이 뛰어난 만큼, 오늘은 그 기민함으로 불필요한 지출 항목부터 솎아내시기 바랍니다."
쥐띠,금전운,"가까운 지인과의 금전 관계에서 어색함이 생길 수 있는 날입니다. 쥐띠 특유의 눈치와 재치를 발휘하여 상대의 의도를 먼저 파악하신 뒤, 감정보다는 원칙에 근거한 판단을 내리시는 것이 현명합니다."
쥐띠,금전운,"수익을 기대하던 일이 예상보다 늦어지면서 초조함이 밀려오실 수 있습니다. 쥐띠는 정보를 빠르게 수집하고 경로를 바꾸는 능력이 강점인 만큼, 오늘은 기다리기보다는 새로운 수입 경로를 조용히 탐색해보시기 바랍니다."
쥐띠,금전운,"오늘은 절약을 다짐하고도 작은 소비가 반복되어 자책감이 드실 수 있습니다. 쥐띠의 계산적인 면을 부정적으로 여기실 필요 없이, 오히려 그 능력을 활용하여 하루 지출 한도를 미리 설정해두시면 실질적인 절제에 도움이 됩니다."
쥐띠,금전운,"누군가로부터 공동 투자나 재정적 협력을 제안받을 가능성이 있는 날입니다. 쥐띠는 상황을 꿰뚫는 직관이 뛰어나지만, 오늘은 그 직관을 섣부른 수락이 아닌 조건과 리스크를 꼼꼼히 따져보는 방향으로 활용하시기 바랍니다."
쥐띠,직장운,오늘은 업무 중 예상치 못한 변수가 생겨 당황스러움을 느낄 수 있습니다. 그러나 쥐띠 특유의 빠른 상황 파악 능력을 발휘한다면 오히려 이 변수를 유리한 방향으로 전환할 수 있습니다. 흔들리지 않고 침착하게 대응하는 것이 오늘의 핵심입니다.
쥐띠,직장운,"새로운 프로젝트나 과제 앞에서 부담감이 앞서는 하루가 될 수 있습니다. 쥐띠는 방대한 정보를 빠르게 정리하고 핵심을 추려내는 능력이 탁월하므로, 전체 흐름을 먼저 파악한 뒤 단계적으로 접근한다면 생각보다 수월하게 길이 열릴 것입니다."
쥐띠,직장운,"오늘은 직장 내 인간관계에서 미묘한 긴장감이 감지될 수 있습니다. 쥐띠는 타인의 감정 변화와 분위기를 읽는 데 뛰어난 감각을 지니고 있으므로, 말을 아끼고 상대의 의도를 먼저 파악하는 전략이 좋은 결과를 가져다줄 것입니다."
쥐띠,직장운,"그동안 묵묵히 쌓아온 노력이 주변에 제대로 전달되지 않는다는 답답함이 드는 날입니다. 쥐띠의 재치 있는 표현력과 적절한 타이밍 감각을 활용하여, 자신의 역할과 기여를 자연스럽게 알릴 수 있는 기회를 만들어 보시기 바랍니다."
쥐띠,직장운,"오늘은 협업 과정에서 자신의 의견이 쉽게 받아들여지지 않아 답답함을 느낄 수 있습니다. 쥐띠는 상대가 납득할 수 있는 근거와 데이터를 빠르게 조합하는 능력이 뛰어나므로, 감정보다는 논리적 설득으로 접근한다면 원하는 방향으로 논의를 이끌어 나갈 수 있을 것입니다."
쥐띠,건강운,"계획을 세우고 실행하는 일에 익숙한 쥐띠 분들은 오늘 몸의 피로보다 일정 관리에 더 집중하게 될 수 있습니다. 그러나 효율을 따지는 습관이 오늘은 휴식을 '낭비'로 느끼게 만들 수 있으니, 의도적으로 멈추는 시간을 확보하시기 바랍니다."
쥐띠,건강운,주변 사람들의 말과 행동에서 정보를 빠르게 수집하는 특성이 오늘은 신경계를 과부하 상태로 몰아갈 수 있습니다. 습득한 정보를 끊임없이 재정리하려는 두뇌 활동이 체력 소모로 이어지지 않도록 의식적으로 자신의 신체 상태를 점검하시기 바랍니다.
쥐띠,건강운,"상황을 빠르게 파악하고 최선의 선택을 찾으려는 성향이 오늘은 결정 피로로 이어질 수 있습니다. 크고 작은 판단을 반복하다 보면 정신적 에너지가 예상보다 빠르게 소진될 수 있으므로, 불필요한 선택의 수를 줄이고 몸에 여유를 남겨두시기 바랍니다."
쥐띠,건강운,"재치 있게 상황을 넘기고 임기응변으로 하루를 이어가다 보면, 정작 자신이 얼마나 지쳐 있는지 뒤늦게 깨닫는 경우가 생길 수 있습니다. 오늘은 문제를 처리하는 능력을 믿되, 그 능력이 소진되기 전에 충분한 수분 섭취와 짧은 휴식으로 몸을 먼저 챙기시기 바랍니다."
쥐띠,건강운,"손익을 따지듯 체력을 계산해 가며 움직이는 경향이 오늘은 오히려 무리로 이어질 수 있습니다. 충분히 버틸 수 있다는 판단이 신체의 실제 한계를 가리기 쉬우므로, 피로감이 느껴지기 전에 미리 쉬는 습관을 오늘 하루만큼은 실천해 보시기 바랍니다."
쥐띠,대인운,"누군가와의 관계에서 오해가 쌓이고 있다는 느낌이 드는 하루입니다. 쥐띠 특유의 기민한 감각으로 상황을 정확히 짚어내고 있을 테지만, 먼저 손을 내밀어 대화의 물꼬를 트는 것이 오늘의 흐름에 맞습니다. 작은 소통 하나가 묵은 오해를 풀어내는 계기가 될 수 있습니다."
쥐띠,대인운,"오늘은 처음 만나는 자리나 낯선 인연과의 접점이 생길 수 있는 하루입니다. 쥐띠의 빠른 눈치와 재치 있는 화법은 첫인상을 결정짓는 강력한 무기가 되므로, 과도한 계산보다는 자연스러운 자신감으로 상대를 대하시기 바랍니다. 예상치 못한 인연이 실질적인 도움으로 이어질 가능성이 있습니다."
쥐띠,대인운,"사람들 사이에서 자신도 모르게 중재자 역할을 맡게 되는 상황이 생길 수 있는 하루입니다. 쥐띠의 영리함과 순발력은 갈등의 핵심을 빠르게 파악하는 데 탁월하므로, 양측의 입장을 균형 있게 전달하는 데 집중하시기 바랍니다. 신중한 말 한마디가 주변의 신뢰를 한층 높이는 계기가 됩니다."
쥐띠,대인운,"오늘은 평소 마음을 열지 않았던 상대가 뜻밖의 이야기를 꺼내는 상황이 생길 수 있습니다. 쥐띠 특유의 정보 수집 본능으로 그 말의 맥락을 빠르게 읽어내되, 즉각적인 반응보다는 조용히 경청하는 태도가 관계를 깊게 만드는 열쇠가 됩니다. 들어주는 것만으로도 상대에게 큰 힘이 될 수 있는 하루입니다."
쥐띠,대인운,"오늘은 여러 방면에서 연락이 오가며 사람과의 교류가 활발해지는 흐름이 감지됩니다. 쥐띠의 임기응변 능력과 빠른 판단력 덕분에 다양한 관계를 동시에 유연하게 조율할 수 있으나, 모든 이의 기대에 부응하려다 정작 중요한 관계를 소홀히 하지 않도록 주의하시기 바랍니다."
쥐띠,행동운,오늘은 계획한 일이 뜻대로 풀리지 않아 답답함을 느끼실 수 있습니다. 억지로 밀어붙이기보다는 잠시 멈추고 현재 상황을 빠르게 재점검하시기 바랍니다. 쥐띠 특유의 임기응변 능력을 발휘하여 접근 방식을 유연하게 바꾸는 것이 오늘의 핵심 행동입니다.
쥐띠,행동운,"주변에서 들려오는 정보가 많아 무엇을 먼저 처리해야 할지 혼란스러울 수 있습니다. 오늘은 중요도와 긴급도를 기준으로 할 일의 순서를 직접 손으로 적어 정리하시기 바랍니다. 쥐띠의 정보 수집 능력이 빛을 발하는 날이니, 수집한 정보를 실질적인 행동 목록으로 전환하는 데 집중하십시오."
쥐띠,행동운,오늘은 가까운 사람과의 의견 충돌로 불편한 상황이 생길 수 있습니다. 감정적으로 반응하기보다는 상대의 말에서 핵심 의도를 먼저 파악하는 것이 중요합니다. 쥐띠의 예리한 판단력을 활용하여 상황을 객관적으로 정리한 뒤 조용히 자신의 입장을 전달하시기 바랍니다.
쥐띠,행동운,"오늘은 오래 검토만 하던 사안에 대해 직접 행동으로 첫걸음을 내딛어야 할 시점입니다. 쥐띠는 순발력이 뛰어나지만 지나친 계산이 실행을 늦추는 경우도 있으니, 오늘만큼은 분석보다 실천을 우선하시기 바랍니다. 작은 행동 하나가 장기간 고민하던 문제의 실마리를 풀어줄 수 있습니다."
쥐띠,행동운,오늘은 새로운 제안이나 기회가 예상치 못한 경로로 들어올 수 있습니다. 즉시 수락하거나 거절하기보다는 관련 정보를 빠르게 수집하여 실익을 따져보시기 바랍니다. 쥐띠의 기민한 정보 처리 능력을 십분 발휘한다면 타인보다 한발 앞서 유리한 결정을 내릴 수 있습니다.
소띠,총운,"오늘은 그동안 묵묵히 걸어온 길이 과연 옳은 방향인지 스스로 의심이 드는 날일 수 있습니다. 그러나 소띠 특유의 우직한 걸음은 결코 헛되지 않으며, 꾸준히 쌓아온 기반이 오늘의 버팀목이 되어줄 것입니다. 조급함을 내려놓고 본래의 페이스를 유지하시기 바랍니다."
소띠,총운,주변의 분주한 움직임에 비해 나만 제자리를 걷는 것 같아 초조함을 느끼실 수 있습니다. 하지만 오늘은 빠른 전진보다 흔들리지 않는 자세가 더 큰 힘을 발휘하는 날입니다. 근면하고 성실한 태도로 맡은 자리를 지키는 것이 가장 현명한 선택이 될 것입니다.
소띠,총운,"오늘은 타인의 말 한마디가 평소보다 깊이 마음에 걸릴 수 있는 날입니다. 끈기와 인내로 단단하게 다져진 내면을 믿고, 외부의 소음에 쉽게 흔들리지 않도록 중심을 잡으시기 바랍니다. 지금 걷고 있는 길의 가치는 오늘이 아닌 내일이 증명해줄 것입니다."
소띠,총운,"오늘은 익숙한 방식을 고수하고 싶은 마음이 강하게 드는 날입니다. 그 신중함이 실수를 줄이는 장점이 되기도 하나, 지나친 고집은 좋은 기회를 놓치게 만들 수 있으니 주의가 필요합니다. 평소보다 조금만 더 유연한 시각으로 상황을 바라보려는 노력이 오늘의 흐름을 바꾸어 줄 것입니다."
소띠,총운,"하루 동안 쏟아야 할 에너지가 여러 방향으로 분산되어 피로감을 느끼실 수 있습니다. 모든 것을 완벽하게 마무리하려는 책임감은 소띠의 큰 강점이지만, 오늘만큼은 스스로에게 적절한 여유를 허락하시기 바랍니다. 지치지 않고 꾸준히 나아가는 것이 궁극적으로 더 멀리 닿을 수 있는 길입니다."
소띠,애정운,"진심을 전하고 싶으면서도 어떤 말부터 꺼내야 할지 몰라 망설이고 계실 것입니다. 소띠의 묵직한 성품은 경솔하게 감정을 드러내지 않는 신중함으로 이어지지만, 때로는 그 신중함이 상대에게 무관심으로 오해받기도 합니다. 오늘은 작은 표현 하나라도 먼저 건네보시기 바랍니다."
소띠,애정운,"새로운 인연이 가까이 다가오고 있음에도 선뜻 마음을 열지 못하는 자신을 발견하게 되는 하루입니다. 소띠는 관계를 맺을 때 천천히 깊이 뿌리내리는 방식을 취하는 만큼, 서두르지 않아도 됩니다. 다만 지나친 경계심이 소중한 인연을 멀어지게 할 수 있음을 기억하시기 바랍니다."
소띠,애정운,"오랜 시간 묵묵히 곁에 있어 주었음에도 그 마음이 충분히 전해지지 않는다는 허탈함을 느끼실 수 있습니다. 소띠의 성실한 헌신은 말보다 행동으로 나타나는 경우가 많지만, 상대는 직접적인 언어로 마음을 확인받고 싶어 할 수 있습니다. 오늘은 행동과 함께 따뜻한 말 한마디를 더해 보시기 바랍니다."
소띠,애정운,"관계 안에서 나만 애쓰고 있다는 느낌이 마음 한켠에 자리 잡고 있을 수 있습니다. 소띠는 끈기 있게 버텨나가는 힘이 강하지만, 그 인내가 쌓이면 언젠가 한꺼번에 터져 나오기도 합니다. 감정이 굳기 전에 솔직하게 상대와 이야기를 나누는 것이 관계를 지키는 길이 됩니다."
소띠,애정운,"한동안 소원해진 사람과의 관계를 어떻게 회복해야 할지 고민이 깊어지는 날입니다. 소띠는 한번 틀어진 관계를 쉽게 먼저 풀려 하지 않는 성향이 있으나, 오늘은 자존심보다 관계의 소중함에 무게를 두어 보시기 바랍니다. 먼저 손을 내미는 용기가 오랜 인연을 되살리는 시작이 될 수 있습니다."
소띠,금전운,오늘은 금전적인 흐름이 다소 정체된 느낌을 받을 수 있습니다. 소띠 특유의 끈기와 인내심을 믿고 조급하게 움직이기보다는 현재의 자리를 지키는 것이 유리합니다. 지금의 묵묵한 태도가 머지않아 안정적인 결과로 이어질 것입니다.
소띠,금전운,"오늘은 소비 욕구가 평소보다 강하게 일 수 있어 주의가 필요합니다. 소띠는 한번 마음을 먹으면 쉽게 꺾이지 않는 우직함이 있는 만큼, 구매 결정 전 한 번 더 멈추고 필요 여부를 냉정히 따져보시기 바랍니다. 그 신중함이 오늘의 지갑을 지켜줄 것입니다."
소띠,금전운,꾸준히 다져온 재정 관리 습관이 오늘 든든한 버팀목이 되어주는 하루입니다. 화려한 수익보다 흔들림 없는 안정을 추구해온 소띠의 근면한 성품이 예상치 못한 지출 상황에서도 여유를 만들어줄 것입니다.
소띠,금전운,주변의 금전 거래나 돈이 오가는 제안에 신중하게 임하는 것이 좋습니다. 소띠는 융통성이 다소 부족한 편이어서 한번 얽힌 금전 관계는 풀기가 쉽지 않습니다. 가까운 사이일수록 명확한 기준을 세우고 대응하시기 바랍니다.
소띠,금전운,"수입의 흐름은 크게 변동 없이 안정적으로 유지되는 하루입니다. 다만 소띠의 성실하고 묵묵한 성품이 때로는 자신의 공로를 내세우지 못하는 방향으로 작용할 수 있으니, 정당한 대가를 요구하는 일에도 주저하지 않으시기 바랍니다."
소띠,직장운,오늘은 그동안 묵묵히 쌓아온 노력의 무게가 조직 안에서 조용히 인정받는 하루입니다. 화려한 성과보다 꾸준함으로 신뢰를 쌓아온 소띠의 강점이 동료와 상사의 마음속에 깊이 새겨지는 시점입니다. 서두르지 않아도 충분하니 오늘도 자신의 속도를 믿고 나아가시기 바랍니다.
소띠,직장운,업무 중 예상치 못한 변수가 생겨 당혹스러움을 느낄 수 있는 하루입니다. 소띠 특유의 끈기와 인내심을 바탕으로 흔들리지 않고 본래의 자리를 지키는 것이 가장 현명한 대처가 됩니다. 감정을 앞세우기보다 침착하게 상황을 받아들이는 자세가 오늘의 흐름을 유리하게 이끌어 줄 것입니다.
소띠,직장운,"오늘은 협업 과정에서 나의 방식과 타인의 방식이 맞부딪히는 순간이 찾아올 수 있습니다. 익숙한 방법에 대한 신뢰는 소띠의 강점이지만, 상대의 의견에 귀를 여는 유연함을 조금 더 발휘한다면 관계와 성과 모두를 얻을 수 있습니다. 작은 양보가 오늘 큰 신뢰로 돌아올 수 있음을 기억하시기 바랍니다."
소띠,직장운,"맡은 역할의 무게가 유독 크게 느껴지는 하루일 수 있으나, 바로 그 책임감이 오늘 소띠를 빛나게 하는 원동력이 됩니다. 성실하게 업무를 완수하는 모습이 주변의 눈에 자연스럽게 닿아 신뢰와 기회로 이어지는 흐름이 형성됩니다. 지치더라도 끝까지 완수하려는 우직한 태도가 오늘 가장 큰 자산이 됩니다."
소띠,직장운,오늘은 그동안 드러나지 않았던 역량이 업무 현장에서 자연스럽게 표출되는 흐름입니다. 조용하고 묵직하게 실력을 쌓아온 소띠에게 새로운 역할이나 책임이 주어질 가능성이 높아지는 시점입니다. 기회가 찾아왔을 때 지나치게 사양하기보다 준비된 만큼 담대하게 받아들이시기 바랍니다.
소띠,건강운,"스스로도 모르는 사이 한계를 넘어 움직여온 날들이 쌓였을 수 있습니다. 소띠 특유의 근면함이 피로를 느끼면서도 멈추지 못하게 만드는 오늘, 몸이 보내는 작은 경고음에 귀를 기울이는 것이 중요합니다. 충분한 수분 섭취와 짧은 스트레칭으로 신체 순환을 도와주시기 바랍니다."
소띠,건강운,"맡은 바를 끝까지 해내려는 성품 때문에 식사와 휴식을 미루기 쉬운 날입니다. 불규칙한 식습관이 소화 기능에 부담을 줄 수 있는 흐름이므로, 끼니를 거르지 않도록 의식적으로 챙기는 것이 필요합니다. 몸을 지켜야 오래 달릴 수 있다는 점을 오늘만큼은 기억해 주시기 바랍니다."
소띠,건강운,"자신에게 엄격한 소띠의 성향이 오늘은 정신적 긴장으로 이어질 수 있는 날입니다. 완벽하게 해내야 한다는 압박이 두통이나 눈의 피로감으로 나타날 수 있으니, 화면과 업무로부터 잠시 거리를 두는 시간을 확보하시기 바랍니다. 작은 여백이 오후의 집중력을 되살리는 데 큰 도움이 됩니다."
소띠,건강운,묵묵히 일을 감당해온 탓에 수면의 질이 떨어지고 있을 수 있는 흐름입니다. 끈기 있게 버텨온 몸이 밤 사이 충분히 회복되지 못한다면 피로가 누적되어 컨디션 저하로 이어질 수 있습니다. 오늘은 취침 전 가벼운 이완 동작으로 긴장을 풀고 숙면을 준비하는 것이 바람직합니다.
소띠,건강운,변화를 쉽게 받아들이지 않는 성향 탓에 몸의 이상 신호를 일시적인 것으로 여기고 넘기기 쉬운 날입니다. 평소와 다른 피로감이나 뻐근함이 느껴진다면 참고 지나치기보다 가볍게라도 몸 상태를 점검해 보시기 바랍니다. 우직한 인내가 미덕이 되려면 건강이 뒷받침되어야 한다는 점을 오늘 되새겨 주시기 바랍니다.
소띠,대인운,오랫동안 말없이 곁을 지켜온 사람이 오늘따라 멀게 느껴질 수 있는 흐름입니다. 소띠 특유의 묵직한 성실함은 때로 상대에게 거리감으로 읽히기도 합니다. 먼저 짧은 안부 한마디를 건네는 것만으로도 그 간극을 좁힐 수 있습니다.
소띠,대인운,직장이나 모임에서 자신의 의견이 충분히 받아들여지지 않는다고 느껴지는 날입니다. 끈기 있게 한 방향을 고수해온 소띠의 방식이 주변에는 고집으로 비칠 수 있습니다. 오늘은 상대의 말을 끝까지 듣고 난 뒤 천천히 입을 여는 것이 현명한 방법입니다.
소띠,대인운,가까운 사람과의 대화에서 의도치 않게 감정의 엇박자가 생길 수 있는 날입니다. 근면하고 우직한 소띠는 감정을 드러내는 일에 익숙하지 않아 상대가 진심을 오해하기 쉽습니다. 말의 무게보다 표정과 태도로 따뜻함을 전달하는 것이 오늘의 관계를 부드럽게 이어줄 것입니다.
소띠,대인운,"여러 사람이 함께하는 자리에서 자신만 동떨어진 듯한 느낌이 드는 흐름입니다. 빠르게 흘러가는 분위기에 쉽게 녹아들지 못하는 소띠의 성향이 오늘 더욱 두드러질 수 있습니다. 억지로 속도를 맞추려 하기보다, 조용히 자신의 존재감을 드러내는 방식을 선택하는 것이 좋습니다."
소띠,대인운,"오늘은 오랜 시간 인내하며 쌓아온 관계가 결실을 맺을 수 있는 흐름입니다. 묵묵히 자리를 지켜온 소띠의 한결같음이 상대방에게 신뢰로 전달되는 시기입니다. 관계를 거창하게 가꾸려 하지 않아도, 그 꾸준함 자체가 가장 강한 연결 고리가 됩니다."
소띠,행동운,오늘은 여러 가지 일이 한꺼번에 쌓여 어디서부터 시작해야 할지 막막하게 느껴질 수 있습니다. 소띠 특유의 우직함을 믿고 가장 기본적인 것부터 하나씩 처리해 나가시기 바랍니다. 작은 실천이 쌓일수록 전체 흐름이 자연스럽게 정리될 것입니다.
소띠,행동운,"오늘은 빠른 판단보다 정확한 판단이 더 중요한 하루입니다. 소띠는 성급하게 결론을 내리기보다 충분히 살피고 확인하는 성품을 지니고 있으므로, 그 신중함을 그대로 발휘하여 행동에 옮기시기 바랍니다. 서두르지 않는 것이 오늘의 가장 현명한 전략입니다."
소띠,행동운,주변 상황이 자신의 뜻대로 흘러가지 않아 답답함을 느끼는 하루가 될 수 있습니다. 그러나 소띠 특유의 끈기와 인내심을 바탕으로 흔들리지 않고 맡은 바에 집중하는 것이 오늘 취해야 할 가장 올바른 행동입니다. 외부의 소음에 휘둘리지 않는 것이 결과를 지켜내는 힘이 됩니다.
소띠,행동운,"오늘은 오랫동안 공들여 준비해 온 일에 대해 주변에 명확히 전달하고 확인받아야 할 시점에 놓여 있습니다. 소띠는 묵묵히 실행하는 데 강하지만, 때로는 자신의 진행 상황을 적극적으로 알리는 것도 필요한 행동입니다. 오늘은 소통과 보고를 실천하는 것이 중요합니다."
소띠,행동운,"평소보다 새로운 방식이나 낯선 절차를 요구받는 상황이 생길 수 있습니다. 소띠는 익숙한 방법에 신뢰를 두는 성향이 강하지만, 오늘은 기존의 방식을 고집하기보다 한 가지만이라도 달리 시도해 보는 것이 실질적인 전진으로 이어질 수 있습니다."
호랑이띠,총운,오늘은 주변의 기대와 압박 속에서도 흔들리지 않는 단단한 중심이 느껴지는 날입니다. 호랑이띠 특유의 강인한 자존심이 어떤 상황에서도 스스로를 지키는 방패가 되어줄 것입니다. 타인의 시선에 흔들리지 말고 자신의 판단을 믿으시기 바랍니다.
호랑이띠,총운,"오늘은 그동안 쌓아온 노력이 조금씩 결실로 이어지는 흐름이 감지되는 날입니다. 호랑이띠의 강한 추진력이 마지막 고비를 넘어서는 힘이 되어줄 것이며, 포기하지 않고 나아가는 자세가 좋은 결과를 이끌어낼 것입니다."
호랑이띠,총운,"최근 주변과의 관계에서 피로감을 느끼셨다면, 오늘은 잠시 홀로 방향을 정비하기에 좋은 날입니다. 호랑이띠의 독립심이 오히려 강점으로 작용하며, 혼자 내린 결정이 오늘만큼은 가장 올바른 선택이 될 가능성이 높습니다."
호랑이띠,총운,"오늘은 예상치 못한 변화가 찾아오더라도 당황하지 않고 침착하게 대응할 수 있는 기운이 함께하는 날입니다. 타고난 결단력이 빠른 판단을 가능하게 하며, 변화의 흐름을 기회로 바꾸는 호랑이띠만의 저력이 발휘될 것입니다."
호랑이띠,총운,오늘은 오랫동안 마음속에 품어온 계획을 행동으로 옮기려는 충동이 강하게 일어나는 날입니다. 다만 호랑이띠 특유의 성급함이 앞서지 않도록 한 번 더 상황을 점검한 후 움직이시기 바랍니다. 신중함이 더해진 추진력은 오늘의 가장 강력한 무기가 될 것입니다.
호랑이띠,애정운,"상대방의 작은 행동 하나가 마음에 걸려 쉽게 지나치지 못하는 하루입니다. 호랑이띠 특유의 예리한 감각이 관계 속 미묘한 변화를 포착하고 있으나, 단편적인 모습만으로 전체를 판단하지 않도록 주의가 필요합니다. 오늘은 섣부른 결론보다 조용히 지켜보는 여유가 관계를 더욱 단단하게 만들어 줄 것입니다."
호랑이띠,애정운,"평소라면 먼저 다가가지 않을 상황에서 오늘은 용기를 내어 한 발 앞서 움직이고 싶은 마음이 생길 수 있습니다. 호랑이띠의 강한 자존심이 그 발걸음을 붙잡을 수 있으나, 진심은 자존심보다 언제나 깊은 곳에 닿습니다. 작은 표현 하나가 오늘의 인연을 새로운 방향으로 이끄는 열쇠가 될 수 있습니다."
호랑이띠,애정운,마음에 두고 있는 상대가 있음에도 어떤 방식으로 다가가야 할지 방향을 잡기 어려운 날입니다. 추진력이 강한 호랑이띠이지만 감정의 영역에서는 그 힘을 어디로 향해야 할지 잠시 가늠해 보는 것이 필요합니다. 오늘은 행동보다 마음을 정리하는 시간을 먼저 갖는 것이 현명한 선택이 될 것입니다.
호랑이띠,애정운,"가까운 사람과의 사이에서 사소한 말 한마디가 예상치 못한 오해로 번질 수 있는 흐름입니다. 카리스마 있는 표현 방식이 때로는 상대에게 강압적으로 전해질 수 있으므로, 오늘은 말의 무게를 한 번 더 헤아린 뒤 전달하시기 바랍니다. 부드럽게 조율된 한마디가 관계의 균형을 지켜줄 것입니다."
호랑이띠,애정운,"혼자서 감당해온 감정의 무게가 오늘따라 유독 버겁게 느껴질 수 있는 하루입니다. 독립심이 강한 호랑이띠이기에 속마음을 쉽게 꺼내 보이지 않으셨겠지만, 신뢰하는 사람에게 솔직한 마음을 내보이는 것이 오히려 관계를 한층 깊이 있게 만드는 계기가 될 수 있습니다. 용맹함은 강함을 드러낼 때만이 아니라 솔직함을 선택할 때에도 빛을 발합니다."
호랑이띠,금전운,"오늘은 예상치 못한 고정 지출이 겹쳐 자금 흐름이 다소 막히는 느낌을 받으실 수 있습니다. 호랑이띠 특유의 추진력이 이 상황을 단번에 해결하려는 방향으로 작용할 수 있으나, 서두르면 오히려 지출이 커질 수 있습니다. 오늘은 빠른 결단보다 현황을 차분히 파악하는 것이 현명한 선택입니다."
호랑이띠,금전운,"오늘은 주변에서 금전적 조언이나 제안이 들어올 가능성이 있습니다. 호랑이띠의 강한 카리스마로 인해 스스로의 판단을 우선시하게 되지만, 타인의 시각이 오히려 놓친 부분을 짚어줄 수 있는 하루입니다. 열린 자세로 정보를 수집하신 후 최종 결정을 내리시기 바랍니다."
호랑이띠,금전운,"소비 욕구가 평소보다 강하게 일어나는 하루로, 갖고 싶었던 것에 지갑이 먼저 열릴 수 있습니다. 호랑이띠의 결단력이 구매 버튼을 누르는 순간을 앞당길 수 있으므로, 실제로 필요한 것인지 한 번 더 확인하는 절차가 필요합니다. 작은 점검 하나가 불필요한 후회를 막아줄 것입니다."
호랑이띠,금전운,오늘은 가까운 지인과의 금전 거래나 공동 투자 제안이 생길 수 있는 흐름입니다. 호랑이띠의 자존심이 불리한 조건에서도 물러서지 않는 방향으로 작용할 수 있어 주의가 필요합니다. 감정보다 실리를 우선에 두고 냉정하게 조건을 검토하시기 바랍니다.
호랑이띠,금전운,"수익을 더 빠르게 늘리고 싶은 마음이 강하게 드는 날이지만, 오늘의 흐름은 속도보다 안정을 요구하고 있습니다. 호랑이띠의 성급함이 검증이 덜 된 방법으로 자금을 움직이게 만들 수 있으므로, 당장의 기회보다 장기적인 안전성을 기준으로 판단하시는 것이 유리합니다."
호랑이띠,직장운,"오늘은 그동안 쌓아온 노력이 조용히 인정받는 흐름이 감지되는 하루입니다. 호랑이띠 특유의 독립적인 업무 방식이 주변의 신뢰를 얻는 계기가 될 수 있으므로, 지금의 자리에서 묵묵히 최선을 다하는 자세가 중요합니다."
호랑이띠,직장운,"오늘은 새로운 업무나 역할을 맡게 될 가능성이 높은 하루입니다. 호랑이띠의 강한 결단력과 추진력은 낯선 과제 앞에서도 빠르게 방향을 잡는 힘이 되어 줄 것이며, 섣불리 거부하기보다 기회로 받아들이는 시각이 커리어 성장에 도움이 됩니다."
호랑이띠,직장운,"오늘은 팀 내에서 자신의 의견을 강하게 주장하고 싶은 충동이 생기는 하루입니다. 호랑이띠의 카리스마는 분명 설득력이 있지만, 상대가 납득할 수 있는 근거를 함께 제시할 때 그 영향력이 더욱 단단해진다는 점을 기억하시기 바랍니다."
호랑이띠,직장운,"업무 중 예상치 못한 변수가 생겨 계획이 흔들리는 상황이 발생할 수 있는 하루입니다. 호랑이띠의 성급함이 앞서면 판단이 흐려질 수 있으므로, 잠시 멈추고 상황을 냉정하게 재정비하는 것이 오히려 더 빠른 결과로 이어집니다."
호랑이띠,직장운,"오늘은 혼자 모든 것을 해결하려는 마음이 강해지는 하루가 될 수 있습니다. 호랑이띠의 독립심은 강점이지만, 적절한 순간에 도움을 요청하거나 협력을 받아들이는 유연함이 더 큰 성과를 만들어 줄 것입니다."
호랑이띠,건강운,"용맹하게 모든 것을 혼자 감당해 온 호랑이띠에게 오늘은 몸이 먼저 한계를 알려오는 날입니다. 강한 추진력이 때로는 자신을 혹사시키는 방향으로 작용할 수 있으니, 오늘만큼은 쉬는 것도 하나의 능력임을 기억하시기 바랍니다."
호랑이띠,건강운,"카리스마 넘치는 호랑이띠는 타인에게 약한 모습을 보이지 않으려는 경향이 강합니다. 그러나 내면에 쌓인 긴장과 스트레스는 결국 신체 증상으로 나타날 수 있으니, 오늘은 혼자만의 조용한 시간을 통해 정신적 압박을 해소하는 것이 중요합니다."
호랑이띠,건강운,"결단력이 강한 호랑이띠는 한번 목표를 세우면 몸 상태와 관계없이 밀어붙이는 습관이 있습니다. 오늘은 그 강한 의지를 자신의 건강을 돌보는 방향으로 전환하여, 무리한 일정보다는 체력을 비축하는 선택을 하시기 바랍니다."
호랑이띠,건강운,"독립심이 강한 호랑이띠는 도움을 요청하는 것 자체를 부담스럽게 여기는 경우가 많습니다. 그로 인해 신체적 불편함이 있어도 혼자 참고 넘기는 경우가 생길 수 있으니, 오늘은 몸이 보내는 작은 신호도 가볍게 여기지 않는 자세가 필요합니다."
호랑이띠,건강운,성급하고 에너지가 넘치는 호랑이띠는 활동량이 많은 날일수록 수분 보충과 짧은 휴식을 소홀히 하기 쉽습니다. 오늘은 큰 성과보다 작은 생활 습관 하나를 바로잡는 것이 장기적인 건강의 기반이 된다는 점을 염두에 두시기 바랍니다.
호랑이띠,대인운,"오늘은 가까운 사람과의 사소한 의견 차이가 예상보다 깊은 갈등으로 번질 수 있는 흐름입니다. 호랑이띠 특유의 강한 자존심이 먼저 양보하는 것을 어렵게 만들 수 있으나, 한 발 물러서는 여유가 오히려 관계를 단단하게 만드는 계기가 됩니다."
호랑이띠,대인운,"오늘은 누군가의 부탁이나 제안이 자신의 계획과 맞지 않아 불편함을 느낄 수 있습니다. 독립적인 성향이 강한 호랑이띠에게 타인의 개입은 부담으로 다가올 수 있으나, 상대의 의도를 먼저 헤아리는 태도가 불필요한 마찰을 줄여 줄 것입니다."
호랑이띠,대인운,"평소 믿었던 사람에게 기대에 못 미치는 반응을 받아 실망감이 생길 수 있는 날입니다. 결단력과 카리스마로 주변을 이끌어 온 호랑이띠이지만, 오늘은 상대의 속도와 눈높이에 맞추어 소통하는 방식이 더 큰 신뢰를 쌓는 길이 됩니다."
호랑이띠,대인운,"새로운 인연이 예상치 못한 자리에서 연결될 수 있는 흐름이 감지됩니다. 처음 만나는 자리에서 호랑이띠의 강한 존재감이 상대에게 부담을 줄 수 있으니, 말보다 경청을 앞세우는 태도로 첫 인상을 부드럽게 가져가시기 바랍니다."
호랑이띠,대인운,"주변 사람들 사이에서 중재자 역할을 맡게 되는 상황이 생길 수 있습니다. 추진력이 강한 호랑이띠는 빠른 해결을 원하겠으나, 성급하게 결론을 내리기보다 각자의 입장을 충분히 듣는 과정이 관계를 더욱 원만하게 이끄는 열쇠가 됩니다."
호랑이띠,행동운,"오늘은 더 이상 기다리는 것이 오히려 손해임을 본능적으로 느끼고 계실 것입니다. 호랑이띠 특유의 날카로운 직감을 믿고, 지금 당장 첫 발을 내딛는 행동으로 옮기시기 바랍니다. 머뭇거림이 길어질수록 기회는 멀어질 수 있습니다."
호랑이띠,행동운,"오늘 주변에서 부당하다고 느껴지는 상황을 마주하게 될 수 있습니다. 강한 자존심을 가진 호랑이띠답게 침묵보다는 명확한 태도로 자신의 입장을 밝히는 것이 이로우며, 단호하되 감정적으로 치우치지 않도록 주의하시기 바랍니다."
호랑이띠,행동운,"오랫동안 협력해온 관계에서 역할과 책임을 새롭게 정리해야 할 시점이 찾아올 수 있습니다. 독립심이 강한 호랑이띠에게 이 과정은 불편하게 느껴질 수 있으나, 지금 분명하게 경계를 설정해두는 것이 이후의 혼란을 막는 가장 현명한 선택이 될 것입니다."
호랑이띠,행동운,오늘은 여러 선택지 앞에서 결정을 내려야 하는 순간이 예상보다 빠르게 찾아올 수 있습니다. 타고난 결단력을 발휘하여 과도하게 따지기보다는 본인이 가장 중요하게 여기는 가치를 기준으로 빠르게 판단하시기 바랍니다. 속도 있는 결정이 오늘만큼은 가장 큰 강점이 될 수 있습니다.
호랑이띠,행동운,"맡고 있는 일에서 주도권을 빼앗기는 듯한 느낌을 받고 계신다면, 그 감각을 그냥 지나치지 마시기 바랍니다. 카리스마 있는 호랑이띠는 뒤에서 끌려가는 방식보다 앞에서 이끄는 방식이 훨씬 잘 맞으며, 오늘은 적극적으로 주도적인 위치를 되찾는 행동이 필요한 날입니다."
토끼띠,총운,오늘은 어딘가 모르게 마음이 분산되고 집중이 쉽지 않은 하루가 될 것입니다. 토끼띠 특유의 섬세한 감수성이 주변의 자잘한 자극에 쉽게 반응하면서 에너지가 고르게 흐르지 못할 수 있습니다. 한 가지에 의식적으로 집중하는 연습이 오늘의 흐름을 안정시키는 열쇠가 됩니다.
토끼띠,총운,"오늘은 예상치 못한 곳에서 작은 기회의 문이 열리는 날입니다. 토끼띠의 뛰어난 눈치와 상황 파악 능력이 그 기회를 남들보다 한발 먼저 알아차리게 해줄 것입니다. 다만 지나친 신중함이 결단의 타이밍을 늦출 수 있으니, 포착한 순간에 용기 있게 한 발을 내딛는 자세가 필요합니다."
토끼띠,총운,"주변 사람들의 감정 변화를 유독 민감하게 감지하는 하루가 될 것입니다. 토끼띠의 배려심은 분명 큰 장점이지만, 오늘만큼은 타인의 감정에 지나치게 동화되어 자신의 컨디션까지 흔들리지 않도록 주의하는 것이 바람직합니다. 자신을 지키는 것 역시 배려의 한 형태임을 기억하시기 바랍니다."
토끼띠,총운,오늘의 전반적인 흐름은 새로운 시도보다 기존의 것을 다듬고 정리하는 방향에서 좋은 결실을 맺을 가능성이 높습니다. 토끼띠의 꼼꼼하고 섬세한 성품이 세부적인 부분에서 빛을 발하며 주변의 인정을 이끌어낼 수 있습니다. 크게 나아가려 하기보다 지금 자리에서 완성도를 높이는 데 집중하시기 바랍니다.
토끼띠,총운,"오늘은 관계 속에서 내가 원하는 것을 솔직하게 표현하는 것이 예상보다 훨씬 큰 효과를 가져오는 날입니다. 평화를 중시하는 토끼띠의 성품 때문에 자신의 요구를 뒤로 미뤄온 일들이 있다면, 오늘은 조심스럽게라도 그 마음을 꺼내 볼 것을 권합니다. 진심 어린 표현은 관계를 해치기는커녕 오히려 신뢰를 한층 단단하게 만들어 줄 것입니다."
토끼띠,애정운,"상대방의 감정을 앞서 헤아리느라 정작 자신의 마음을 전하지 못하는 상황이 이어질 수 있습니다. 토끼띠 특유의 세심한 눈치가 오늘은 지나친 배려로 이어져 기회를 놓치게 만들 수 있으니, 상대를 위한 배려만큼 자신의 감정에도 귀를 기울이시기 바랍니다."
토끼띠,애정운,소중한 관계에서 상대의 사소한 변화를 먼저 알아채는 하루가 될 것입니다. 섬세한 감수성으로 상대가 미처 말하지 못한 부분을 먼저 헤아려 주는 행동이 깊은 신뢰로 이어지는 흐름이 형성됩니다.
토끼띠,애정운,"마음에 두고 있는 사람과의 관계에서 한 발 더 가까워질 수 있는 기운이 감지됩니다. 평화를 중시하는 성향상 갈등이 생길 만한 상황을 피하려는 마음이 강하겠으나, 솔직한 감정 표현이 오히려 관계를 더욱 단단하게 만드는 계기가 될 것입니다."
토끼띠,애정운,"오랜 인연과의 관계에서 서로의 온도 차이를 느끼게 되는 하루일 수 있습니다. 온화한 성품으로 상대의 입장을 먼저 헤아리려는 자세는 좋으나, 자신의 감정이 지나치게 뒷전으로 밀리지 않도록 균형을 유지하는 것이 중요합니다."
토끼띠,애정운,"새로운 만남의 자리에서 토끼띠 특유의 부드러운 사교성이 자연스럽게 빛을 발하는 날입니다. 무리하지 않아도 편안한 분위기를 이끌어 가는 능력이 상대에게 호감으로 전해지며, 예상치 못한 인연이 가까운 곳에서 싹틀 가능성이 있습니다."
토끼띠,금전운,"최근 돈의 흐름이 뜻대로 되지 않아 속으로 걱정을 쌓아두셨다면, 오늘은 그 무게를 잠시 내려놓으셔도 좋습니다. 토끼띠의 섬세한 감각이 지출 흐름을 본능적으로 조율하여, 꼭 필요한 곳에만 돈이 향하는 균형 잡힌 하루가 펼쳐집니다."
토끼띠,금전운,"오늘은 가까운 사람의 부탁이나 공동 지출 요청이 들어올 가능성이 있습니다. 배려심이 깊은 토끼띠는 거절 한마디가 유독 어렵게 느껴지는 편이므로, 상대의 감정을 헤아리되 자신의 재정 경계는 분명히 지키시는 것이 중요합니다."
토끼띠,금전운,"오랫동안 마음속에 품어두었던 소비 계획이 오늘 다시 떠오를 수 있습니다. 토끼띠 특유의 우유부단함으로 인해 결정을 미루다 보면 오히려 충동적인 선택으로 이어질 수 있으니, 사전에 예산 범위를 정해두고 그 안에서 움직이시기 바랍니다."
토끼띠,금전운,"수입과 관련된 협의나 정산 자리에서 토끼띠의 뛰어난 눈치가 긍정적으로 작용하는 날입니다. 상대방의 의중을 빠르게 파악하는 능력이 협상의 흐름을 유리하게 이끌어 주므로, 오늘 진행 중인 금전 논의가 있다면 적극적으로 임하시기 바랍니다."
토끼띠,금전운,평화를 중시하는 토끼띠의 성향상 금전 문제에서도 갈등을 피하려다 손해를 보는 상황이 생길 수 있습니다. 오늘은 온화함을 유지하되 마땅히 받아야 할 몫에 대해서는 조용하지만 단호하게 의사를 표현하는 것이 재정 건강을 지키는 방법이 됩니다.
토끼띠,직장운,"오늘은 맡은 업무의 범위가 조금씩 넓어지면서 부담감을 느끼고 있을 것입니다. 섬세한 감각으로 우선순위를 정리하고, 무리하게 모든 것을 떠안으려 하기보다 단계적으로 처리해 나가는 방식이 오늘의 흐름에 맞습니다."
토끼띠,직장운,"직장 내 분위기가 미묘하게 어수선하게 느껴지는 하루입니다. 평소 뛰어난 눈치로 상황을 빠르게 읽는 능력을 발휘하여 불필요한 갈등의 불씨를 미리 잠재우는 역할을 한다면, 주변으로부터 든든한 존재로 인식되기 시작합니다."
토끼띠,직장운,"새로운 프로젝트나 역할 제안 앞에서 선뜻 수락하기를 망설이고 있을 것입니다. 지나친 신중함이 오히려 기회를 놓치게 만들 수 있으니, 온화한 성품을 바탕으로 주변의 도움을 구하며 용기 있게 한 발을 내딛는 것이 바람직합니다."
토끼띠,직장운,"팀 내에서 묵묵히 다른 사람의 부족한 부분을 채워온 배려가 오늘 서서히 인정받는 흐름이 형성됩니다. 자신의 기여를 굳이 드러내지 않더라도 주변이 먼저 알아보는 하루이니, 평소대로 성실하게 임하는 자세를 유지하는 것이 중요합니다."
토끼띠,직장운,"상사나 동료와의 소통 과정에서 자신의 의견을 끝까지 전달하지 못하고 중간에 물러서는 상황이 생길 수 있습니다. 평화를 중시하는 성향이 강점이 되기도 하지만, 오늘만큼은 자신의 생각을 차분하고 명확하게 끝까지 전달하는 것이 커리어에 긍정적인 흐름을 만들어 줍니다."
토끼띠,건강운,사교성이 뛰어난 토끼띠 특성상 오늘은 여러 사람과의 만남과 대화 속에서 자신도 모르게 에너지를 많이 쓰게 될 수 있습니다. 대화가 끝난 후 잠시 눈을 감고 호흡을 고르는 짧은 회복 시간을 의도적으로 만들어 보시기 바랍니다.
토끼띠,건강운,"눈치가 빠른 토끼띠는 주변 분위기를 파악하느라 뇌가 쉬지 못하는 경우가 많으며, 오늘은 그 피로가 두통이나 어깨 결림으로 이어질 수 있습니다. 디지털 기기 사용을 잠시 줄이고 자연 속에서 시선을 멀리 두는 것만으로도 큰 도움이 됩니다."
토끼띠,건강운,배려심이 깊은 만큼 타인의 고민을 함께 짊어지다 감정적으로 소진되기 쉬운 하루입니다. 오늘은 누군가의 이야기를 들어주기 전에 자신의 심신 상태를 먼저 점검하는 순서를 지켜 주시기 바랍니다.
토끼띠,건강운,우유부단한 성격으로 인해 결정을 미루고 머릿속에서 여러 선택지를 반복적으로 되새기다 보면 정신적 피로가 누적될 수 있습니다. 오늘은 크고 작은 선택을 빠르게 끝내는 연습이 심리적 긴장을 줄이고 몸의 긴장도 함께 낮춰 줄 것입니다.
토끼띠,건강운,"섬세한 감수성을 가진 토끼띠는 기온 변화나 실내 환경의 작은 변화에도 신체가 민감하게 반응할 수 있으므로, 오늘은 체온 유지와 수분 보충에 세심한 주의를 기울이시기 바랍니다. 몸이 편안한 환경을 미리 조성해 두는 것만으로도 전반적인 컨디션이 달라집니다."
토끼띠,대인운,"누군가에게 건넨 작은 배려가 제대로 전달되었는지 마음에 걸렸다면, 오늘은 그 불안을 내려놓아도 좋은 흐름입니다. 당신의 섬세한 마음은 상대에게 이미 충분히 닿아 있으며, 관계는 생각보다 단단하게 이어져 있습니다."
토끼띠,대인운,오늘은 가까운 사람과의 대화에서 평소보다 깊은 속마음이 오가는 순간이 찾아올 수 있습니다. 상대의 미묘한 감정 변화를 놓치지 않는 토끼띠의 섬세함이 그 대화를 더욱 의미 있게 만들어 줄 것입니다.
토끼띠,대인운,모두의 감정을 살피다 보면 정작 자신이 원하는 관계의 방향을 놓칠 때가 있습니다. 오늘은 상대의 눈치를 보기보다 먼저 연락하거나 만남을 제안하는 쪽으로 한 걸음 내딛는 것이 좋은 흐름을 만들어 줄 것입니다.
토끼띠,대인운,"직장이나 모임에서 의견 충돌이 생길 경우, 오늘의 당신은 분위기를 부드럽게 전환시키는 역할을 자연스럽게 맡게 됩니다. 평화를 중시하는 성품이 빛을 발하는 하루이나, 갈등을 덮기보다 균형 잡힌 시각을 전하는 것이 더욱 신뢰를 높여 줄 것입니다."
토끼띠,대인운,"한동안 소원해진 관계에 대해 먼저 손을 내밀기를 망설이고 있었다면, 오늘은 그 망설임을 거두기에 적절한 때입니다. 작은 안부 한 마디가 오랫동안 닫혀 있던 마음의 문을 여는 계기가 될 수 있습니다."
토끼띠,행동운,"오늘은 오랫동안 흘려보냈던 자신만의 시간을 되찾는 행동이 필요합니다. 타인을 배려하느라 정작 본인의 일정과 에너지를 소홀히 해왔다면, 오늘만큼은 자신의 계획을 먼저 실행에 옮기시기 바랍니다. 토끼띠 특유의 섬세함으로 주변과의 균형도 자연스럽게 유지할 수 있을 것입니다."
토끼띠,행동운,"오늘은 막연하게 구상만 해두었던 아이디어를 구체적인 형태로 정리하는 행동이 필요합니다. 토끼띠의 세심한 감각은 아이디어를 다듬고 표현하는 데 있어 큰 강점이 되므로, 메모나 계획서 형태로 첫 틀을 잡아두시기 바랍니다. 생각을 눈에 보이는 형태로 꺼내놓는 것만으로도 실천의 출발점이 됩니다."
토끼띠,행동운,"오늘은 가까운 사람과의 약속이나 연락을 직접 먼저 시도하는 것이 좋습니다. 사교성이 뛰어난 토끼띠임에도 상대방의 눈치를 살피느라 먼저 나서기를 망설여왔다면, 오늘은 그 작은 용기를 발휘할 적절한 시점입니다. 먼저 건넨 한 마디가 관계를 한층 더 단단하게 만들어줄 것입니다."
토끼띠,행동운,"여러 방향으로 분산되어 있는 역할과 책임을 오늘 하나씩 정리하는 행동이 필요합니다. 배려심이 깊은 토끼띠는 다양한 곳에서 요청을 받아들이다 보면 정작 핵심적인 일에 집중하기 어려워질 수 있습니다. 오늘은 우선순위를 명확히 정하고, 그에 따라 에너지를 배분하시기 바랍니다."
토끼띠,행동운,"오늘은 스스로 내린 판단을 번복하지 않고 끝까지 실행하는 것이 중요합니다. 온화한 성품 때문에 주변의 반응에 따라 결정이 흔들리는 경우가 생길 수 있으나, 오늘만큼은 처음의 선택을 신뢰하고 그 방향을 유지하시기 바랍니다. 토끼띠의 직관적인 판단력은 생각보다 훨씬 정확한 경우가 많습니다."
용띠,총운,"오늘은 그동안 억눌렸던 야망과 자존심이 수면 위로 떠오르는 하루입니다. 용띠 특유의 강한 자아가 빛을 발하는 시기인 만큼, 스스로의 가치를 당당히 드러내는 것을 두려워하지 마십시오. 다만 자존심이 지나쳐 타협의 여지를 닫지 않도록 균형을 유지하는 것이 중요합니다."
용띠,총운,묵묵히 준비해온 시간이 헛되지 않았음을 오늘 하루가 증명해줍니다. 용띠 특유의 열정과 추진력이 주변의 기대를 뛰어넘는 결과로 이어질 수 있는 기운이 형성되어 있습니다. 지금 이 흐름을 놓치지 않도록 과감하게 첫 발을 내딛으시길 바랍니다.
용띠,총운,평소 높은 이상을 품고 주변과의 온도 차를 느껴왔던 용띠에게 오늘은 그 차이가 오히려 강점이 되는 날입니다. 남다른 시각과 카리스마가 주변 사람들의 신뢰를 끌어당기며 자연스럽게 중심적인 역할로 이어질 수 있습니다. 그 위치를 단단히 지키되 겸손함을 잃지 않는 것이 오늘의 핵심입니다.
용띠,총운,"오늘은 외부의 자극보다 내면의 목소리에 귀를 기울이는 것이 더 큰 성과로 이어지는 하루입니다. 강한 포부와 열정을 지닌 용띠이지만, 오늘만큼은 속도보다 방향에 집중하는 것이 현명합니다. 충분한 판단 끝에 내린 결정은 오래도록 흔들리지 않는 기반이 되어줄 것입니다."
용띠,총운,"주변의 기대와 시선이 집중되는 하루인 만큼, 용띠 본연의 리더십과 과감함이 더욱 부각됩니다. 오늘 맺게 되는 인연이나 대화는 단순한 교류를 넘어 중요한 전환점이 될 수 있으니 가볍게 여기지 마십시오. 자신감 있는 태도를 유지하되 상대방의 말을 경청하는 자세가 더 큰 신뢰를 쌓아줄 것입니다."
용띠,애정운,상대방이 나의 진심을 제대로 알아주지 못한다는 서운함이 쌓여 있으실 것입니다. 용띠의 뜨거운 열정은 말보다 행동으로 먼저 표현되는 경우가 많아 오해를 불러일으키기 쉽습니다. 오늘은 행동보다 언어로 감정을 전달하는 데 집중하시면 관계의 온도가 한층 따뜻해질 것입니다.
용띠,애정운,화려한 외면 뒤에 숨겨진 외로움을 아무에게도 내보이지 못해 힘드셨을 것입니다. 용띠 특유의 강한 카리스마는 타인이 먼저 다가오는 것을 어렵게 만들기도 합니다. 오늘은 스스로 먼저 마음의 문을 여는 용기를 내신다면 뜻밖의 따뜻한 인연이 가까이 있음을 발견하실 것입니다.
용띠,애정운,"자신이 원하는 방식대로 관계를 이끌어가고 싶은 마음이 강해 갈등이 생겼을 것입니다. 용띠의 리더십은 분명 매력적이지만, 관계에서는 상대의 속도와 방향을 함께 존중하는 것이 중요합니다. 오늘은 주도권보다 교감을 우선시하는 태도가 관계를 더욱 단단하게 만드는 열쇠가 될 것입니다."
용띠,애정운,오랜 시간 스스로를 돋보이게 하려 애써온 탓에 정작 있는 그대로의 자신을 보여주는 것이 두렵게 느껴지실 것입니다. 용띠의 과시욕은 때때로 진솔한 연결을 가로막는 장벽이 되기도 합니다. 오늘은 포장되지 않은 솔직한 모습을 상대에게 내보이실 때 비로소 깊은 유대감이 형성될 것입니다.
용띠,애정운,새로운 만남에 대한 기대와 설렘이 있으면서도 상처받을까 봐 선뜻 다가서지 못하고 계실 것입니다. 용띠는 본래 대담한 기질을 타고났으나 자존심이 강한 만큼 거절에 대한 두려움도 크게 작용합니다. 오늘은 그 두려움을 용기로 전환하여 먼저 한 걸음을 내딛으신다면 기대 이상의 좋은 인연이 이어질 것입니다.
용띠,금전운,"용띠 특유의 넘치는 자신감이 오늘따라 더욱 강하게 발휘되는 날입니다. 그 자신감이 과감한 지출 결정으로 이어지기 쉬운 흐름이므로, 큰 금액이 오가는 자리에서는 잠시 호흡을 고르시기 바랍니다. 포부는 크게 가지되 오늘의 소비는 작게 다스리는 것이 현명합니다."
용띠,금전운,"오랫동안 공들인 일에서 금전적 결실이 맺힐 조짐이 보이는 날입니다. 용띠의 강한 추진력이 드디어 재물의 흐름을 바꾸어 놓을 수 있으니, 중요한 협상이나 제안이 있다면 오늘 적극적으로 나서시기 바랍니다. 당당한 자세가 좋은 결과를 부를 것입니다."
용띠,금전운,자존심이 강한 용띠에게 오늘은 체면을 지키려다 과소비로 이어지는 상황이 생길 수 있습니다. 화려하게 보이려는 욕구보다 실질적인 이익을 먼저 따지는 하루가 되시기 바랍니다. 진정한 카리스마는 소비가 아닌 절제에서도 빛납니다.
용띠,금전운,"오늘은 재물이 들어오고 나가는 흐름이 바쁘게 교차하는 하루입니다. 용띠의 열정으로 여러 곳에 손을 뻗다 보면 자금이 분산될 우려가 있으니, 우선순위를 명확히 정한 뒤 한 곳에 집중하시기 바랍니다. 선택과 집중이 오늘의 금전운을 지키는 열쇠입니다."
용띠,금전운,평소 리더 자리를 자처해 온 용띠에게 오늘은 그 공로가 뜻밖의 수익으로 돌아올 수 있는 날입니다. 그러나 수익에 대한 기대감이 지나쳐 아직 확정되지 않은 돈을 미리 쓰는 일은 삼가시기 바랍니다. 들어올 재물은 반드시 손에 쥔 뒤 계획을 세우는 것이 안전합니다.
용띠,직장운,"오늘은 그동안 쌓아온 실력을 제대로 인정받고 싶다는 마음이 어느 때보다 강하게 느껴지는 날입니다. 용띠 특유의 강한 자존심과 승부욕이 업무 현장에서 긍정적인 동력으로 작용할 수 있으므로, 중요한 발표나 보고 자리가 있다면 자신 있게 임하시기 바랍니다. 철저한 준비 위에 카리스마가 더해질 때 가장 빛나는 결과가 나올 수 있습니다."
용띠,직장운,오늘은 상사 또는 협력 부서와의 소통에서 주도권을 쥐게 되는 흐름이 형성됩니다. 타고난 설득력과 열정으로 자신의 의견을 명확하게 전달한다면 원하는 방향으로 논의를 이끌어갈 수 있습니다. 다만 지나친 자기 확신보다는 상대의 입장을 먼저 헤아리는 여유를 함께 갖추는 것이 더욱 큰 성과로 이어지는 열쇠가 됩니다.
용띠,직장운,"오늘은 그동안 혼자 감당해온 업무의 무게가 다소 버겁게 느껴질 수 있는 날입니다. 포부가 크고 책임감이 강한 용띠인 만큼 모든 것을 스스로 해결하려는 성향이 강하지만, 오늘만큼은 동료에게 적절히 역할을 분배하는 것이 전체 성과를 높이는 데 훨씬 유리하게 작용합니다."
용띠,직장운,직장 내 분위기가 다소 침체되어 있는 상황이라면 오늘 용띠의 존재감이 분위기를 전환하는 데 큰 역할을 할 수 있습니다. 특유의 에너지와 열정으로 팀 전체의 사기를 끌어올리는 자리에서 자연스럽게 리더로서의 면모가 드러나게 됩니다. 그 과정에서 쌓이는 신뢰가 향후 커리어에 단단한 기반이 되어줄 것입니다.
용띠,직장운,"오늘은 현재 맡고 있는 업무의 방식이나 구조에 대해 새로운 시각이 떠오르는 날입니다. 기존 방식에 안주하지 않고 더 나은 결과를 추구하는 용띠의 과감한 도전 정신이 오늘의 기운과 잘 맞아떨어지므로, 개선안이나 새로운 전략을 제안하는 데 적극적으로 나서시기 바랍니다. 작은 제안 하나가 커다란 변화의 시작점이 될 수 있습니다."
용띠,건강운,"스스로의 한계를 인정하지 않으려는 용띠의 기질이 오늘은 건강에 있어 걸림돌이 될 수 있습니다. 충분히 쉬어야 할 순간에도 멈추지 못하고 앞으로 나아가려는 습관이 몸의 균형을 무너뜨릴 수 있으므로, 오늘만큼은 의식적으로 휴식을 선택하는 것이 현명합니다."
용띠,건강운,리더로서 언제나 강한 모습을 보여야 한다는 압박이 용띠에게는 정신적 긴장으로 쌓이기 쉽습니다. 오늘은 그 무게를 잠시 내려놓고 조용한 환경에서 깊은 호흡과 명상을 통해 내면의 긴장을 해소하는 시간을 갖는 것이 건강 유지에 도움이 됩니다.
용띠,건강운,"큰 포부와 높은 목표를 향해 달려가는 용띠이지만, 오늘은 수분 보충과 규칙적인 식사 등 기본적인 신체 관리가 소홀해지기 쉬운 날입니다. 원대한 계획도 건강한 신체가 뒷받침되어야 실현될 수 있음을 오늘 하루 되새기시기 바랍니다."
용띠,건강운,"주변의 시선을 의식하며 자신의 피로를 숨기고 싶어 하는 용띠의 성향이 오늘은 특히 건강 관리에 영향을 줄 수 있습니다. 타인에게 보이는 모습보다 자신의 몸이 보내는 신호에 집중하여, 충분한 수면과 적절한 휴식을 통해 에너지를 회복하는 것이 필요합니다."
용띠,건강운,"열정과 카리스마로 주변 사람들을 이끌어 온 용띠에게 오늘은 감정 소모로 인한 정신적 탈진을 경계해야 하는 날입니다. 타인을 위해 에너지를 아낌없이 쏟는 것도 중요하지만, 자신의 내면 상태를 점검하고 심리적 안정을 회복하는 일이 장기적인 건강의 기반이 된다는 사실을 잊지 마시기 바랍니다."
용띠,대인운,"오늘은 가까운 사람과의 대화에서 뜻밖의 갈등이 생길 수 있는 날입니다. 용띠 특유의 강한 리더십이 때로는 상대에게 압박으로 느껴질 수 있으니, 의견을 전달할 때는 주도보다 경청을 먼저 택하는 것이 현명합니다. 한 발 물러서는 여유가 오히려 관계를 더욱 단단하게 만드는 하루가 될 것입니다."
용띠,대인운,"오늘은 여러 사람이 모이는 자리에서 자연스럽게 중심이 되는 흐름이 형성됩니다. 용띠의 카리스마와 열정은 어떤 자리에서도 존재감을 발휘하는 힘이 있으나, 그 빛이 너무 강하면 주변이 오히려 멀어질 수 있습니다. 함께 빛나는 자리를 만드는 것이 오늘의 핵심입니다."
용띠,대인운,"오늘은 오래 알고 지낸 사람에게서 생각지 못한 조언을 듣게 될 수 있는 날입니다. 용띠의 자존심은 때로 타인의 조언을 쉽게 받아들이지 못하게 하지만, 오늘만큼은 그 말에 귀를 기울이면 중요한 통찰을 얻게 됩니다. 받아들이는 용기가 더 큰 포부를 실현하는 발판이 될 것입니다."
용띠,대인운,"오늘은 직장이나 모임에서 자신의 역할을 다시 한번 돌아보게 되는 하루입니다. 용띠의 강한 포부와 추진력은 분명 두드러지는 강점이지만, 주변 사람들과의 협력 없이는 그 힘이 온전히 발휘되기 어렵습니다. 오늘은 나의 성취보다 함께하는 사람들과의 신뢰를 쌓는 데 집중하시기 바랍니다."
용띠,대인운,"오늘은 처음 만나는 자리보다 이미 알고 있는 인연을 깊게 다지는 것이 더욱 의미 있는 날입니다. 용띠의 과시욕이 새로운 관계에 과도한 에너지를 쏟게 만들 수 있으나, 진정한 신뢰는 오랜 시간 쌓아온 관계에서 비롯됩니다. 익숙한 인연에게 진심을 전하는 작은 행동이 오늘 큰 울림을 만들어 낼 것입니다."
용띠,행동운,"오늘은 스스로 세운 계획이 제대로 진행되지 않아 초조함을 느끼고 있을 수 있습니다. 그러나 용띠는 흔들리는 상황에서도 중심을 잡는 힘을 타고난 존재이므로, 지금 당장 계획을 재정비하고 다시 실행에 옮기시기 바랍니다. 멈춰 있는 시간이 길어질수록 기회는 멀어집니다."
용띠,행동운,"중요한 자리에서 자신의 의견을 밝혀야 할 순간이 오늘 찾아올 수 있습니다. 용띠 특유의 강한 자신감과 카리스마를 앞세워 거침없이 발언하시기 바랍니다. 목소리를 높이는 것이 부담스럽더라도, 용띠의 존재감은 말하는 순간 빛을 발하게 됩니다."
용띠,행동운,"오랫동안 혼자 짊어져 온 역할에서 벗어나고 싶다는 생각이 든다면, 오늘은 주변에 명확하게 역할을 분배하시기 바랍니다. 용띠는 혼자 모든 것을 감당하려는 성향이 강하지만, 방향을 제시하고 이끄는 것이야말로 진정한 리더십임을 기억하시기 바랍니다."
용띠,행동운,"새로운 도전 앞에서 괜한 실패를 두려워하며 주저하고 있다면, 오늘은 그 두려움을 밀어내고 첫 행동을 실행에 옮기시기 바랍니다. 용띠의 열정과 포부는 움직이기 시작할 때 비로소 주변을 압도하는 힘으로 드러나며, 시작 자체가 이미 절반의 성공입니다."
용띠,행동운,"오늘은 그동안 쌓아온 성과를 적극적으로 알려야 할 때입니다. 용띠는 실력을 갖추고 있으면서도 때로는 드러내는 것을 망설이는 경우가 있으나, 지금은 스스로를 당당히 내세우는 행동이 새로운 기회를 불러오게 됩니다. 과시가 아닌 당연한 자기표현으로 여기시기 바랍니다."
뱀띠,총운,오늘은 애써 쌓아온 것들이 흔들리는 듯한 불안감이 스칠 수 있는 날입니다. 그러나 뱀띠 특유의 침착한 내면은 그 흔들림 속에서도 중심을 잃지 않는 힘을 품고 있습니다. 감정에 이끌리기보다 한 발 물러서서 상황을 조용히 관찰하는 것이 오늘의 현명한 선택이 될 것입니다.
뱀띠,총운,"오늘은 가까운 사람의 말이나 행동에서 평소와 다른 기류가 느껴질 수 있는 날입니다. 뱀띠의 예리한 경계심이 그 미세한 변화를 포착해낼 것이며, 그 감각은 충분히 신뢰할 만한 것입니다. 다만 섣불리 반응하기보다는 좀 더 지켜보며 확인하는 여유를 갖는 것이 바람직합니다."
뱀띠,총운,"오늘은 혼자만의 시간이 유독 소중하게 느껴지는 날입니다. 뱀띠는 고요한 시간 속에서 깊은 사고와 통찰이 더욱 선명해지는 성향을 지니고 있으므로, 억지로 사람들 사이에 섞이기보다 내면의 목소리에 집중하는 방향이 오늘의 흐름과 잘 맞습니다."
뱀띠,총운,"오늘은 마음속으로 오래 품어온 계획이나 구상이 조금씩 구체적인 형태를 갖추기 시작하는 날입니다. 뱀띠의 깊은 분석력과 신중한 사고방식은 서두르지 않아도 결국 가장 정확한 방향을 찾아내는 힘이 됩니다. 완성되지 않은 상태를 조급하게 여기지 마시고, 천천히 다듬어 나가시기 바랍니다."
뱀띠,총운,오늘은 타인의 기대나 시선에 맞추느라 정작 자신이 원하는 것을 뒤로 미루고 있지는 않은지 돌아볼 필요가 있는 날입니다. 속내를 쉽게 드러내지 않는 뱀띠의 성향은 때로 스스로의 필요를 외면하는 방향으로 작용하기도 합니다. 오늘만큼은 자신의 감각과 판단을 중심에 두고 하루를 이끌어 나가시기 바랍니다.
뱀띠,애정운,"상대의 마음을 읽으면서도 자신의 감정은 좀처럼 내보이지 않는 오늘, 그 균형이 오히려 관계에 안정감을 줍니다. 섣불리 다가서기보다 조용히 곁에 머무는 것만으로도 상대는 당신의 존재를 특별하게 느낄 것입니다."
뱀띠,애정운,"오늘은 오랫동안 마음속에 담아 두었던 감정을 천천히 꺼내 볼 수 있는 흐름이 형성됩니다. 깊은 내면을 쉽게 드러내지 않는 성격이지만, 지금 이 순간만큼은 작은 용기가 관계의 새로운 문을 열어 줄 수 있습니다."
뱀띠,애정운,"주변 사람의 표정과 말투에서 남들이 놓치는 미묘한 변화를 감지하는 날입니다. 그 예리한 감각으로 상대가 원하는 것을 먼저 헤아려 행동하면, 당신을 향한 신뢰와 호감이 한층 깊어질 것입니다."
뱀띠,애정운,오랫동안 신중하게 거리를 두어 왔던 상대와 오늘 뜻밖의 접점이 생길 수 있습니다. 경계를 허물기보다 자연스럽게 공유할 수 있는 작은 이야기 하나를 건네는 것만으로도 관계의 온도가 달라집니다.
뱀띠,애정운,혼자서 모든 것을 분석하고 결론을 내리려는 습관이 오늘은 오히려 관계를 좁히는 데 걸림돌이 될 수 있습니다. 완전히 파악되지 않은 상황이라도 상대와 함께 이야기를 나누는 과정 자체가 더 깊은 연결로 이어질 수 있음을 기억하시기 바랍니다.
뱀띠,금전운,예상치 못한 곳에서 지출이 발생하여 당혹스러움을 느끼실 수 있는 하루입니다. 뱀띠 특유의 침착함으로 감정에 휩쓸리지 않고 상황을 냉정하게 파악하는 것이 중요합니다. 지금 당장의 손실보다 앞으로의 흐름을 읽는 데 집중하시기 바랍니다.
뱀띠,금전운,오늘은 오랫동안 미뤄두었던 금전 문제를 정리할 기회가 찾아올 수 있습니다. 뱀띠 특유의 분석력을 발휘하여 수입과 지출의 구조를 꼼꼼히 들여다보시기 바랍니다. 작은 부분에서 새어 나가던 돈을 잡아낼 수 있는 날입니다.
뱀띠,금전운,"좋은 조건처럼 보이는 금융 상품이나 재테크 정보가 귀에 들어오는 날이지만, 뱀띠의 예리한 직관은 표면 뒤에 숨겨진 리스크를 먼저 감지합니다. 결정을 서두르지 않고 충분한 시간을 두고 살피는 것이 오늘의 올바른 전략입니다."
뱀띠,금전운,"가까운 사람과의 금전 거래에서 미묘한 불편함이 생길 수 있는 날입니다. 속내를 잘 드러내지 않는 뱀띠이지만, 오늘은 자신의 입장을 분명하게 정리해두는 것이 나중의 갈등을 막는 데 도움이 됩니다. 명확한 기준을 세워두시기 바랍니다."
뱀띠,금전운,수입의 흐름이 평소와 다르게 느껴져 내심 불안함을 느끼실 수 있습니다. 그러나 뱀띠 특유의 깊은 통찰력은 불안 속에서도 상황의 본질을 꿰뚫어 보는 힘이 됩니다. 지금은 새로운 시도보다 기존의 자산을 단단히 지키는 방향으로 움직이시기 바랍니다.
뱀띠,직장운,오늘은 업무 성과에 대한 평가가 마음처럼 이루어지지 않아 내심 답답함을 느낄 수 있습니다. 그러나 뱀띠 특유의 깊은 통찰력으로 상황을 멀리서 바라보면 지금의 흐름이 오히려 도약의 전 단계임을 알 수 있을 것입니다. 조급함을 내려놓고 다음 기회를 차분히 준비하시기 바랍니다.
뱀띠,직장운,오늘은 여러 업무가 한꺼번에 몰려 우선순위를 잡기 어렵다는 느낌을 받을 수 있습니다. 뱀띠가 지닌 예리한 분석력을 발휘하여 핵심과 비핵심을 냉정하게 구분하면 혼란스러운 상황 속에서도 길이 보이기 시작할 것입니다. 침착하게 한 가지씩 처리해 나가시기 바랍니다.
뱀띠,직장운,직장 내 주변 인물의 의도가 불분명하게 느껴져 경계심이 높아지는 하루입니다. 속내를 쉽게 드러내지 않는 뱀띠의 신중한 성품은 오늘과 같은 날 특히 강점이 됩니다. 불필요하게 정보를 공유하기보다는 조용히 상황을 지켜보는 자세가 유리하게 작용할 것입니다.
뱀띠,직장운,오랫동안 묵묵히 쌓아온 전문성이 뜻밖의 자리에서 인정받을 수 있는 흐름이 형성되는 날입니다. 뱀띠 특유의 침착함을 유지하며 자신의 역량을 과장하지 않고 있는 그대로 보여주는 것이 오히려 신뢰감을 높이는 방법이 될 것입니다. 겸손하되 단호하게 자신의 성과를 제시하시기 바랍니다.
뱀띠,직장운,오늘은 새로운 프로젝트나 업무 방식의 변화가 예고되어 내심 부담감을 느낄 수 있습니다. 변화에 신중하게 반응하는 뱀띠의 특성을 살려 섣불리 찬반 의견을 표명하지 말고 충분한 정보를 수집한 뒤 판단하시기 바랍니다. 깊은 사전 분석이 이후의 결정을 더욱 탄탄하게 만들어 줄 것입니다.
뱀띠,건강운,"오늘은 에너지가 평소보다 조금 낮게 느껴질 수 있는 하루입니다. 뱀띠 특유의 침착함으로 겉으로는 아무렇지 않아 보이지만, 몸 안쪽에서 서서히 소진되고 있는 신호를 놓치지 않도록 주의가 필요합니다. 무리하게 페이스를 유지하려 하기보다 적절한 휴식을 의식적으로 배치하는 것이 현명합니다."
뱀띠,건강운,예리한 직관이 오늘은 몸의 이상 징후를 남들보다 먼저 감지하게 만들 수 있습니다. 그 감각이 불편하게 느껴지더라도 외면하지 말고 충분히 귀를 기울이는 것이 좋습니다. 작은 신호일수록 초기에 대응하면 회복이 훨씬 빠르다는 점을 기억하시기 바랍니다.
뱀띠,건강운,깊이 생각하고 분석하는 습관이 오늘은 수면의 질을 떨어뜨리는 방향으로 작용할 수 있습니다. 잠자리에 들기 전 머릿속을 가득 채운 생각들을 글로 간단히 정리하거나 조용한 음악으로 신경계를 진정시키는 것이 효과적입니다. 몸이 쉬기 위해서는 먼저 정신이 내려놓아야 한다는 점을 염두에 두시기 바랍니다.
뱀띠,건강운,속내를 좀처럼 드러내지 않는 성향이 오늘은 신체적 긴장으로 이어질 수 있는 흐름입니다. 특히 목이나 어깨 쪽에 경직이 느껴진다면 감정이 신체에 축적되고 있다는 신호일 수 있습니다. 간단한 스트레칭을 통해 굳어 있는 부위를 의식적으로 풀어주는 시간을 가져보시기 바랍니다.
뱀띠,건강운,뱀띠 특유의 경계심이 오늘은 긴장 상태를 필요 이상으로 길게 유지하게 만들 수 있습니다. 정신적으로 계속 경계를 늦추지 못하는 상태가 지속되면 자율신경에 부담이 쌓이기 쉽습니다. 하루 중 잠시라도 완전히 긴장을 내려놓는 시간을 의도적으로 만들어 두는 것이 건강에 도움이 됩니다.
뱀띠,대인운,"오늘은 관계 속에서 피로감을 느끼는 순간이 찾아올 수 있습니다. 뱀띠 특유의 예리한 감각이 상대방의 미묘한 태도 변화를 포착하면서 에너지가 소진되기 쉬운 흐름입니다. 모든 관계에 동일한 깊이로 임하기보다, 오늘은 진정으로 신뢰할 수 있는 한두 사람과의 연결에 집중하는 것이 현명합니다."
뱀띠,대인운,집단 안에서 자신의 의도가 정확히 전달되지 않는다는 느낌을 받을 수 있습니다. 속내를 좀처럼 드러내지 않는 뱀띠의 성향이 때로는 오해의 씨앗이 되기도 합니다. 오늘은 간결하더라도 명확한 언어로 자신의 입장을 표현하는 것이 관계의 흐름을 바로잡는 데 도움이 됩니다.
뱀띠,대인운,"오랫동안 거리를 두어 왔던 인연으로부터 연락이 닿을 수 있는 흐름입니다. 뱀띠는 쉽게 마음을 열지 않지만, 깊이 신뢰했던 관계에 대한 기억은 오래 남는 법입니다. 섣불리 경계를 세우기보다 상대의 진심을 침착하게 살핀 후 응답하는 것이 바람직합니다."
뱀띠,대인운,누군가가 뱀띠에게 조언을 구하거나 판단을 부탁하는 상황이 생길 수 있습니다. 날카로운 분석력과 냉철한 시각은 주변 사람들에게 신뢰감을 주는 뱀띠의 강점입니다. 다만 오늘은 결론을 서두르기보다 상대가 충분히 이야기를 꺼낼 수 있도록 여유 있게 들어주는 자세가 관계를 더욱 단단하게 만들어 줍니다.
뱀띠,대인운,"공적인 자리에서 예상치 못한 갈등의 기운이 감지될 수 있습니다. 뱀띠의 통찰력은 문제가 표면화되기 전에 이미 그 조짐을 읽어내는 능력을 지니고 있습니다. 감정적으로 대응하지 않고 상황을 조용히 관찰하는 침착함을 유지한다면, 오늘의 긴장된 흐름을 무리 없이 넘길 수 있습니다."
뱀띠,행동운,오늘은 믿었던 사람의 행동이 기대와 다르게 느껴지는 상황이 생길 수 있습니다. 뱀띠는 이미 그 이면을 감지하고 있을 가능성이 높습니다. 섣불리 반응하기보다 확인이 필요한 부분을 조용히 짚어보신 후 행동으로 옮기시기 바랍니다.
뱀띠,행동운,오늘은 오랫동안 보류해 두었던 서류나 계약 관련 사안을 다시 꺼내 살펴보시기 바랍니다. 뱀띠의 정밀한 분석력은 남들이 놓친 조건이나 문구를 포착하는 데 강점을 발휘합니다. 오늘의 검토가 이후 큰 손실을 예방하는 결정적인 행동이 될 수 있습니다.
뱀띠,행동운,"마음속으로 거리를 두고 싶었던 관계가 있다면, 오늘은 그 경계를 실제 행동으로 설정하시기 바랍니다. 뱀띠는 속내를 오래 감추는 성향 탓에 불편한 관계를 묵묵히 이어가는 경우가 많습니다. 명확한 선을 긋는 것이 오히려 상대에 대한 예의가 되는 날입니다."
뱀띠,행동운,오늘은 새로운 방식을 시도하기 앞서 기존의 방법을 한 번 더 점검하는 것이 실질적인 성과로 이어집니다. 뱀띠의 침착한 기질은 흔들리지 않고 기본을 다지는 행동에서 빛을 발합니다. 화려한 전환보다 기반을 단단히 하는 실천이 오늘의 올바른 방향입니다.
뱀띠,행동운,"주변에서 의견을 구해오는 상황이 생긴다면, 오늘은 알고 있는 것을 적극적으로 나누시기 바랍니다. 뱀띠는 통찰력이 깊음에도 불구하고 스스로 판단을 드러내는 일을 꺼리는 경향이 있습니다. 오늘만큼은 그 예리한 시각을 발언으로 표현하는 것이 주변의 신뢰를 높이는 행동이 됩니다."
말띠,총운,"오늘은 머릿속에 여러 생각이 뒤엉켜 무엇부터 시작해야 할지 막막함을 느끼실 수도 있습니다. 말띠 특유의 넘치는 추진력이 오히려 여러 방향으로 분산되어 집중력을 흐트러뜨릴 수 있는 날이니, 가장 중요한 한 가지에 에너지를 집중하는 전략이 필요합니다."
말띠,총운,"오늘은 오랫동안 마음속에 품어두었던 계획을 실행에 옮기기에 적합한 흐름이 형성됩니다. 말띠의 강한 행동력이 주변 상황과 맞물리며 뜻밖의 속도로 일이 진전될 수 있으니, 망설임 없이 첫 발을 내딛으시기 바랍니다."
말띠,총운,"오늘 하루는 익숙한 일상에서 벗어나고 싶은 욕구가 평소보다 강하게 느껴지실 수 있습니다. 자유를 향한 말띠의 본능이 깨어나는 흐름이나, 충동적인 결정은 이후 예상치 못한 부담으로 돌아올 수 있으므로 가볍게 환기하는 수준에서 조율하시기 바랍니다."
말띠,총운,"마음은 앞서 달려가는데 현실의 속도가 따라주지 않아 답답함을 느끼시는 하루일 수 있습니다. 말띠의 인내심이 시험받는 국면이지만, 이럴 때일수록 차분하게 과정을 다져나가는 것이 결과적으로 더 큰 성과로 이어지는 법입니다."
말띠,총운,"오늘은 주변 사람의 한마디가 생각지도 못한 방향으로 새로운 길을 열어주는 계기가 될 수 있는 날입니다. 말띠의 열린 사교성으로 다양한 사람들의 이야기에 귀를 기울이다 보면, 오랫동안 고민해온 문제의 실마리가 자연스럽게 풀려나가는 흐름이 만들어질 것입니다."
말띠,애정운,"누군가를 향한 마음이 오랫동안 마음속에 머물고 있다면, 오늘은 그 감정을 가볍게 꺼내볼 수 있는 흐름입니다. 말띠 특유의 솔직한 표현력이 상대방에게 신선한 인상을 줄 수 있으므로, 지나치게 계산하지 말고 자연스럽게 다가서는 것이 좋습니다."
말띠,애정운,"상대방의 작은 행동 하나에 감정이 크게 흔들리는 하루가 될 수 있습니다. 말띠는 감정의 기복이 빠른 편이므로, 하나의 신호만으로 섣불리 판단하기보다는 조금 더 지켜보는 여유를 가지시기 바랍니다."
말띠,애정운,"오늘은 가까운 관계에서 진심 어린 대화가 새로운 전환점이 될 수 있는 시기입니다. 평소 바쁘게 움직이느라 미처 나누지 못했던 속마음을 꺼내놓는다면, 말띠의 따뜻한 열정이 상대방의 마음에 깊이 닿을 것입니다."
말띠,애정운,"기대했던 만큼 상대방의 반응이 돌아오지 않아 서운함을 느낄 수도 있는 하루입니다. 말띠는 열정을 쏟은 만큼 빠른 답을 원하는 경향이 있으나, 관계의 온도는 저마다 다르다는 점을 기억하며 상대의 속도를 존중해 주시기 바랍니다."
말띠,애정운,"새로운 만남이 예상치 못한 자리에서 이루어질 수 있는 기운이 감지됩니다. 말띠의 뛰어난 사교성이 자연스럽게 발휘되는 날이므로, 평소와 다른 장소나 모임에 적극적으로 참여해 보신다면 의미 있는 인연과 연결될 가능성이 높습니다."
말띠,금전운,"오늘은 돈의 흐름이 다소 불규칙하게 느껴져 마음이 분주해지실 수 있습니다. 열정적인 말띠의 기질이 새로운 수익 기회에 빠르게 반응하도록 이끌겠으나, 충분한 정보 없이 서두르다 보면 손실로 이어질 수 있으니 한 템포 늦추는 자세가 필요합니다."
말띠,금전운,"오늘은 주변 지인의 권유로 예상치 못한 소비 결정을 내리게 될 수 있는 흐름입니다. 사교성이 뛰어난 말띠는 인간관계에서 지갑이 열리기 쉬운 편이므로, 타인의 제안에 즉각 응하기보다 하루 정도 신중히 생각해보신 후 결정하시기 바랍니다."
말띠,금전운,"자유로운 기질의 말띠에게 오늘은 고정 지출을 점검해볼 필요가 있는 날입니다. 활발한 활동력 덕분에 다양한 재정 정보를 접할 기회가 생기겠으나, 인내심이 부족하여 장기적 계획보다 즉각적인 소비에 끌릴 수 있으니 지출 목록을 미리 정리해두시기 바랍니다."
말띠,금전운,"오늘은 수입의 흐름이 기대에 못 미쳐 다소 답답한 기분이 드실 수 있습니다. 추진력이 강한 말띠는 상황을 빠르게 전환하려는 충동을 느끼겠으나, 무리한 시도보다는 현재 보유한 자산을 안정적으로 유지하는 데 집중하는 것이 오늘의 현명한 전략이 됩니다."
말띠,금전운,"오늘은 뜻밖의 경로에서 소소한 금전적 이익이 발생할 수 있는 흐름입니다. 변덕스러운 기질이 작용하여 이를 더 큰 수익으로 불리려는 욕심이 생기기 쉽겠으나, 작은 결실에 만족하고 무리한 재투자는 삼가시는 것이 손실을 예방하는 데 도움이 됩니다."
말띠,직장운,"오늘은 맡은 업무의 무게가 유독 크게 느껴지는 하루가 될 수 있습니다. 말띠 특유의 열정과 추진력으로 여러 일을 동시에 처리하려 하다 보면 집중력이 분산될 수 있으니, 우선순위를 정하고 하나씩 마무리하는 방식이 오늘의 성과를 높이는 데 도움이 됩니다."
말띠,직장운,"커리어의 방향에 대해 진지하게 고민하게 되는 시기가 찾아오고 있습니다. 자유로움을 추구하는 말띠의 기질상 현재의 자리가 답답하게 느껴질 수 있으나, 지금의 경험이 쌓여 더 큰 도약의 발판이 된다는 사실을 기억하시기 바랍니다."
말띠,직장운,"오늘은 직장 내 인간관계에서 말띠의 뛰어난 사교성이 빛을 발하는 날입니다. 평소 가깝지 않았던 동료나 타 부서와의 소통이 자연스럽게 이루어지며, 그 과정에서 새로운 업무 기회나 협력의 실마리가 열릴 가능성이 높습니다."
말띠,직장운,"업무 중 갑작스러운 변수나 계획의 수정이 생길 수 있는 하루입니다. 말띠의 변덕스러운 면이 성급한 판단으로 이어지지 않도록 주의하며, 상황을 침착하게 살핀 후 행동으로 옮기는 것이 결과적으로 더 좋은 성과를 가져다줄 것입니다."
말띠,직장운,"그동안 혼자 감당해온 업무의 짐이 오늘따라 무겁게 느껴질 수 있습니다. 말띠의 활동적인 에너지를 주변과 나누는 방향으로 전환하여 동료에게 도움을 요청하거나 역할을 분담한다면, 팀 전체의 효율이 오르고 본인의 부담도 한결 가벼워질 것입니다."
말띠,건강운,"몸보다 의욕이 앞서는 하루가 될 수 있습니다. 말띠 특유의 열정이 넘쳐 무리한 계획을 세우기 쉽지만, 오늘은 체력의 한계를 먼저 가늠한 뒤 움직이는 것이 현명합니다. 작은 무리가 쌓여 큰 탈이 되지 않도록 스스로를 조율하는 하루가 되기를 바랍니다."
말띠,건강운,"활동량이 많아 허기를 느낄 틈조차 없이 지나치는 날입니다. 말띠의 활동적인 성향은 끼니를 건너뛰거나 식사를 급하게 마치게 만들기 쉬우니, 오늘은 규칙적인 식사와 충분한 영양 보충에 특별히 신경을 기울이시기 바랍니다."
말띠,건강운,"생각이 많아지고 머릿속이 복잡해지는 흐름이 감지됩니다. 말띠의 추진력 있는 성격은 여러 문제를 동시에 끌어안으려 하지만, 정신적 피로가 누적되면 판단력이 흐려질 수 있으니 오늘은 불필요한 고민을 내려놓고 마음을 가볍게 유지하는 것이 중요합니다."
말띠,건강운,"쉬는 것이 왠지 아깝게 느껴지는 날일 수 있습니다. 인내심이 부족한 말띠의 특성상 회복보다 행동을 택하기 쉽지만, 오늘은 짧더라도 의식적으로 몸을 눕히거나 눈을 감는 시간을 만드는 것이 오히려 전체적인 컨디션을 끌어올리는 데 도움이 됩니다."
말띠,건강운,"관절과 근육에 예상치 못한 긴장감이 찾아올 수 있는 하루입니다. 말띠의 변덕스러운 에너지 흐름으로 인해 몸이 준비되지 않은 상태에서 갑작스럽게 움직이는 상황이 생길 수 있으니, 간단한 스트레칭으로 몸의 긴장을 미리 풀어두는 습관을 들이시기 바랍니다."
말띠,대인운,오늘은 평소보다 사람들과의 연결이 더욱 깊게 느껴지는 하루입니다. 말띠 특유의 열정적인 에너지가 대화 속에서 자연스럽게 드러나며 주변의 신뢰를 얻는 데 도움이 됩니다. 다만 지나친 추진력으로 혼자 대화를 이끌어가려 하기보다는 상대방의 말에 귀를 기울이는 시간도 충분히 갖는 것이 중요합니다.
말띠,대인운,오늘은 그동안 소원했던 관계를 회복할 수 있는 좋은 기회가 찾아옵니다. 말띠의 활동적이고 사교적인 기질이 먼저 손을 내미는 용기로 이어지며 상대방 역시 그 진심을 긍정적으로 받아들일 가능성이 높습니다. 짧은 연락 한 통이 오랜 인연을 다시 이어주는 계기가 될 수 있습니다.
말띠,대인운,"직장이나 모임에서 본인의 의견이 주목받는 상황이 생길 수 있는 하루입니다. 말띠의 타고난 추진력과 표현력이 강점으로 작용하지만, 인내심이 부족해지는 순간 상대방과의 불필요한 마찰이 생길 수 있으니 감정의 속도를 조금 늦추시기 바랍니다."
말띠,대인운,"오늘은 여러 사람의 부탁이나 요청이 한꺼번에 몰려와 다소 벅찬 기분이 드실 수 있습니다. 말띠의 자유로운 기질은 얽매이는 상황에서 더욱 쉽게 지치는 경향이 있으므로, 무리하게 모든 것을 받아들이기보다 스스로의 한계를 명확히 전달하는 것이 관계를 더욱 건강하게 유지하는 방법입니다."
말띠,대인운,"오늘은 뜻밖의 자리에서 중요한 인연을 만날 가능성이 있는 날입니다. 말띠 특유의 밝고 솔직한 성품이 상대방에게 신선한 인상을 남기며 관계의 첫 단추를 잘 끼울 수 있습니다. 단, 변덕스러운 기질이 발동하여 중간에 흥미를 잃지 않도록 꾸준한 관심과 성의를 보여주시기 바랍니다."
말띠,행동운,"오늘은 계획만 세우다 정작 실행에 옮기지 못하는 아쉬움이 생길 수 있습니다. 말띠의 강한 추진력은 생각보다 행동이 앞설 때 빛을 발하므로, 완벽한 준비를 기다리기보다 지금 가진 것으로 시작하는 것이 바람직합니다."
말띠,행동운,익숙한 방식에서 벗어나 새로운 방법을 시도해보고 싶은 충동이 느껴지는 날입니다. 말띠 특유의 도전 정신을 발휘하여 작은 변화라도 실제로 행동에 옮겨 보시기 바랍니다. 머릿속에만 머물렀던 아이디어를 오늘 하나라도 현실로 꺼내는 것이 중요합니다.
말띠,행동운,"오늘은 해결되지 않은 갈등이나 불편한 관계를 그대로 두고 싶은 마음이 들 수 있습니다. 그러나 말띠의 활동적인 기운이 강하게 흐르는 지금, 먼저 손을 내밀고 직접 대화를 청하는 것이 상황을 풀어가는 가장 빠른 길이 됩니다."
말띠,행동운,"여러 방향으로 분주하게 움직이다 정작 중요한 결정을 뒤로 미루게 될 수 있는 하루입니다. 말띠의 열정이 소모되기 전에 오늘 반드시 결론을 내려야 할 한 가지를 먼저 정하고, 그것을 중심으로 움직이시기 바랍니다."
말띠,행동운,"무언가를 그만두거나 방향을 바꾸고 싶다는 생각이 불현듯 찾아올 수 있는 날입니다. 말띠의 변덕이 충동적인 결정으로 이어지지 않도록, 오늘은 행동하기 전에 단 한 번만 더 이유를 점검하는 습관을 갖는 것이 현명한 선택이 됩니다."
양띠,총운,"오늘은 애써 밝은 척하고 있지만 내면 깊은 곳에서 피로감이 쌓여 있을 수 있는 하루입니다. 섬세한 감수성을 지닌 양띠 특성상 주변 분위기에 맞추느라 스스로를 돌보지 못한 시간이 길어졌을 수 있으니, 오늘만큼은 타인보다 자신의 감정을 먼저 살피는 시간을 갖는 것이 바람직합니다."
양띠,총운,"오늘은 새로운 인연이나 협력의 실마리가 조용히 찾아올 수 있는 흐름입니다. 온순하고 배려심 깊은 양띠의 기질이 상대방에게 편안한 인상을 주어 자연스럽게 신뢰를 쌓는 계기가 마련될 수 있으니, 작은 만남도 가볍게 여기지 않는 자세가 중요합니다."
양띠,총운,"오늘은 스스로의 판단을 지나치게 의심하여 결정을 미루게 되는 상황이 반복될 수 있습니다. 양띠 특유의 소심한 면이 신중함으로 이어지는 것은 긍정적이나, 지나친 망설임은 오히려 기회를 놓치게 만들 수 있으므로 한 가지 선택에 믿음을 두고 나아가는 용기가 필요합니다."
양띠,총운,"오늘은 가까운 사람과의 관계에서 예상치 못한 오해가 생길 수 있는 날입니다. 공감 능력이 뛰어난 양띠일수록 상대의 의도를 지레 짐작하여 혼자 마음을 닫아버리는 경우가 있으므로, 오해가 느껴진다면 감정을 쌓아두기보다 차분하게 대화로 풀어나가는 것이 현명합니다."
양띠,총운,"오늘은 평소 미뤄두었던 내면의 목소리에 귀를 기울이기에 좋은 흐름이 형성되는 하루입니다. 예술적 감성이 풍부한 양띠에게 오늘의 고요한 에너지는 창의적인 아이디어나 영감을 끌어올리는 데 유리하게 작용하므로, 짧은 시간이라도 혼자만의 여유로운 공간을 마련해 보시기 바랍니다."
양띠,애정운,"사랑하는 마음이 클수록 상처받을까 두려워지는 오늘입니다. 양띠 특유의 섬세함이 관계를 더욱 깊고 풍요롭게 만들지만, 그 예민함이 지나치면 없는 갈등을 만들어 낼 수도 있습니다. 상대의 표정 하나, 말투 하나에 흔들리기보다 있는 그대로를 바라보는 여유를 가져 보시기 바랍니다."
양띠,애정운,"오늘은 누군가에게 배려를 받았을 때 그것을 온전히 받아들이기 어려운 감정이 드는 날입니다. 깊은 공감 능력을 지닌 양띠이지만, 타인을 살피는 만큼 자신의 감정도 소중히 여겨야 합니다. 상대의 따뜻한 마음을 기꺼이 받아들이는 것 또한 관계를 이어가는 아름다운 방식임을 기억하시기 바랍니다."
양띠,애정운,오래 마음에 품어온 감정이 오늘 따라 더욱 선명하게 떠오르는 하루입니다. 배려심이 깊은 양띠는 상대가 불편할까 염려해 진심을 숨기는 경우가 많습니다. 그러나 조심스럽게 건네는 진솔한 말 한마디가 두 사람 사이의 거리를 가장 빠르게 좁혀 주는 열쇠가 될 수 있습니다.
양띠,애정운,"가까운 사이일수록 기대가 커지고, 그 기대가 채워지지 않을 때 쉽게 서운함을 느끼는 날입니다. 의존적인 성향이 강해지는 시기일수록 상대에게 바라기보다 내가 먼저 줄 수 있는 것을 떠올려 보시기 바랍니다. 온순하고 따뜻한 양띠의 작은 실천이 관계에 새로운 온기를 불어넣을 것입니다."
양띠,애정운,"새로운 인연이 가까이 다가와 있지만 선뜻 다가서지 못하고 머뭇거리게 되는 하루입니다. 소심한 성향이 기회를 놓치게 만들 수 있으니, 지나친 완벽함을 내려놓고 자연스러운 모습 그대로를 보여 주시기 바랍니다. 예술적 감성과 깊은 배려심을 지닌 양띠의 진정성은 그 어떤 화려한 말보다 상대의 마음에 오래 남습니다."
양띠,금전운,"오늘은 주변 사람들과의 관계 속에서 예상치 못한 지출이 발생할 수 있는 날입니다. 양띠 특유의 깊은 배려심이 모임이나 선물 등의 소비로 이어지기 쉬우므로, 마음의 온도와 지갑의 온도를 함께 살피는 지혜가 필요합니다."
양띠,금전운,"소중한 것을 아끼고 싶은 마음이 오늘따라 더욱 강하게 느껴지실 수 있습니다. 양띠의 풍부한 감성이 기념품이나 소장품 구매 욕구로 이어질 수 있는 날이므로, 구매 전 하루 정도 시간을 두고 신중하게 결정하시기 바랍니다."
양띠,금전운,"오늘은 금전적인 결정을 혼자 내리기보다 신뢰할 수 있는 사람과 상의하고 싶어지는 흐름이 나타납니다. 다만 양띠의 의존적 성향이 지나치게 발휘되면 타인의 판단에 지나치게 끌려갈 수 있으므로, 최종 결정은 반드시 본인의 기준으로 내리시기 바랍니다."
양띠,금전운,"수입과 지출의 균형이 다소 흔들릴 수 있는 날로, 작은 금액의 소비가 반복되어 누적되는 패턴을 주의하시기 바랍니다. 양띠 특유의 섬세한 감각을 소비가 아닌 지출 점검에 활용한다면, 오히려 재정 관리에 긍정적인 흐름을 만들어 낼 수 있습니다."
양띠,금전운,"오늘은 새로운 재정 계획을 세우기에 적합한 내면의 에너지가 흐르는 날입니다. 평소 소심함으로 인해 미루어 두었던 저축이나 지출 구조 개편을 조용히 시작해 보신다면, 양띠 특유의 꼼꼼하고 섬세한 감각이 좋은 결실로 이어질 수 있습니다."
양띠,직장운,오늘은 업무 중 예상치 못한 변화나 새로운 지시가 주어져 당혹감을 느낄 수 있습니다. 양띠 특유의 섬세한 감각으로 상황을 천천히 파악하다 보면 적절한 방향이 보이기 시작합니다. 조급하게 서두르지 않는 것이 오히려 안정적인 결과로 이어지는 흐름입니다.
양띠,직장운,"동료나 상사의 작은 말 한마디에 마음이 흔들리거나 상처를 받기 쉬운 하루입니다. 공감 능력이 뛰어난 양띠는 타인의 감정과 말에 민감하게 반응하는 경향이 있으므로, 오늘은 불필요한 감정 소모를 줄이고 자신의 업무에 집중하는 것이 중요합니다. 내면을 단단히 다잡는 것이 오늘의 핵심입니다."
양띠,직장운,"오늘은 꼼꼼하게 정리된 자료나 세심하게 완성된 결과물이 주변의 인정을 받을 수 있는 흐름입니다. 양띠가 지닌 배려심과 섬세함은 업무의 완성도를 높이는 데 큰 강점이 되므로, 자신의 방식을 신뢰하고 끝까지 마무리하는 것이 중요합니다. 오늘의 노력은 눈에 보이는 성과로 돌아올 가능성이 높습니다."
양띠,직장운,"오늘은 책임의 범위가 본인의 역할을 넘어서까지 확장될 수 있어 피로감이 누적될 수 있습니다. 배려심이 깊은 양띠는 타인의 부탁을 거절하는 것을 어려워하는 경향이 있으나, 오늘만큼은 자신의 역량과 상황을 먼저 살피는 자세가 필요합니다. 적절한 선을 지키는 것이 장기적으로 더 나은 협력 관계를 만드는 길이 됩니다."
양띠,직장운,"업무 중 스스로의 판단을 믿지 못하고 결정을 미루거나 타인의 확인을 반복적으로 구하는 상황이 생길 수 있습니다. 양띠의 신중함은 분명한 장점이지만, 오늘은 지나친 의존보다 자신의 직관을 믿고 한 발 내딛는 용기가 필요한 시점입니다. 작은 결단이 쌓여 스스로에 대한 신뢰로 이어진다는 점을 기억하시기 바랍니다."
양띠,건강운,"섬세한 감수성을 지닌 양띠에게 오늘은 외부 자극에 유독 민감하게 반응하는 흐름이 감지됩니다. 작은 소음이나 밝은 빛에도 쉽게 예민해질 수 있으므로, 가능한 한 자극이 적은 조용한 환경에서 충분한 휴식을 취하는 것이 회복에 도움이 됩니다."
양띠,건강운,타인의 감정에 깊이 공감하는 양띠의 특성상 오늘은 감정적 소모가 신체 에너지 저하로 이어질 수 있는 날입니다. 대화나 감정적 교류 후에는 잠시 혼자만의 시간을 두어 내면의 균형을 되찾는 것이 건강 유지에 중요한 열쇠가 됩니다.
양띠,건강운,평소 소심하고 걱정이 많은 성향으로 인해 스트레스가 두통이나 목 부위 긴장으로 나타나기 쉬운 흐름입니다. 오늘은 깊은 호흡과 가벼운 스트레칭으로 긴장된 근육을 이완시켜 주는 시간을 의식적으로 마련하시기 바랍니다.
양띠,건강운,"배려심이 깊은 양띠는 다른 이의 부탁을 거절하지 못하고 무리하게 움직이다 체력이 고갈되는 경우가 생기기 쉽습니다. 오늘은 자신의 체력 한계를 솔직하게 인정하고, 필요한 경우 정중히 선을 긋는 것이 스스로를 지키는 가장 현명한 건강 관리가 됩니다."
양띠,건강운,예술적 감성이 풍부한 양띠는 감정의 기복이 클수록 수면의 질이 떨어지는 경향이 있습니다. 오늘 저녁에는 잔잔한 음악을 듣거나 따뜻한 물로 목욕을 하는 등 감각을 부드럽게 달래주는 루틴을 실천하여 깊은 숙면을 준비하시기 바랍니다.
양띠,대인운,"오늘은 타인의 감정을 유독 예민하게 받아들여 마음이 쉽게 흔들릴 수 있는 흐름입니다. 상대방의 사소한 말투나 표정 하나에 깊이 동요하기보다는, 그 감수성을 상대를 이해하는 방향으로 활용하시면 관계가 한층 단단해질 것입니다."
양띠,대인운,"새로운 사람과의 첫 만남에서 속마음을 드러내기가 어렵게 느껴질 수 있는 하루입니다. 소심한 성향 탓에 선뜻 다가가지 못하더라도, 따뜻한 눈빛과 조용한 경청만으로도 상대에게 충분한 신뢰를 전할 수 있음을 기억하시기 바랍니다."
양띠,대인운,평소 배려를 아끼지 않았던 관계에서 정작 자신은 충분한 보답을 받지 못하고 있다는 느낌이 드는 하루일 수 있습니다. 섭섭함을 혼자 삼키기보다는 상대에게 솔직하게 마음을 전하는 것이 관계를 건강하게 유지하는 첫걸음이 됩니다.
양띠,대인운,"주변 사람들 사이에서 중재자 역할을 맡게 되는 상황이 생길 수 있습니다. 공감 능력이 뛰어난 만큼 양쪽의 입장을 세심하게 헤아릴 수 있으나, 그 과정에서 본인의 감정이 소모되지 않도록 적절한 거리를 유지하시는 것이 중요합니다."
양띠,대인운,"오늘은 가까운 사람에게 칭찬이나 감사의 말을 건네기에 좋은 흐름이 형성됩니다. 평소 마음속으로만 품어두었던 고마운 감정을 짧게라도 표현하면, 상대와의 유대감이 한층 깊어지고 관계에 온기가 더해지는 하루가 될 것입니다."
양띠,행동운,오늘은 머릿속에 여러 가지 생각이 뒤엉켜 어디서부터 시작해야 할지 막막하게 느껴질 수 있습니다. 그럴수록 가장 작고 단순한 일 하나를 골라 즉시 손을 대는 것이 중요합니다. 행동이 시작되는 순간 양띠 특유의 섬세한 집중력이 발휘되어 흐름이 자연스럽게 이어질 것입니다.
양띠,행동운,"오늘은 오랫동안 연락을 미루어 온 소중한 사람에게 먼저 손을 내밀 것을 권합니다. 양띠의 깊은 공감 능력은 상대방의 마음을 금세 녹이는 힘이 있으므로, 짧은 안부 한 마디만으로도 관계가 따뜻하게 회복되는 계기가 될 수 있습니다."
양띠,행동운,"중요한 결정을 앞두고 타인의 반응이 지나치게 걱정되어 판단이 흔들리고 있다면, 오늘만큼은 그 불안을 잠시 내려놓고 자신이 진정으로 원하는 방향을 종이에 직접 적어보시기 바랍니다. 눈으로 확인하는 순간 스스로의 선택에 대한 확신이 생겨날 것입니다."
양띠,행동운,오늘은 혼자 모든 것을 감당하려 하기보다 믿을 수 있는 한 사람에게 솔직하게 도움을 요청하는 행동이 필요합니다. 의존을 두려워하지 않고 적절히 기대는 것 역시 양띠가 갖추어야 할 중요한 실천임을 기억하시기 바랍니다.
양띠,행동운,"평소 타인의 부탁에 이끌려 정작 자신의 일정을 희생하는 일이 잦았다면, 오늘은 하루를 시작하기 전에 반드시 자신의 우선순위를 먼저 정해두시기 바랍니다. 배려심이 깊은 양띠일수록 자신을 먼저 챙기는 습관이 결과적으로 주변 모두에게도 이로운 선택이 됩니다."
원숭이띠,총운,오늘은 주변 상황이 예측 없이 바뀌어 당혹감을 느끼는 순간이 찾아올 수 있습니다. 그러나 어떤 변수에도 빠르게 적응하는 원숭이띠의 본능이 위기를 기회로 바꾸어 줄 것입니다. 당황하지 말고 눈앞의 흐름을 차분히 읽어 나가시기 바랍니다.
원숭이띠,총운,"오늘은 작은 실마리 하나가 뜻밖의 돌파구로 이어지는 하루입니다. 원숭이띠 특유의 영리한 시각이 남들이 지나친 기회를 먼저 발견하게 해 줄 것이니, 주변을 꼼꼼히 살피는 태도가 중요합니다. 다만 지나친 잔꾀는 오히려 신뢰를 흔들 수 있으니 정직한 방향을 선택하시기 바랍니다."
원숭이띠,총운,"오늘은 여러 방면에서 동시에 요청이 들어와 정신이 분산되기 쉬운 기운이 감돕니다. 원숭이띠의 산만한 성향이 더해지면 중요한 일의 완성도가 떨어질 수 있으니, 우선순위를 명확히 정한 뒤 하나씩 처리해 나가시기 바랍니다."
원숭이띠,총운,"오늘은 스스로도 몰랐던 재능이 뜻밖의 상황에서 빛을 발하는 하루가 될 수 있습니다. 원숭이띠의 창의력과 순발력이 맞물리면 짧은 시간 안에 놀라운 결과물을 만들어 낼 수 있으니, 새로운 도전을 주저하지 마시기 바랍니다."
원숭이띠,총운,오늘은 대화 속에서 기대하지 않았던 중요한 정보를 얻게 될 가능성이 높습니다. 원숭이띠의 예리한 눈치와 재치 있는 소통 능력이 인간관계에서 긍정적인 흐름을 만들어 주는 하루입니다. 가벼운 만남이라도 소홀히 여기지 않는 태도가 좋은 결실로 이어질 수 있습니다.
원숭이띠,애정운,"상대의 작은 말 한마디가 유독 마음에 걸려 혼자 여러 의미로 해석하게 되는 하루입니다. 원숭이띠의 영리한 분석력이 이럴 때는 오히려 피로감을 키울 수 있으니, 너무 많은 의미를 붙이기보다 있는 그대로 받아들이는 연습이 도움이 됩니다."
원숭이띠,애정운,가까운 관계일수록 솔직하게 표현하기가 더 어렵게 느껴지는 날입니다. 원숭이띠 특유의 융통성을 발휘하여 직접적인 말 대신 작은 행동 하나로 마음을 전해 보시기 바랍니다. 때로는 말보다 행동이 상대의 마음에 더 깊이 닿기도 합니다.
원숭이띠,애정운,"지금 관계에서 무언가 균형이 어긋나 있다는 느낌을 받고 있다면, 그 직감을 가볍게 여기지 않는 것이 중요합니다. 원숭이띠는 상황을 꿰뚫어 보는 능력이 뛰어난 만큼, 오늘은 그 감각을 믿고 관계의 흐름을 조용히 점검해 보시기 바랍니다."
원숭이띠,애정운,"대화를 시작하고 싶지만 자칫 가볍게 보일까 망설이게 되는 상황이 찾아올 수 있습니다. 원숭이띠의 재치 있는 화술은 그 어떤 어색한 분위기도 자연스럽게 풀어낼 힘을 지니고 있으므로, 지나친 계산보다는 편안한 한마디를 먼저 건네 보시기 바랍니다."
원숭이띠,애정운,"오늘은 혼자만의 감정에 집중하기보다 상대가 무엇을 필요로 하는지 살펴보는 방향이 관계에 긍정적인 흐름을 만들어 줍니다. 원숭이띠는 창의적인 공감 능력을 지니고 있어 상대의 필요를 빠르게 포착할 수 있으며, 그 작은 배려 하나가 오늘의 관계를 한층 깊게 만들어 줄 수 있습니다."
원숭이띠,금전운,"오늘은 손이 먼저 움직이는 하루가 될 수 있습니다. 원숭이띠 특유의 순발력이 소비 상황에서도 그대로 발휘되어, 필요하다고 느끼는 순간 바로 지갑을 열게 될 수 있으니 구매 전 잠시 멈추는 습관이 중요합니다."
원숭이띠,금전운,"오늘은 여러 방면에서 돈이 될 것 같은 정보들이 눈에 띄는 날입니다. 영리한 원숭이띠는 그 기회를 남들보다 빠르게 포착하는 능력이 있으나, 너무 많은 선택지 앞에서 판단이 흐려질 수 있으므로 한 가지에 집중하는 것이 이롭습니다."
원숭이띠,금전운,"평소보다 지출이 잦아지기 쉬운 하루입니다. 원숭이띠의 창의력은 소비에도 적용되어 '이 방법은 절약이다'라는 논리를 스스로 만들어낼 수 있으나, 그 논리가 지출을 합리화하는 방향으로 흐르지 않도록 주의가 필요합니다."
원숭이띠,금전운,"오늘은 재치 있는 협상이나 제안으로 금전적인 이득을 볼 수 있는 흐름이 감지됩니다. 원숭이띠의 언변과 융통성이 상대방의 마음을 움직이는 데 도움이 되겠으나, 구두로 오간 약속은 반드시 문서로 남겨두는 것이 바랍니다."
원숭이띠,금전운,"새로운 수익 방식에 관심이 쏠리는 하루가 될 수 있습니다. 원숭이띠의 아이디어는 기발하고 실현 가능성도 없지 않으나, 산만한 기질로 인해 하나를 완성하기 전에 다른 방향으로 눈길이 옮겨갈 수 있으므로 오늘은 실행보다 계획을 다듬는 데 집중하는 것이 현명합니다."
원숭이띠,직장운,오늘은 여러 업무가 한꺼번에 몰려 어디서부터 손을 대야 할지 막막한 기분이 들 수 있습니다. 원숭이띠 특유의 민첩한 사고력으로 우선순위를 빠르게 정리하면 예상보다 수월하게 처리됩니다. 한 번에 모든 것을 해결하려 하기보다 순서를 나누어 접근하는 것이 효과적입니다.
원숭이띠,직장운,오늘은 동료나 팀원 사이에서 자신의 역할이 모호하게 느껴져 답답함을 느낄 수 있습니다. 타고난 융통성과 상황 적응력을 발휘하면 경계가 불분명한 상황에서도 자신만의 위치를 자연스럽게 만들어 갈 수 있습니다. 지금의 불분명한 상황이 오히려 능력을 드러낼 기회가 될 수 있습니다.
원숭이띠,직장운,반복되는 업무 패턴에 쉽게 지루함을 느끼는 하루가 될 수 있습니다. 원숭이띠의 창의적인 발상을 활용해 기존 방식에 작은 변화를 시도해 보면 업무 효율이 눈에 띄게 달라질 수 있습니다. 작은 시도가 주변의 긍정적인 반응을 이끌어낼 가능성이 있습니다.
원숭이띠,직장운,오늘은 자신이 제안한 아이디어가 제대로 받아들여지지 않아 좌절감을 느끼는 순간이 있을 수 있습니다. 그러나 원숭이띠 특유의 재치 있는 표현력으로 전달 방식을 달리해 보면 같은 내용도 전혀 다른 반응을 이끌어낼 수 있습니다. 설득의 타이밍과 방식을 다시 한번 점검해 보는 것이 도움이 됩니다.
원숭이띠,직장운,오늘은 상사로부터 갑작스러운 업무 지시나 방향 변경이 있어 당혹스러움을 느낄 수 있습니다. 원숭이띠의 뛰어난 순발력은 이처럼 예측하기 어려운 상황에서 오히려 진가를 발휘하게 됩니다. 변화를 부담으로 받아들이기보다 새로운 역량을 보여줄 기회로 삼는 자세가 오늘의 흐름에 맞습니다.
원숭이띠,건강운,"빠르게 움직이고 싶은 마음은 굴뚝같지만 오늘은 몸이 신호를 보내고 있을 수 있습니다. 원숭이띠 특유의 순발력으로 무리한 일정을 소화하려 하기보다, 몸이 보내는 작은 피로 신호에 먼저 귀를 기울이시기 바랍니다."
원숭이띠,건강운,"영리한 두뇌가 끊임없이 새로운 자극을 원하는 날이지만, 과도한 정보 소비는 정신적 피로를 가중시킬 수 있습니다. 오늘은 스마트폰이나 화면과 잠시 거리를 두는 것만으로도 눈과 머리의 피로를 상당히 줄일 수 있습니다."
원숭이띠,건강운,"창의력이 넘쳐 이것저것 시도하고 싶은 충동이 강한 하루이지만, 그 에너지가 분산될수록 신체 회복력은 오히려 떨어지기 쉽습니다. 오늘의 건강 관리는 넓게 퍼지는 방향이 아닌 한 가지에 집중하는 방향으로 접근하시기 바랍니다."
원숭이띠,건강운,재치 있게 상황을 모면하는 능력 덕분에 컨디션이 좋지 않아도 겉으로 내색하지 않는 경향이 있습니다. 그러나 오늘은 그 능숙함이 오히려 자신의 건강 이상 신호를 감추는 데 쓰이지 않도록 스스로를 솔직하게 점검하는 시간을 갖는 것이 필요합니다.
원숭이띠,건강운,"잔꾀가 발달한 원숭이띠는 휴식을 취하는 척하면서도 머릿속으로는 여러 가지를 동시에 계획하는 경우가 많습니다. 진정한 회복을 위해서는 생각의 흐름을 의식적으로 멈추는 연습이 필요하며, 짧은 호흡 명상이나 조용한 환경 속에서의 온전한 휴식이 오늘의 피로 해소에 효과적입니다."
원숭이띠,대인운,오늘은 오랫동안 소원했던 인연이 다시 가까워질 수 있는 흐름입니다. 원숭이띠 특유의 유연한 소통 방식이 묵은 감정의 벽을 자연스럽게 허물어 줄 것입니다. 먼저 가볍게 말을 건네보시기 바랍니다.
원숭이띠,대인운,"대화 자리에서 당신의 한마디가 분위기를 단번에 바꾸는 순간이 찾아올 수 있습니다. 원숭이띠의 뛰어난 순발력과 재치 있는 언변이 오늘따라 더욱 빛을 발하는 날로, 주변 사람들의 시선이 자연스럽게 당신에게 모일 것입니다."
원숭이띠,대인운,"처음 만나는 사람과도 금세 편안한 분위기를 만들어낼 수 있는 날입니다. 원숭이띠의 탁월한 융통성과 창의적인 화법이 낯선 관계를 빠르게 좁혀주는 역할을 하므로, 새로운 인연의 문을 두려움 없이 두드려 보시기 바랍니다."
원숭이띠,대인운,"여러 사람의 부탁이 한꺼번에 몰려들어 방향을 잡기 어려운 하루가 될 수 있습니다. 원숭이띠의 산만한 기질이 자극받기 쉬운 환경인 만큼, 관계마다 적절한 선을 지키며 에너지를 고르게 분배하시기 바랍니다."
원숭이띠,대인운,"가까운 지인이 겉으로 내색하지 않아도 속으로 당신의 도움을 기다리고 있을 수 있습니다. 원숭이띠의 빠른 눈치와 영리한 판단력이 그 신호를 먼저 알아채는 데 큰 힘이 될 것이므로, 먼저 다가가는 작은 용기가 관계를 한층 깊게 만들어 줄 것입니다."
원숭이띠,행동운,"오늘은 여러 일이 동시에 눈에 들어와 어디에 집중해야 할지 혼란스러운 하루가 될 수 있습니다. 원숭이띠의 뛰어난 순발력을 믿되, 한 가지 일을 완전히 마무리한 뒤 다음 일로 넘어가는 순서를 의식적으로 지켜 나가시기 바랍니다."
원숭이띠,행동운,"계획한 일이 예상치 못한 방향으로 흘러가더라도 당황하지 않으셔도 됩니다. 원숭이띠 특유의 융통성을 발휘하여 상황에 맞게 방식을 바꾸되, 목표 자체는 흔들리지 않도록 중심을 단단히 잡고 행동으로 옮기시기 바랍니다."
원숭이띠,행동운,"오늘은 미루어 두었던 연락이나 제안을 먼저 건네기에 좋은 날입니다. 재치 있는 표현과 영리한 접근 방식으로 상대방의 마음을 여는 첫 발걸음을 내딛으시면, 생각보다 수월하게 일이 풀려 나갈 것입니다."
원숭이띠,행동운,"여러 사람의 기대와 요구 사이에서 무리하게 균형을 맞추려다 정작 중요한 일을 놓칠 수 있는 하루입니다. 영리한 판단으로 오늘 반드시 직접 움직여야 할 일을 먼저 가려내고, 나머지는 과감하게 위임하거나 조율하는 결단을 내리시기 바랍니다."
원숭이띠,행동운,"번뜩이는 아이디어가 실천으로 이어지지 못한 채 흐지부지 사라진 경험이 있으신가요. 오늘은 머릿속에 떠오른 발상을 즉시 구체적인 첫 행동 하나로 연결하는 연습을 해 보시기 바라며, 작은 실행 하나가 원숭이띠의 창의력을 현실로 만드는 출발점이 될 것입니다."
닭띠,총운,"오늘은 계획대로 흘러가지 않는 상황에 답답함을 느끼실 수 있습니다. 닭띠 특유의 철저한 준비 습관이 있기에 그 아쉬움이 더욱 크게 느껴지겠지만, 예상치 못한 변화 속에서도 유연하게 방향을 조율하는 것이 오늘의 핵심입니다."
닭띠,총운,"오늘은 그동안 묵묵히 쌓아온 노력이 서서히 주변에 드러나기 시작하는 흐름입니다. 닭띠 특유의 성실함과 자기관리가 신뢰로 이어지는 하루가 될 것이니, 자신의 페이스를 유지하며 흔들리지 않는 태도를 견지하시기 바랍니다."
닭띠,총운,"오늘은 타인의 행동 방식이 다소 느슨하게 느껴져 내심 불만이 쌓일 수 있는 날입니다. 닭띠의 높은 기준과 꼼꼼한 시각은 분명 강점이지만, 지나친 간섭보다는 조용히 본인의 역할에 집중하는 것이 전체적인 흐름에 유리하게 작용합니다."
닭띠,총운,오늘의 에너지는 새로운 도전보다는 기존에 진행 중인 일을 정비하고 완성도를 높이는 방향에 집중될 때 더욱 빛을 발합니다. 닭띠 특유의 꼼꼼함과 계획성을 발휘하여 마무리되지 않은 부분을 점검한다면 만족스러운 결과를 얻을 수 있을 것입니다.
닭띠,총운,"오늘은 스스로를 채찍질하며 무리하게 에너지를 쏟고 있지는 않은지 점검해 보시기 바랍니다. 닭띠의 강한 책임감과 부지런함은 큰 자산이지만, 충분한 회복 없이 달려가다 보면 오히려 판단력이 흐려질 수 있으니 적절한 여유를 허용하는 것도 오늘의 중요한 과제입니다."
닭띠,애정운,"상대방의 사소한 습관이나 태도가 유독 눈에 밟히는 하루일 수 있습니다. 고치길 바라는 마음이 잔소리로 이어지기 전에, 그 에너지를 상대를 이해하는 방향으로 돌려보시기 바랍니다. 지적보다 공감이 관계를 더 단단하게 만들어줍니다."
닭띠,애정운,"관계를 유지하기 위해 혼자서 너무 많은 것을 짊어져 온 것은 아닌지 돌아볼 필요가 있습니다. 철저한 자기관리로 상대를 배려해왔지만, 오늘만큼은 그 수고를 스스로 인정해주는 시간이 필요합니다. 진심은 애쓰지 않아도 전해질 수 있습니다."
닭띠,애정운,"오늘은 마음에 두고 있는 상대에게 연락을 취하기 좋은 흐름이 형성되어 있습니다. 다만 계획한 말을 완벽하게 전달하려다 기회를 놓치는 경우가 생길 수 있으니, 다듬어지지 않아도 솔직한 한마디가 더 큰 울림을 줄 수 있다는 점을 기억하시기 바랍니다."
닭띠,애정운,상대와의 관계에서 본인이 옳다는 확신이 고집으로 비춰지는 상황이 생길 수 있습니다. 논리적으로 맞더라도 감정의 영역에서는 옳고 그름보다 따뜻함이 우선될 때가 있습니다. 오늘은 한 발 물러서는 것이 오히려 관계를 앞으로 나아가게 하는 선택이 될 수 있습니다.
닭띠,애정운,"새로운 인연이 가까이에 있음에도 섣불리 다가가지 못하고 신중하게 살피는 하루가 될 수 있습니다. 준비가 덜 된 것 같다는 느낌은 완벽함을 추구하는 성향에서 비롯된 것일 수 있으니, 오늘은 분석보다 감각을 믿어보는 용기가 필요합니다."
닭띠,금전운,"수입과 지출의 균형을 맞추려 애써온 노력이 오늘따라 헛수고처럼 느껴질 수 있습니다. 닭띠 특유의 꼼꼼한 계획성을 믿고, 단기적인 수치에 일희일비하기보다 전체적인 흐름을 차분히 되짚어 보시기 바랍니다."
닭띠,금전운,"작은 지출 하나도 허투루 여기지 않는 닭띠이지만, 오늘은 주변의 분위기에 이끌려 불필요한 소비를 하게 될 수 있습니다. 평소 자신이 세운 소비 원칙을 다시 한번 상기하며 흔들림 없이 지갑을 지키는 것이 현명한 하루가 될 것입니다."
닭띠,금전운,"오늘은 기대하던 금전적 성과가 예상보다 늦게 찾아와 초조함을 느끼실 수 있습니다. 닭띠는 부지런히 준비한 만큼 반드시 그에 상응하는 결과를 거두는 기질을 지니고 있으니, 서두르지 말고 때를 기다리는 여유를 가지시기 바랍니다."
닭띠,금전운,"새로운 재테크 방식에 솔깃함을 느끼게 되는 하루가 될 수 있습니다. 닭띠의 완벽주의적 성향을 발휘하여 충분한 검토 없이 결정을 서두르는 일은 삼가고, 신뢰할 수 있는 근거를 갖춘 후에 움직이는 것이 손실을 줄이는 길이 될 것입니다."
닭띠,금전운,"가까운 이와의 공동 지출 문제로 의견 충돌이 생길 수 있는 날입니다. 닭띠는 자기관리가 철저한 만큼 타인의 느슨한 금전 감각에 답답함을 느끼기 쉬우나, 지나친 잔소리보다는 명확한 기준을 조용히 제시하는 방식이 관계와 금전 모두를 지키는 방법이 될 것입니다."
닭띠,직장운,"오늘은 준비한 만큼 결과가 따라오는 흐름입니다. 평소의 철저한 자기관리와 계획성이 실제 성과로 이어지는 날이므로, 맡은 업무를 끝까지 완수하는 데 역량을 집중하시기 바랍니다."
닭띠,직장운,업무 방향이나 방식에 대해 자신의 기준을 고수하고 싶은 마음이 강하게 드는 하루입니다. 고집을 앞세우기보다 상대의 의견을 한 번 더 경청하는 태도가 협업의 흐름을 원활하게 만들어 줄 수 있습니다.
닭띠,직장운,"평소보다 더 꼼꼼하게 업무를 점검하고 싶은 충동이 드는 날입니다. 부지런한 성격을 살려 놓쳤던 부분을 다시 한번 살펴본다면, 완성도 높은 결과물을 만들어내는 데 큰 도움이 됩니다."
닭띠,직장운,"동료의 느슨한 업무 태도에 답답함을 느끼기 쉬운 흐름입니다. 지적이나 개입으로 에너지를 소모하기보다, 자신의 정확함과 성실함을 묵묵히 실행하는 것이 장기적으로 신뢰를 쌓는 길이 됩니다."
닭띠,직장운,"기대했던 평가나 피드백이 늦어져 지치는 기분이 드는 날일 수 있습니다. 결과에 대한 조급함을 내려놓고 부지런히 맡은 역할을 수행하다 보면, 노력의 흔적은 반드시 주변에 전달되기 마련입니다."
닭띠,건강운,"몸이 보내는 신호를 애써 무시하며 하루를 버텨오셨다면, 오늘만큼은 그 신호에 귀를 기울이시기 바랍니다. 닭띠 특유의 부지런함은 때로 피로를 피로로 인식하지 못하게 만드는 함정이 되기도 합니다. 오늘은 몸이 먼저라는 단순한 원칙을 되새기시기 바랍니다."
닭띠,건강운,계획대로 되지 않는 상황이 쌓이며 신경이 곤두서 있을 수 있는 날입니다. 닭띠의 철저한 계획성은 예상치 못한 변수를 만날 때 정신적 긴장으로 이어지기 쉽습니다. 심호흡 하나로도 흐트러진 내면의 균형을 되찾는 데 도움이 됩니다.
닭띠,건강운,오늘은 식사와 수분 섭취를 제때 챙기지 못하는 흐름이 나타날 수 있습니다. 자기 일에 몰두하는 닭띠는 정작 자신의 기본적인 생체 리듬을 뒤로 미루는 경향이 있으니 주의하시기 바랍니다. 작은 규칙 하나를 지키는 것이 오늘의 건강을 지키는 핵심이 됩니다.
닭띠,건강운,타인의 건강 습관을 꼼꼼히 챙기느라 정작 본인의 몸 상태를 점검하지 못하고 있지는 않으신지 되돌아보시기 바랍니다. 닭띠의 잔소리 기질은 주변을 향하기 전에 오늘만큼은 자신을 향해야 할 때입니다. 스스로에게 건네는 따뜻한 관심이 곧 최고의 건강 관리입니다.
닭띠,건강운,오늘은 완벽한 루틴을 고집하기보다 몸의 상태에 맞게 유연하게 조율하는 것이 이로운 흐름입니다. 닭띠의 고집이 피로한 몸을 억지로 채찍질하는 방향으로 작용하지 않도록 스스로를 살피시기 바랍니다. 오늘의 쉼은 내일의 활력을 위한 가장 현명한 선택이 됩니다.
닭띠,대인운,"오늘은 나의 기준과 상대방의 방식이 서로 맞지 않아 답답함을 느낄 수 있는 흐름입니다. 철저한 자기관리와 높은 기준을 지닌 닭띠의 특성상 타인의 느슨한 태도가 눈에 거슬릴 수 있으나, 모든 사람이 같은 방식으로 움직이지 않는다는 점을 인정하는 것이 관계를 원만하게 유지하는 열쇠가 됩니다."
닭띠,대인운,"오늘은 직장이나 모임에서 나의 의견을 전달할 기회가 생기는 날입니다. 평소 계획적이고 논리적인 사고방식이 빛을 발할 수 있으나, 말의 내용만큼이나 전달하는 방식과 온도에도 신경을 기울이시기 바랍니다. 정확한 표현이 때로는 상대에게 날카롭게 느껴질 수 있습니다."
닭띠,대인운,소중한 관계임에도 불구하고 잦은 지적과 조언이 상대방에게 부담이 되고 있지는 않은지 돌아보기 좋은 날입니다. 상대를 위한 마음에서 비롯된 말이라 하더라도 오늘은 한 발짝 물러서서 먼저 들어주는 자세를 취하는 것이 관계의 온도를 높이는 데 도움이 됩니다.
닭띠,대인운,오늘은 오랜 지인과의 약속이나 만남에서 신뢰를 더욱 단단히 쌓을 수 있는 흐름입니다. 약속 시간을 철저히 지키고 꼼꼼하게 준비하는 닭띠의 성실한 면모가 상대방으로 하여금 믿음직스러운 인물로 각인되는 하루가 됩니다.
닭띠,대인운,오늘은 뜻하지 않은 자리에서 새로운 인연과 대화를 나누게 될 수 있는 기운이 흐릅니다. 평소 쉽게 마음을 열지 않는 편이더라도 오늘만큼은 완벽한 모습을 갖추려는 부담을 내려놓고 자연스럽게 다가가는 것이 좋은 인연으로 이어지는 계기가 됩니다.
닭띠,행동운,"오늘은 맡은 일을 완수하고 싶은 마음이 앞서 혼자 과도하게 짐을 짊어지고 계실 것입니다. 닭띠는 타인에게 일을 맡기기보다 직접 처리하는 것을 선호하는 만큼, 오늘은 역할을 나누고 도움을 요청하는 것이 더 빠른 결과로 이어질 것입니다."
닭띠,행동운,"마음속으로 이미 결론을 내리고 있으면서도 확신을 갖지 못해 같은 고민을 반복하고 계실 것입니다. 닭띠의 꼼꼼한 성향이 때로는 결단을 늦추는 요인이 되기도 하는 만큼, 오늘은 분석보다 실행에 무게를 두는 선택이 필요한 날입니다."
닭띠,행동운,"주변 환경이 자신이 정해둔 방식과 다르게 돌아가고 있어 불편함을 느끼고 계실 것입니다. 닭띠는 원칙과 기준을 중시하는 만큼 작은 변수에도 예민하게 반응하는 편이나, 오늘은 유연하게 상황에 맞추는 태도가 오히려 일을 수월하게 만들어 줄 것입니다."
닭띠,행동운,하루 일과를 시작하기 전부터 이것저것 점검하느라 정작 중요한 첫 발을 내딛지 못하고 있을 것입니다. 닭띠의 철저한 준비 습관은 강점이지만 오늘만큼은 완벽한 준비보다 빠른 시작이 더 나은 결과를 가져다줄 것이니 지금 바로 움직이시기 바랍니다.
닭띠,행동운,"잘 마무리해온 일임에도 불구하고 더 잘할 수 있었다는 아쉬움이 마음에 남아 있을 것입니다. 닭띠는 스스로에게 엄격한 기준을 적용하는 만큼 성취 뒤에도 만족보다 반성이 앞서는 경향이 있으나, 오늘은 이미 이루어낸 것을 인정하고 다음 단계로 나아가는 데 집중하시기 바랍니다."
개띠,총운,"오늘은 주변 사람들을 위해 애써온 노력이 조용히 인정받는 흐름이 이어집니다. 개띠 특유의 의리와 충성심이 빛을 발하는 하루로, 오랫동안 신뢰를 쌓아온 관계에서 예상치 못한 긍정적인 소식이 전해질 수 있습니다."
개띠,총운,"오늘은 스스로를 너무 몰아붙이지 않도록 주의가 필요한 날입니다. 책임감이 강한 개띠의 성향상 작은 실수에도 깊이 자책하는 경향이 있으나, 완벽하지 않아도 충분히 잘하고 있다는 사실을 기억하시기 바랍니다."
개띠,총운,"오늘은 새로운 환경이나 낯선 제안 앞에서 쉽게 마음을 열기 어려운 하루가 될 수 있습니다. 고지식한 면이 신중함으로 작용하여 큰 실수를 막아주기도 하지만, 지나친 경계심이 좋은 기회를 놓치게 할 수 있으니 열린 자세를 유지하시기 바랍니다."
개띠,총운,"오늘은 가까운 사람의 부탁이나 기대가 부담으로 다가오는 상황이 생길 수 있습니다. 강한 책임감과 의리로 인해 거절하지 못하고 떠안게 되는 경우가 생길 수 있으니, 스스로의 한계를 인정하고 솔직하게 표현하는 것이 오히려 관계를 지키는 길이 됩니다."
개띠,총운,"오늘은 오랫동안 마음속으로 옳다고 믿어온 신념이 시험받는 상황이 찾아올 수 있습니다. 개띠의 강한 정의감이 흔들림 없는 판단의 기준이 되어주지만, 감정보다 사실에 근거하여 차분히 대응하는 것이 가장 현명한 선택이 됩니다."
개띠,애정운,"마음속에 담아두었던 말이 좀처럼 입 밖으로 나오지 않는 날입니다. 책임감이 강한 개띠는 상대방에게 부담이 될까 염려하여 자신의 감정을 뒤로 미루는 경향이 있으나, 오늘은 짧고 솔직한 한마디가 관계를 한층 깊게 만들어 줄 수 있습니다."
개띠,애정운,"상대방의 작은 변화도 놓치지 않고 걱정하는 마음이 앞서는 날입니다. 충성심이 강한 개띠는 소중한 이를 지키려는 본능이 강하지만, 지나친 염려는 오히려 상대에게 불편함으로 느껴질 수 있으니 적당한 거리감을 유지하는 것이 좋습니다."
개띠,애정운,"오늘은 오래된 인연과의 관계를 다시 한번 돌아보게 되는 날입니다. 의리를 중시하는 개띠는 쉽사리 관계를 정리하지 못하고 혼자 감내해온 경우가 많으나, 진정한 의리는 서로에게 솔직할 때 비로소 빛을 발한다는 점을 기억하시기 바랍니다."
개띠,애정운,"관계 안에서 억울함을 느끼면서도 먼저 나서서 해명하지 못하고 속으로 삭이는 날입니다. 정의감이 강한 개띠는 자신이 먼저 원칙을 지키려 하지만, 오늘은 감정을 차분히 정리한 뒤 진솔하게 의사를 전달하는 것이 관계 회복에 도움이 됩니다."
개띠,애정운,"가까운 사람과의 사소한 오해가 마음에 걸리는 날입니다. 고지식한 면이 있는 개띠는 한번 어긋난 관계를 원래대로 되돌리는 데 시간이 걸리는 편이나, 오늘은 자존심보다 진심을 앞세워 먼저 손을 내밀면 상대방도 기꺼이 화답할 것입니다."
개띠,금전운,"예상치 못한 곳에서 지출이 발생하여 당혹스러움을 느끼기 쉬운 날입니다. 책임감이 강한 개띠의 성향상 그 비용을 홀로 감당하려는 마음이 앞서지만, 무리한 지출은 이후의 재정 흐름에 부담을 줄 수 있으니 냉정하게 상황을 판단하시기 바랍니다."
개띠,금전운,"오늘은 오랫동안 믿어온 지인으로부터 금전적 도움 요청을 받을 가능성이 있는 날입니다. 의리를 소중히 여기는 개띠의 특성상 선뜻 거절하기 어려울 수 있으나, 관계와 금전은 분리하여 생각하는 것이 서로를 위한 현명한 선택이 될 수 있습니다."
개띠,금전운,"고지식할 만큼 원칙을 고수하는 개띠의 성실한 태도가 오늘 뜻밖의 수입으로 이어질 수 있는 흐름입니다. 꾸준히 지켜온 신뢰와 성실함이 주변의 인정을 받아 금전적 보상으로 돌아오는 결과를 기대해 볼 수 있으니, 작은 기회라도 가볍게 여기지 마시기 바랍니다."
개띠,금전운,"새로운 재테크나 투자 방향에 대해 지나치게 걱정이 많아져 스스로를 옭아매는 날이 될 수 있습니다. 신중한 판단은 개띠의 강점이지만, 지나친 염려로 인해 실질적인 준비와 행동이 늦어지지 않도록 주의하시기 바랍니다."
개띠,금전운,"오늘은 금전과 관련된 약속이나 계약에 앞서 충분한 확인이 필요한 날입니다. 신뢰를 바탕으로 관계를 이어가는 개띠의 성향상 상대의 말을 쉽게 믿는 경향이 있으나, 문서와 조건을 꼼꼼히 살피는 절차를 생략하지 않는 것이 재정적 손실을 막는 가장 확실한 방법이 됩니다."
개띠,직장운,"오랫동안 성실하게 자리를 지켜왔음에도 제대로 된 평가를 받지 못한다는 답답함이 쌓여 있을 수 있습니다. 오늘은 그 꾸준함이 조용히 빛을 발하는 날로, 윗사람의 시선이 자연스럽게 머무르게 됩니다. 서두르지 않아도 충분히 인정받을 수 있는 흐름입니다."
개띠,직장운,책임감이 강한 만큼 혼자 모든 것을 떠안으려는 경향이 오늘 유독 두드러질 수 있습니다. 동료에게 업무를 나누고 협력하는 방식을 택하면 오히려 더 좋은 성과로 이어질 가능성이 높습니다. 의리와 신뢰를 바탕으로 한 팀워크가 오늘의 핵심 열쇠입니다.
개띠,직장운,"직장 내 원칙과 절차를 중요시하는 성향이 오늘 업무의 완성도를 높이는 데 크게 기여합니다. 다만 지나치게 고지식한 태도가 유연한 상황 대처를 가로막을 수 있으니, 상황에 따라 적절히 조율하는 유연함도 함께 발휘하시기 바랍니다."
개띠,직장운,"가까운 동료가 어려운 상황에 처해 있을 때 먼저 손을 내미는 행동이 오늘 직장 내 신뢰를 한층 더 단단하게 만들어 줍니다. 강한 의리와 충성심이 주변 사람들에게 긍정적인 인상을 남기며, 커리어에 있어서도 든든한 기반이 되어 줄 것입니다."
개띠,직장운,"오늘은 그동안 걱정하며 미뤄 두었던 업무적 결정을 실행에 옮기기에 좋은 흐름입니다. 지나친 걱정이 오히려 기회를 놓치게 만들 수 있으므로, 강한 책임감을 믿고 한 걸음 나아가는 용기가 필요한 하루입니다."
개띠,건강운,의리와 책임감으로 주변 사람들을 끝까지 챙기다 보면 자신의 몸 상태를 돌아볼 여유를 잃기 쉽습니다. 오늘은 타인보다 자신을 먼저 살피는 시간을 의도적으로 마련하시기 바랍니다. 작은 휴식 하나가 내일의 체력을 지키는 가장 충실한 선택이 될 것입니다.
개띠,건강운,걱정이 많은 성격으로 인해 잠자리에 들어서도 이런저런 생각이 머릿속을 맴돌아 수면의 질이 떨어지고 있을 수 있습니다. 만성적인 수면 부족은 면역력 저하로 이어질 수 있으니 취침 전 휴대폰을 멀리하고 편안한 호흡으로 마음을 가라앉히는 습관을 들이시기 바랍니다.
개띠,건강운,충성심이 강한 성품으로 인해 어디서든 최선을 다하려는 마음이 앞서다 보면 신체의 피로 신호를 무시하게 되는 경우가 많습니다. 오늘은 억지로 버티기보다 잠시 눈을 감고 깊게 호흡하는 것만으로도 쌓인 긴장을 상당 부분 풀어낼 수 있을 것입니다.
개띠,건강운,고지식한 면 때문에 몸이 힘들어도 내색하지 않고 스스로 감당하려는 경향이 있습니다. 그러나 오늘은 불편한 신체 증상을 혼자 견디기보다 전문가의 도움을 받거나 주변에 솔직하게 표현하는 것이 더 현명한 선택임을 기억하시기 바랍니다.
개띠,건강운,정의감이 강하고 책임을 다하려는 마음이 크다 보니 식사나 수분 섭취처럼 기본적인 것들을 뒤로 미루는 일이 반복되고 있을 수 있습니다. 오늘은 어떤 일보다 규칙적인 식사와 충분한 물 섭취를 우선순위에 두어 몸의 기본 균형을 회복하시기 바랍니다.
개띠,대인운,"오늘은 누군가와의 관계에서 내 진심이 제대로 전달되지 않는다는 느낌을 받을 수 있습니다. 개띠 특유의 충성심과 의리로 상대를 위해 애써왔다면, 그 마음을 직접적인 말로 표현해 보는 것이 좋습니다. 행동으로만 보여주려 하기보다 솔직한 대화가 오해를 줄여줄 것입니다."
개띠,대인운,"오늘은 신뢰했던 사람이 예상과 다른 모습을 보일 때 깊은 배신감을 느낄 수 있습니다. 개띠의 강한 신뢰 기준은 소중한 덕목이지만, 모든 사람이 같은 방식으로 관계를 대하지는 않는다는 점을 기억하시기 바랍니다. 기준을 조금 유연하게 두면 관계의 상처가 줄어들 것입니다."
개띠,대인운,"가까운 사람의 부탁을 거절하지 못하고 떠안게 되는 상황이 생길 수 있는 날입니다. 책임감이 강한 개띠는 상대의 기대를 저버리지 않으려는 마음이 앞서지만, 무리하게 수용하다 보면 정작 본인이 지치게 됩니다. 오늘은 자신의 한계를 솔직하게 전하는 용기도 필요합니다."
개띠,대인운,"여러 사람이 모이는 자리에서 분위기를 이끌어야 하는 상황이 생길 수 있습니다. 개띠 특유의 정의감과 고지식한 면이 강하게 드러나면 대화의 흐름이 딱딱해질 수 있으니, 오늘은 한 발 물러서서 상대의 이야기에 귀를 기울이는 자세가 관계를 더욱 부드럽게 만들어 줄 것입니다."
개띠,대인운,"오랫동안 연락이 끊겼던 사람과 다시 이어지는 계기가 생길 수 있는 날입니다. 개띠는 한번 걱정이 쌓이면 쉽게 첫 발을 내딛지 못하는 경향이 있지만, 오늘은 그 망설임을 내려놓고 짧은 안부 한마디를 건네보시기 바랍니다. 작은 연결이 소중한 관계를 되살리는 시작이 될 것입니다."
개띠,행동운,오늘은 마음속에 담아두었던 걱정을 행동으로 전환해야 할 시점입니다. 개띠 특유의 충성심을 발휘하여 소중한 사람의 상황을 직접 확인하고 먼저 연락을 취하는 것이 바람직합니다. 작은 안부 한 마디가 관계를 더욱 단단하게 만드는 계기가 될 것입니다.
개띠,행동운,"오늘은 오랫동안 머뭇거려온 약속이나 계획을 구체적인 일정으로 확정 짓는 행동이 필요합니다. 개띠의 강한 책임감은 한번 정한 방향에 있어 흔들림 없는 추진력으로 이어지므로, 지금 이 순간의 결단이 이후의 흐름을 크게 바꾸어놓을 것입니다."
개띠,행동운,"오늘은 그동안 묵묵히 감내해온 불합리한 상황에 대해 조용하지만 분명한 의사를 전달하는 행동이 요구됩니다. 정의감이 강한 개띠에게 부당함을 외면하는 일은 스스로에 대한 신뢰를 약화시키는 결과를 낳을 수 있으므로, 차분하고 단호하게 입장을 밝히시기 바랍니다."
개띠,행동운,"오늘은 새로운 방식이나 낯선 절차를 받아들이는 데 적극적으로 나서는 것이 중요합니다. 고지식한 면이 강한 개띠는 검증된 방법을 고수하는 경향이 있으나, 오늘만큼은 유연한 태도로 상대방의 제안을 먼저 실행에 옮겨보는 시도가 뜻밖의 성과를 가져다줄 것입니다."
개띠,행동운,"오늘은 의리와 신뢰를 바탕으로 주변 사람과의 역할을 명확히 정리하는 대화를 나누는 것이 바람직합니다. 개띠는 혼자 모든 것을 감당하려는 경향이 있어 그 무게가 쌓이기 쉬우므로, 오늘은 솔직하게 역할을 분담하고 서로의 기대를 확인하는 자리를 직접 만들어 나가시기 바랍니다."
돼지띠,총운,"오늘은 뜻하지 않은 변화 앞에 마음이 흔들릴 수 있는 하루입니다. 그러나 돼지띠 특유의 너그러운 기질이 흔들림 속에서도 중심을 잡아주며, 작은 변화 하나하나가 오히려 성장의 발판이 되어 줄 것입니다."
돼지띠,총운,"오늘은 오랫동안 미뤄왔던 일을 다시 마주하게 되는 흐름이 찾아옵니다. 돼지띠의 성실한 기운이 차분히 발휘되는 날인 만큼, 서두르지 않고 한 걸음씩 나아가는 자세가 좋은 결과로 이어질 것입니다."
돼지띠,총운,"주변의 요청이나 부탁이 평소보다 많아지는 하루가 될 수 있습니다. 돼지띠의 타고난 관대함이 모든 것을 받아들이려 하겠지만, 오늘만큼은 자신의 여력을 먼저 살피고 현명하게 조율하시는 것이 바람직합니다."
돼지띠,총운,"오늘은 애써 노력했던 일에 대해 뒤늦게 인정받는 기쁨이 찾아올 수 있는 날입니다. 돼지띠의 순수하고 성실한 면모가 주변 사람들의 마음을 움직이며, 그 진심이 긍정적인 에너지로 돌아오는 흐름이 형성됩니다."
돼지띠,총운,"오늘은 선택의 기로에서 오래 머무르는 상황이 생길 수 있습니다. 돼지띠의 우유부단한 성향이 결정을 늦출 수 있으나, 지나치게 완벽한 답을 찾으려 하기보다는 지금 가진 정보를 바탕으로 담담하게 선택을 내리는 것이 오늘의 흐름에 맞는 방향입니다."
돼지띠,애정운,"사랑하는 마음이 클수록 상대에게 실망을 줄까 봐 조심스러워지는 하루입니다. 돼지띠 특유의 성실하고 순수한 마음이 오히려 스스로를 움츠러들게 만들 수 있으니, 오늘은 완벽하게 보이려는 부담을 내려놓고 있는 그대로의 모습으로 상대 앞에 서 보시기 바랍니다."
돼지띠,애정운,"오늘은 오래 알고 지낸 사람에게서 새로운 감정을 발견하게 될 수 있습니다. 낙천적이고 포용력 넓은 돼지띠의 시선은 상대의 깊은 면을 자연스럽게 끌어내는 힘이 있으며, 익숙함 속에 숨어 있던 특별한 인연이 오늘 조금 더 선명하게 느껴질 것입니다."
돼지띠,애정운,"마음은 이미 정해졌지만 한 발짝 내딛지 못하고 머뭇거리고 있다면, 그 우유부단함이 오늘은 오히려 기회를 멀어지게 만들 수 있습니다. 돼지띠의 따뜻하고 관대한 성품은 상대에게 충분히 매력적으로 전달되므로, 용기를 내어 작은 행동 하나로 먼저 마음의 문을 열어 보시기 바랍니다."
돼지띠,애정운,"가까운 사람이 건네는 배려를 그냥 지나치지 않고 온전히 받아들이는 연습이 필요한 날입니다. 너그럽고 베푸는 성향이 강한 돼지띠는 받는 것보다 주는 것에 익숙하여 상대의 진심 어린 호의를 가볍게 흘려보낼 때가 있으니, 오늘은 감사한 마음을 말로 표현하며 관계의 온도를 높여 보시기 바랍니다."
돼지띠,애정운,"혼자 애쓰며 관계를 지탱해 온 시간이 있었다면, 오늘은 그 수고로움을 상대에게 솔직하게 나누어 보시기 바랍니다. 모든 것을 포용하려는 돼지띠의 관대함은 소중한 미덕이지만, 진정한 관계는 한쪽의 희생이 아닌 서로의 솔직함 위에서 더욱 단단하게 쌓여 갑니다."
돼지띠,금전운,오늘은 금전적으로 예상치 못한 지출이 발생할 수 있어 당혹스러운 기분이 들 수 있습니다. 돼지띠 특유의 관대한 성품으로 인해 지인의 경제적 어려움을 외면하지 못하고 선뜻 도움을 건네는 상황이 생길 수 있습니다. 베푸는 마음은 아름답지만 자신의 재정 상황을 먼저 점검한 후 결정하시기 바랍니다.
돼지띠,금전운,오늘은 절약하려는 마음과 소비하고 싶은 욕구 사이에서 갈등을 느끼는 하루가 될 수 있습니다. 낙천적인 성격 탓에 '이 정도는 괜찮겠지'라는 안이한 판단이 불필요한 지출로 이어질 수 있습니다. 결제 전 한 번 더 신중하게 따져보는 습관이 오늘 따라 특히 중요합니다.
돼지띠,금전운,오늘은 주변에서 공동 구매나 모임 비용 등 소소한 금전 요청이 이어질 수 있는 날입니다. 포용력이 크고 성실한 돼지띠는 분위기를 맞추기 위해 자신도 모르게 지출을 늘려가는 경향이 있습니다. 감정에 치우치지 않고 합리적인 기준을 세워 응하시기 바랍니다.
돼지띠,금전운,오늘은 평소보다 충동적인 소비 결정을 내리기 쉬운 흐름이 감지됩니다. 우유부단한 성향으로 인해 오랫동안 망설이던 구매를 충분한 검토 없이 서둘러 결정하는 상황이 생길 수 있습니다. 큰 금액이 오가는 결정이라면 오늘 하루는 최대한 보류하는 것이 바람직합니다.
돼지띠,금전운,오늘은 수입과 관련한 반가운 소식이 들려올 가능성이 있는 날입니다. 그러나 순진한 판단으로 그 수입을 미리 계획 없이 써버리는 상황이 벌어질 수 있으니 주의가 필요합니다. 돼지띠의 성실함을 발휘하여 들어오는 돈의 일부는 반드시 저축으로 이어지도록 의식적으로 관리하시기 바랍니다.
돼지띠,직장운,"오늘은 업무 중 예상치 못한 변수가 생겨 당황스러울 수 있습니다. 돼지띠 특유의 낙천적인 기질을 발휘해 상황을 크게 보는 시각을 유지하면, 작은 문제에 흔들리지 않고 차분하게 대처할 수 있습니다."
돼지띠,직장운,"오늘은 동료나 상사의 부탁을 거절하기 어려운 상황이 찾아올 수 있습니다. 돼지띠의 관대한 성품 때문에 무리하게 떠안는 일이 생기지 않도록, 자신의 업무 범위를 먼저 점검하고 신중하게 판단하는 것이 중요합니다."
돼지띠,직장운,"그동안 드러내지 않고 조용히 기여해 온 부분이 오늘 회의나 보고 자리에서 긍정적으로 언급될 수 있습니다. 돼지띠 특유의 성실하고 포용력 있는 태도가 팀 전체의 분위기를 이끌어 온 결과이니, 이 순간을 자신 있게 받아들이시기 바랍니다."
돼지띠,직장운,"업무 방향이나 의사결정 과정에서 스스로의 판단을 신뢰하기 어렵게 느껴지는 하루일 수 있습니다. 돼지띠의 우유부단한 면이 발동하기 쉬운 시기이므로, 작은 결정부터 빠르게 마무리하는 습관을 의식적으로 실천하면 업무 흐름이 한결 수월해집니다."
돼지띠,직장운,오늘은 팀 내 의견 충돌이 생기더라도 돼지띠의 너그럽고 순진한 성품이 오히려 중재자 역할을 자연스럽게 맡게 할 수 있습니다. 다만 모든 갈등을 혼자 감내하려 하기보다는 적절히 경계를 두는 것이 장기적인 커리어 관리에 도움이 됩니다.
돼지띠,건강운,"오늘은 에너지가 좀처럼 회복되지 않는 답답함을 느끼실 수 있습니다. 돼지띠 특유의 성실한 태도로 끝까지 해내려 하겠으나, 억지로 페이스를 유지하기보다는 잠시 멈추고 호흡을 고르는 시간이 오늘의 컨디션을 지키는 데 훨씬 도움이 됩니다."
돼지띠,건강운,주변 사람들을 위해 자신을 뒤로 미루는 관대한 성품이 오늘은 체력의 빈틈을 만들 수 있습니다. 남을 돌보는 것만큼 나 자신을 돌보는 일에도 같은 정성을 기울이는 것이 건강을 지키는 첫걸음이 됩니다.
돼지띠,건강운,"낙천적인 성품 덕분에 불편함을 참고 넘어가기 쉬운 날입니다. 특히 소화기나 관절처럼 평소 자주 무시하던 부위에서 피로 신호가 올 수 있으니, 가벼운 이상감도 그냥 지나치지 않으시기 바랍니다."
돼지띠,건강운,"오늘은 결정해야 할 사안이 많아 정신적인 소진이 빠르게 진행될 수 있는 흐름입니다. 우유부단한 성향으로 선택을 미루다 보면 오히려 머릿속이 더욱 복잡해지고 피로가 가중될 수 있으므로, 사소한 것부터 하나씩 정리하며 마음의 부담을 줄여 나가시기 바랍니다."
돼지띠,건강운,포용력이 크고 순수한 마음으로 타인의 이야기를 들어주다 보면 어느 순간 본인도 모르게 감정적으로 지쳐 있을 수 있습니다. 오늘은 대화보다 혼자만의 조용한 시간을 확보하여 내면의 에너지를 충전하는 것이 건강 유지에 큰 도움이 됩니다.
돼지띠,대인운,오늘은 가까운 사람과의 대화에서 생각보다 깊은 공감대를 형성할 수 있는 날입니다. 돼지띠의 따뜻한 포용력이 상대방으로 하여금 마음속 이야기를 꺼내게 만드는 힘이 됩니다. 진심 어린 경청 하나가 관계를 한층 단단하게 이어주는 계기가 됩니다.
돼지띠,대인운,오늘은 직장이나 일상에서 새로운 인연을 만날 가능성이 높은 날입니다. 돼지띠 특유의 낙천적이고 밝은 태도가 첫인상에서부터 긍정적인 인상을 남기게 됩니다. 다만 처음 만나는 사람에게 지나치게 모든 것을 내어주는 순진함은 잠시 내려놓으시기 바랍니다.
돼지띠,대인운,"누군가와의 갈등 상황에서 먼저 한 발 물러서고 싶은 마음이 드신다면, 그 마음을 존중하시기 바랍니다. 돼지띠의 관대한 성품은 불필요한 다툼을 자연스럽게 가라앉히는 데 큰 역할을 합니다. 양보하는 것이 지는 것이 아니라, 관계를 더 크게 지키는 선택임을 기억하시기 바랍니다."
돼지띠,대인운,"여러 사람의 부탁이 동시에 쏟아지는 상황에 놓일 수 있는 하루입니다. 돼지띠의 성실하고 책임감 있는 면모 덕분에 주변에서 신뢰받는 존재로 여겨지지만, 자신의 감당 범위를 먼저 살피는 것이 중요합니다. 모든 이를 만족시키려는 우유부단한 태도보다 명확한 한 마디가 관계를 더욱 건강하게 유지시켜 줍니다."
돼지띠,대인운,평소 쉽게 꺼내지 못했던 감사의 말을 전하기에 좋은 흐름의 날입니다. 돼지띠의 따뜻하고 진실한 성품은 말 한마디에도 진심이 담겨 상대방의 마음에 오래 남게 됩니다. 작은 표현 하나가 오랜 인연을 더욱 깊게 이어주는 연결고리가 됩니다.
돼지띠,행동운,"오늘은 스스로 내린 판단을 믿지 못하고 자꾸 타인의 의견을 구하고 싶어지실 수 있습니다. 돼지띠의 순진하고 너그러운 성품이 때로는 자신의 결정에 대한 확신을 흔들기도 하지만, 오늘은 이미 충분히 생각해 온 사안이라면 외부의 검증 없이 스스로 결론을 내리시기 바랍니다."
돼지띠,행동운,"오늘은 금전이 오가는 자리나 계약과 관련된 상황에서 지나치게 관대한 태도를 보이지 않도록 주의하시기 바랍니다. 돼지띠 특유의 포용력과 낙천적인 기질이 손해를 감수하면서도 상대에게 맞춰 주려는 방향으로 작용할 수 있으니, 오늘은 합의 전에 조건을 꼼꼼히 살피는 시간을 반드시 갖으시기 바랍니다."
돼지띠,행동운,"오늘은 맡은 일을 끝까지 완수하지 못한 채 다른 일로 넘어가려는 충동이 생길 수 있습니다. 낙천적인 기질로 인해 어느 정도 진행된 일에 쉽게 안도하는 경향이 있으나, 오늘은 마무리의 완성도에 집중하여 한 가지 일을 온전히 끝낸 뒤 다음 단계로 넘어가시기 바랍니다."
돼지띠,행동운,"오늘은 가까운 지인으로부터 감정적인 하소연이나 무거운 부탁을 받게 될 가능성이 있습니다. 돼지띠의 넉넉한 포용력으로 기꺼이 감싸 안고 싶으시겠지만, 오늘은 공감은 충분히 표현하되 실질적인 부담까지 떠안는 일은 정중하게 선을 그으시기 바랍니다."
돼지띠,행동운,"오늘은 오래 미루어 온 연락이나 답장을 더 이상 뒤로 두지 말고 직접 행동으로 옮기시기 바랍니다. 돼지띠의 성실한 기운이 오늘 관계를 회복하고 신뢰를 다지는 방향으로 강하게 작용하니, 짧더라도 진심을 담은 한 마디가 오늘의 가장 중요한 실천이 될 수 있습니다."
