zodiac,type,fortune,contact_time,contact_reason
양자리,총운,"시작은 누구보다 빠른데, 중간쯤에서 갑자기 다른 게 더 재밌어 보이는 거 알고 있습니까? 그게 의지가 없는 게 아닙니다. 뇌가 너무 빨리 달리다가 몸이 못 따라오는 것입니다. 오전에 방향 하나만 정확히 정해두고 시작하시기 바랍니다. 그 하나가 오늘 전부입니다.",오전 9시~11시,양자리는 에너지가 오전에 올라오는 타입입니다. 먼저 연락하거나 받거나 모두 오전이 가장 자연스럽게 연결됩니다.
양자리,총운,"오늘 에너지가 올라오는 날입니다. 이럴 때 양자리는 무언가 크게 시작하고 싶어지는데, 욕심 부리지 말고 정확히 하나만 끝내는 날로 쓰시기 바랍니다. 하나를 완성하는 게 세 개를 시작하는 것보다 오늘은 훨씬 강합니다.",오전 9시~11시,양자리는 에너지가 오전에 올라오는 타입입니다. 먼저 연락하거나 받거나 모두 오전이 가장 자연스럽게 연결됩니다.
양자리,총운,오늘 흐름이 상당히 좋은 날입니다. 그런데 양자리는 좋은 날일수록 너무 많이 벌이다가 저녁에 아무것도 안 된 느낌으로 끝나는 패턴이 있습니다. 오늘은 그 패턴 의식적으로 끊어보시기 바랍니다.,오전 9시~11시,양자리는 에너지가 오전에 올라오는 타입입니다. 먼저 연락하거나 받거나 모두 오전이 가장 자연스럽게 연결됩니다.
양자리,총운,무언가 결정해야 하는 일이 있다면 오늘 오전 안에 하시기 바랍니다. 양자리는 오전에 판단이 가장 선명합니다. 오후로 넘기면 다른 생각이 끼어들어서 오히려 복잡해지습니다.,오전 9시~11시,양자리는 에너지가 오전에 올라오는 타입입니다. 먼저 연락하거나 받거나 모두 오전이 가장 자연스럽게 연결됩니다.
양자리,총운,오늘 누군가 느리다는 생각이 들 수 있습니다. 그 사람이 틀린 게 아니라 당신이 빠른 것입니다. 그 간극을 이해하는 게 오늘의 숙제입니다.,오전 9시~11시,양자리는 에너지가 오전에 올라오는 타입입니다. 먼저 연락하거나 받거나 모두 오전이 가장 자연스럽게 연결됩니다.
양자리,총운,에너지가 넘쳐서 여러 개를 시작하고 싶은 날입니다. 그런데 오늘은 한 가지에만 그 에너지를 쏟아보시기 바랍니다. 집중된 양자리는 아무도 못 따라가습니다.,오전 9시~11시,양자리는 에너지가 오전에 올라오는 타입입니다. 먼저 연락하거나 받거나 모두 오전이 가장 자연스럽게 연결됩니다.
양자리,총운,오늘 직감이 특히 잘 맞는 날입니다. 복잡하게 분석하지 말고 첫 번째로 떠오른 답을 믿어보시기 바랍니다. 양자리의 첫 감각은 대개 맞습니다.,오전 9시~11시,양자리는 에너지가 오전에 올라오는 타입입니다. 먼저 연락하거나 받거나 모두 오전이 가장 자연스럽게 연결됩니다.
양자리,총운,무언가 멈춰있는 것들이 오늘 갑자기 풀릴 수 있습니다. 기다리던 연락이나 결과가 들어올 수 있는 날이니 핸드폰 잘 보시기 바랍니다.,오전 9시~11시,양자리는 에너지가 오전에 올라오는 타입입니다. 먼저 연락하거나 받거나 모두 오전이 가장 자연스럽게 연결됩니다.
양자리,총운,오늘 하루가 생각보다 빠르게 지나갈 것입니다. 그 속도 안에서 한 가지만 제대로 남기시기 바랍니다. 빠른 건 장점인데 흔적을 남기는 게 오늘의 포인트입니다.,오전 9시~11시,양자리는 에너지가 오전에 올라오는 타입입니다. 먼저 연락하거나 받거나 모두 오전이 가장 자연스럽게 연결됩니다.
양자리,총운,오늘 작은 성취 하나가 하루 전체를 바꿀 수 있습니다. 거창한 계획보다 지금 당장 할 수 있는 작은 것 하나를 끝내시기 바랍니다. 양자리에게 완성의 기쁨은 다음 에너지를 만들어내요.,오전 9시~11시,양자리는 에너지가 오전에 올라오는 타입입니다. 먼저 연락하거나 받거나 모두 오전이 가장 자연스럽게 연결됩니다.
양자리,총운,조금 지치는 흐름의 날입니다. 에너지가 100이 아니어도 괜찮습니다. 오늘은 회복하면서 내일을 위해 충전하는 날로 써도 됩니다.,오전 9시~11시,양자리는 에너지가 오전에 올라오는 타입입니다. 먼저 연락하거나 받거나 모두 오전이 가장 자연스럽게 연결됩니다.
양자리,총운,오늘 누군가와 경쟁하고 싶은 마음이 올라올 수 있습니다. 그런데 오늘 진짜 경쟁자는 어제의 자신입니다. 그 기준으로 움직여보시기 바랍니다.,오전 9시~11시,양자리는 에너지가 오전에 올라오는 타입입니다. 먼저 연락하거나 받거나 모두 오전이 가장 자연스럽게 연결됩니다.
양자리,총운,생각이 많아지는 날입니다. 양자리답게 그냥 일단 해보시기 바랍니다. 생각보다 움직임이 답을 먼저 알려주는 타입입니다.,오전 9시~11시,양자리는 에너지가 오전에 올라오는 타입입니다. 먼저 연락하거나 받거나 모두 오전이 가장 자연스럽게 연결됩니다.
양자리,총운,"오늘 흐름이 잔잔합니다. 양자리에게 잔잔한 날은 불편할 수 있는데, 이 시간에 그동안 미뤄온 것 하나 정리해두면 나중에 큰 힘이 됩니다.",오전 9시~11시,양자리는 에너지가 오전에 올라오는 타입입니다. 먼저 연락하거나 받거나 모두 오전이 가장 자연스럽게 연결됩니다.
양자리,총운,오늘 갑자기 새로운 아이디어나 방향이 떠오를 수 있습니다. 흘려보내지 말고 메모해두시기 바랍니다. 양자리의 즉흥적인 아이디어가 나중에 진짜가 되는 경우가 많습니다.,오전 9시~11시,양자리는 에너지가 오전에 올라오는 타입입니다. 먼저 연락하거나 받거나 모두 오전이 가장 자연스럽게 연결됩니다.
양자리,총운,무언가 시작하기 좋은 날입니다. 계획을 완벽하게 세우는 것보다 일단 발을 내딛는 게 양자리에겐 훨씬 잘 맞습니다. 오늘이 그 타이밍입니다.,오전 9시~11시,양자리는 에너지가 오전에 올라오는 타입입니다. 먼저 연락하거나 받거나 모두 오전이 가장 자연스럽게 연결됩니다.
양자리,총운,오늘 에너지가 방향을 못 찾고 있는 느낌이 들 수 있습니다. 그럴 때는 몸을 움직여보시기 바랍니다. 걷거나 무언가 손으로 하면 머리가 정리되는 타입입니다.,오전 9시~11시,양자리는 에너지가 오전에 올라오는 타입입니다. 먼저 연락하거나 받거나 모두 오전이 가장 자연스럽게 연결됩니다.
양자리,총운,오늘 주변에서 뭔가를 부탁받을 수 있습니다. 양자리는 싫다고 말하는 게 어렵지 않은 타입이니까 오늘은 우선순위 잘 따져서 결정하시기 바랍니다.,오전 9시~11시,양자리는 에너지가 오전에 올라오는 타입입니다. 먼저 연락하거나 받거나 모두 오전이 가장 자연스럽게 연결됩니다.
양자리,총운,집중이 잘 되는 날입니다. 평소에 안 되던 것들이 오늘 유독 잘 될 수 있습니다. 이 흐름 놓치지 말고 중요한 것부터 처리하시기 바랍니다.,오전 9시~11시,양자리는 에너지가 오전에 올라오는 타입입니다. 먼저 연락하거나 받거나 모두 오전이 가장 자연스럽게 연결됩니다.
양자리,총운,"오늘 작은 것에서 큰 힌트를 얻을 수 있습니다. 지나치는 말, 우연한 만남에 오늘 특히 안테나를 세워두시기 바랍니다.",오전 9시~11시,양자리는 에너지가 오전에 올라오는 타입입니다. 먼저 연락하거나 받거나 모두 오전이 가장 자연스럽게 연결됩니다.
양자리,애정운,"오늘 누군가 느리게 움직이면 속에서 무언가 올라올 수 있습니다. 그 답답함, 양자리라면 다 알 것입니다. 그런데 오늘은 그 사람이 틀린 게 아니라 당신이 빠른 것입니다. 3초만 기다려보시기 바랍니다. 관계가 지켜지는 건 그 3초에서 결정되습니다.",오전 9시~11시,양자리는 에너지가 오전에 올라오는 타입입니다. 먼저 연락하거나 받거나 모두 오전이 가장 자연스럽게 연결됩니다.
양자리,애정운,먼저 연락해도 되는 날입니다. 양자리는 먼저 다가가는 게 자연스러운 타입이습니다. 오늘은 그 본능을 믿어도 됩니다. 생각보다 잘 닿을 것입니다.,오전 9시~11시,양자리는 에너지가 오전에 올라오는 타입입니다. 먼저 연락하거나 받거나 모두 오전이 가장 자연스럽게 연결됩니다.
양자리,애정운,"오늘 감정이 솔직하게 올라오는 날입니다. 표현하고 싶다면 지금이 타이밍입니다. 단, 양자리 특유의 속도로 밀어붙이지 말고 상대 속도도 맞춰보시기 바랍니다.",오전 9시~11시,양자리는 에너지가 오전에 올라오는 타입입니다. 먼저 연락하거나 받거나 모두 오전이 가장 자연스럽게 연결됩니다.
양자리,애정운,가까운 사람과 작은 오해가 생길 수 있습니다. 양자리는 빠르게 잘라내고 싶겠지만 오늘은 먼저 들어보는 게 더 빠른 해결책입니다.,오전 9시~11시,양자리는 에너지가 오전에 올라오는 타입입니다. 먼저 연락하거나 받거나 모두 오전이 가장 자연스럽게 연결됩니다.
양자리,애정운,연인이나 좋아하는 사람이 있다면 오늘 의외의 모습을 발견할 수 있습니다. 좋은 쪽이든 당황스러운 쪽이든 그게 그 사람입니다.,오전 9시~11시,양자리는 에너지가 오전에 올라오는 타입입니다. 먼저 연락하거나 받거나 모두 오전이 가장 자연스럽게 연결됩니다.
양자리,애정운,오늘 혼자 있는 시간도 나쁘지 않습니다. 양자리는 관계에서도 에너지를 쓰는 타입이라 가끔 충전이 필요합니다. 오늘은 나를 위한 시간으로 써도 됩니다.,오전 9시~11시,양자리는 에너지가 오전에 올라오는 타입입니다. 먼저 연락하거나 받거나 모두 오전이 가장 자연스럽게 연결됩니다.
양자리,애정운,오늘 누군가의 솔직한 한 마디가 마음에 걸릴 수 있습니다. 상처받기 전에 그 말이 사실인지 한 번 생각해보시기 바랍니다. 양자리는 피드백을 성장으로 바꾸는 힘이 있습니다.,오전 9시~11시,양자리는 에너지가 오전에 올라오는 타입입니다. 먼저 연락하거나 받거나 모두 오전이 가장 자연스럽게 연결됩니다.
양자리,애정운,설레는 느낌이 오는 날입니다. 그 감각을 즐기시기 바랍니다. 양자리는 감정이 올라올 때 행동하는 타입인데 오늘은 조금 음미해봐도 좋습니다.,오전 9시~11시,양자리는 에너지가 오전에 올라오는 타입입니다. 먼저 연락하거나 받거나 모두 오전이 가장 자연스럽게 연결됩니다.
양자리,애정운,오랫동안 연락 못 했던 사람이 갑자기 생각난다면 그게 신호입니다. 짧게라도 먼저 건네보시기 바랍니다.,오전 9시~11시,양자리는 에너지가 오전에 올라오는 타입입니다. 먼저 연락하거나 받거나 모두 오전이 가장 자연스럽게 연결됩니다.
양자리,애정운,"관계에서 무언가 답답한 게 있다면 오늘 말할 기회가 생길 수 있습니다. 단, 양자리 속도로 쏟아내지 말고 핵심 하나만 전달해보시기 바랍니다.",오전 9시~11시,양자리는 에너지가 오전에 올라오는 타입입니다. 먼저 연락하거나 받거나 모두 오전이 가장 자연스럽게 연결됩니다.
양자리,애정운,오늘 상대가 표현을 잘 안 한다고 느낄 수 있습니다. 그 사람 나름대로 표현하고 있는 것입니다. 양자리 기준으로만 보지 말고 그 사람 방식을 읽어보시기 바랍니다.,오전 9시~11시,양자리는 에너지가 오전에 올라오는 타입입니다. 먼저 연락하거나 받거나 모두 오전이 가장 자연스럽게 연결됩니다.
양자리,애정운,새로운 인연이 시작될 수 있는 날입니다. 양자리는 첫 인상이 강렬하게 남는 타입이라 오늘 만나는 사람에게 신경 써도 좋습니다.,오전 9시~11시,양자리는 에너지가 오전에 올라오는 타입입니다. 먼저 연락하거나 받거나 모두 오전이 가장 자연스럽게 연결됩니다.
양자리,애정운,오늘 연애보다 우정에서 더 따뜻한 것을 얻을 수 있는 날입니다. 오래된 친구에게 연락해보시기 바랍니다.,오전 9시~11시,양자리는 에너지가 오전에 올라오는 타입입니다. 먼저 연락하거나 받거나 모두 오전이 가장 자연스럽게 연결됩니다.
양자리,애정운,감정을 억누르고 있는 게 있다면 오늘 터질 수 있습니다. 미리 한 호흡 쉬고 차분하게 꺼내는 연습을 해보시기 바랍니다.,오전 9시~11시,양자리는 에너지가 오전에 올라오는 타입입니다. 먼저 연락하거나 받거나 모두 오전이 가장 자연스럽게 연결됩니다.
양자리,애정운,오늘 좋아하는 사람과 함께한다면 평소보다 솔직하게 이야기해도 잘 받아들여질 것입니다. 양자리의 직접적인 표현이 오늘은 매력입니다.,오전 9시~11시,양자리는 에너지가 오전에 올라오는 타입입니다. 먼저 연락하거나 받거나 모두 오전이 가장 자연스럽게 연결됩니다.
양자리,애정운,혼자 모든 걸 결정하려 하지 말고 상대에게도 선택권을 줘보시기 바랍니다. 관계는 주고받는 리듬에서 깊어집니다.,오전 9시~11시,양자리는 에너지가 오전에 올라오는 타입입니다. 먼저 연락하거나 받거나 모두 오전이 가장 자연스럽게 연결됩니다.
양자리,애정운,"오늘 작은 배려 하나가 큰 힘이 될 수 있습니다. 거창한 것 아니어도 됩니다. 문자 한 줄, 커피 한 잔 같은 것도요.",오전 9시~11시,양자리는 에너지가 오전에 올라오는 타입입니다. 먼저 연락하거나 받거나 모두 오전이 가장 자연스럽게 연결됩니다.
양자리,애정운,지금 관계에서 무언가 어긋난 느낌이 있다면 오늘 그 실마리를 잡을 수 있습니다. 무시하지 말고 직면해보시기 바랍니다.,오전 9시~11시,양자리는 에너지가 오전에 올라오는 타입입니다. 먼저 연락하거나 받거나 모두 오전이 가장 자연스럽게 연결됩니다.
양자리,애정운,오늘 감정보다 이성이 더 잘 작동하는 날입니다. 중요한 감정적 결정은 오늘 내리는 게 오히려 더 명확할 수 있습니다.,오전 9시~11시,양자리는 에너지가 오전에 올라오는 타입입니다. 먼저 연락하거나 받거나 모두 오전이 가장 자연스럽게 연결됩니다.
양자리,애정운,오늘 주변 누군가가 당신을 많이 의지하고 있습니다. 그 사람이 누군지 오늘 한번 생각해보시기 바랍니다.,오전 9시~11시,양자리는 에너지가 오전에 올라오는 타입입니다. 먼저 연락하거나 받거나 모두 오전이 가장 자연스럽게 연결됩니다.
양자리,금전운,오늘 아이디어가 계속 떠오르는데 손이 안 따라가는 날입니다. 머릿속에서는 이미 세 개가 동시에 돌아가고 있고요. 그 중에 오늘 실제로 끝낼 수 있는 건 하나입니다. 나머지는 메모해두고 내일 꺼내도 늦지 않습니다.,오전 9시~11시,양자리는 에너지가 오전에 올라오는 타입입니다. 먼저 연락하거나 받거나 모두 오전이 가장 자연스럽게 연결됩니다.
양자리,금전운,충동구매 주의하는 날입니다. 지금 당장 사지 않으면 안 될 것 같은 느낌이 드는 게 있다면 장바구니에 넣어두고 내일 다시 보시기 바랍니다.,오전 9시~11시,양자리는 에너지가 오전에 올라오는 타입입니다. 먼저 연락하거나 받거나 모두 오전이 가장 자연스럽게 연결됩니다.
양자리,금전운,"예상치 못한 수입이 생길 수 있는 날입니다. 작은 것이라도 놓치지 마시기 바랍니다. 포인트, 환급금, 잊고 있던 입금 같은 것들이요.",오전 9시~11시,양자리는 에너지가 오전에 올라오는 타입입니다. 먼저 연락하거나 받거나 모두 오전이 가장 자연스럽게 연결됩니다.
양자리,금전운,오늘 금전 관련 결정은 서두르지 마시기 바랍니다. 양자리는 빠른 결정이 강점인데 금전만큼은 오늘 하루 더 두고 보는 게 나습니다.,오전 9시~11시,양자리는 에너지가 오전에 올라오는 타입입니다. 먼저 연락하거나 받거나 모두 오전이 가장 자연스럽게 연결됩니다.
양자리,금전운,돈 나가는 것보다 들어오는 흐름이 더 강한 날입니다. 오늘 적극적으로 챙길 것 챙기시기 바랍니다.,오전 9시~11시,양자리는 에너지가 오전에 올라오는 타입입니다. 먼저 연락하거나 받거나 모두 오전이 가장 자연스럽게 연결됩니다.
양자리,금전운,새로운 수입원에 대한 아이디어가 떠오를 수 있습니다. 양자리의 직관은 여기서도 쓸모 있습니다. 일단 메모해두시기 바랍니다.,오전 9시~11시,양자리는 에너지가 오전에 올라오는 타입입니다. 먼저 연락하거나 받거나 모두 오전이 가장 자연스럽게 연결됩니다.
양자리,금전운,오늘 누군가와 돈 이야기를 해야 할 상황이 생길 수 있습니다. 감정적으로 접근하지 말고 숫자로 이야기하시기 바랍니다.,오전 9시~11시,양자리는 에너지가 오전에 올라오는 타입입니다. 먼저 연락하거나 받거나 모두 오전이 가장 자연스럽게 연결됩니다.
양자리,금전운,지출 내역 한 번 확인해보는 게 좋은 날입니다. 쓰는지도 몰랐던 자동결제가 하나쯤 있을 것입니다.,오전 9시~11시,양자리는 에너지가 오전에 올라오는 타입입니다. 먼저 연락하거나 받거나 모두 오전이 가장 자연스럽게 연결됩니다.
양자리,금전운,오늘 큰 지출 결정은 내일로 미뤄도 됩니다. 양자리의 즉흥적 결정이 나중에 후회로 이어지는 패턴 오늘은 끊어보시기 바랍니다.,오전 9시~11시,양자리는 에너지가 오전에 올라오는 타입입니다. 먼저 연락하거나 받거나 모두 오전이 가장 자연스럽게 연결됩니다.
양자리,금전운,소소한 절약이 모이는 날입니다. 큰 것 하나 아끼는 것보다 작은 것 여러 개가 오늘은 더 효과적입니다.,오전 9시~11시,양자리는 에너지가 오전에 올라오는 타입입니다. 먼저 연락하거나 받거나 모두 오전이 가장 자연스럽게 연결됩니다.
양자리,금전운,금전적으로 도움을 줄 기회가 생길 수 있습니다. 베푸는 것도 좋지만 오늘은 자신의 여유 먼저 확인하시기 바랍니다.,오전 9시~11시,양자리는 에너지가 오전에 올라오는 타입입니다. 먼저 연락하거나 받거나 모두 오전이 가장 자연스럽게 연결됩니다.
양자리,금전운,오늘 투자나 재테크 관련 정보가 귀에 들어올 수 있습니다. 바로 실행하지 말고 며칠 더 검토해보시기 바랍니다.,오전 9시~11시,양자리는 에너지가 오전에 올라오는 타입입니다. 먼저 연락하거나 받거나 모두 오전이 가장 자연스럽게 연결됩니다.
양자리,금전운,예상보다 지출이 많은 날이 될 수 있습니다. 오늘은 지갑 열기 전에 한 번 더 생각하는 습관을 써보시기 바랍니다.,오전 9시~11시,양자리는 에너지가 오전에 올라오는 타입입니다. 먼저 연락하거나 받거나 모두 오전이 가장 자연스럽게 연결됩니다.
양자리,금전운,오래된 계정이나 잊고 있던 적립금 확인해보시기 바랍니다. 생각보다 쌓여있을 수 있습니다.,오전 9시~11시,양자리는 에너지가 오전에 올라오는 타입입니다. 먼저 연락하거나 받거나 모두 오전이 가장 자연스럽게 연결됩니다.
양자리,금전운,오늘 금전 흐름이 비교적 안정적입니다. 큰 변동 없이 지나가는 날이니 루틴대로 관리하면 됩니다.,오전 9시~11시,양자리는 에너지가 오전에 올라오는 타입입니다. 먼저 연락하거나 받거나 모두 오전이 가장 자연스럽게 연결됩니다.
양자리,금전운,누군가에게 빌려준 돈이 있다면 오늘 자연스럽게 회수할 기회가 생길 수 있습니다.,오전 9시~11시,양자리는 에너지가 오전에 올라오는 타입입니다. 먼저 연락하거나 받거나 모두 오전이 가장 자연스럽게 연결됩니다.
양자리,금전운,오늘 충동적인 이벤트 참여나 복권 같은 것보다 착실한 저축이 더 맞는 날입니다.,오전 9시~11시,양자리는 에너지가 오전에 올라오는 타입입니다. 먼저 연락하거나 받거나 모두 오전이 가장 자연스럽게 연결됩니다.
양자리,금전운,금전적인 스트레스가 있다면 오늘은 문제를 숫자로 써보시기 바랍니다. 보이지 않는 불안이 줄어들 것입니다.,오전 9시~11시,양자리는 에너지가 오전에 올라오는 타입입니다. 먼저 연락하거나 받거나 모두 오전이 가장 자연스럽게 연결됩니다.
양자리,금전운,오늘 작은 부업이나 추가 수입에 대한 아이디어를 실행에 옮기기 좋은 날입니다.,오전 9시~11시,양자리는 에너지가 오전에 올라오는 타입입니다. 먼저 연락하거나 받거나 모두 오전이 가장 자연스럽게 연결됩니다.
양자리,금전운,돈보다 시간이 더 중요한 날입니다. 오늘은 금전보다 에너지와 시간을 어디에 쓸지 먼저 생각해보시기 바랍니다.,오전 9시~11시,양자리는 에너지가 오전에 올라오는 타입입니다. 먼저 연락하거나 받거나 모두 오전이 가장 자연스럽게 연결됩니다.
양자리,직장운,"에너지가 올라오는 날입니다. 이럴 때 양자리는 무언가 크게 벌이고 싶어지는데, 오늘은 그 에너지를 하나에만 쏟는 게 맞습니다. 여러 개 건드리면 저녁에 다 흐릿하게 끝나는 패턴, 알면서도 반복하습니다.",오전 9시~11시,양자리는 에너지가 오전에 올라오는 타입입니다. 먼저 연락하거나 받거나 모두 오전이 가장 자연스럽게 연결됩니다.
양자리,직장운,오늘 업무에서 예상치 못한 기회가 올 수 있습니다. 양자리는 기회 포착이 빠른 타입이니 안테나 세워두시기 바랍니다.,오전 9시~11시,양자리는 에너지가 오전에 올라오는 타입입니다. 먼저 연락하거나 받거나 모두 오전이 가장 자연스럽게 연결됩니다.
양자리,직장운,오늘 중요한 프레젠테이션이나 제안이 있다면 오전 안에 하시기 바랍니다. 양자리 에너지가 오전에 가장 강하습니다.,오전 9시~11시,양자리는 에너지가 오전에 올라오는 타입입니다. 먼저 연락하거나 받거나 모두 오전이 가장 자연스럽게 연결됩니다.
양자리,직장운,팀원이나 동료가 느리게 움직인다는 느낌이 들 수 있습니다. 그 사람 속도를 맞추는 게 오늘의 과제입니다.,오전 9시~11시,양자리는 에너지가 오전에 올라오는 타입입니다. 먼저 연락하거나 받거나 모두 오전이 가장 자연스럽게 연결됩니다.
양자리,직장운,혼자 다 하려는 경향이 나올 수 있는 날입니다. 오늘은 적절히 나눠주는 것도 리더십입니다.,오전 9시~11시,양자리는 에너지가 오전에 올라오는 타입입니다. 먼저 연락하거나 받거나 모두 오전이 가장 자연스럽게 연결됩니다.
양자리,직장운,오늘 새로운 방식이나 아이디어를 제안하기 좋은 날입니다. 양자리의 신선한 시각이 환영받을 수 있습니다.,오전 9시~11시,양자리는 에너지가 오전에 올라오는 타입입니다. 먼저 연락하거나 받거나 모두 오전이 가장 자연스럽게 연결됩니다.
양자리,직장운,마감이 있는 것들 오늘 처리하시기 바랍니다. 양자리는 마감 직전에 에너지 폭발하는 타입인데 오늘은 미리 끝내는 연습해보시기 바랍니다.,오전 9시~11시,양자리는 에너지가 오전에 올라오는 타입입니다. 먼저 연락하거나 받거나 모두 오전이 가장 자연스럽게 연결됩니다.
양자리,직장운,오늘 인정받을 기회가 올 수 있습니다. 양자리는 결과물로 말하는 타입인데 오늘 그 결과물을 잘 보여주시기 바랍니다.,오전 9시~11시,양자리는 에너지가 오전에 올라오는 타입입니다. 먼저 연락하거나 받거나 모두 오전이 가장 자연스럽게 연결됩니다.
양자리,직장운,업무 중 갈등이 생길 수 있습니다. 양자리답게 직접적으로 해결하되 감정 온도는 낮추고 시작하시기 바랍니다.,오전 9시~11시,양자리는 에너지가 오전에 올라오는 타입입니다. 먼저 연락하거나 받거나 모두 오전이 가장 자연스럽게 연결됩니다.
양자리,직장운,오늘 창의적인 해결책이 필요한 문제가 생길 수 있습니다. 양자리의 즉흥적인 아이디어가 정답이 될 수 있습니다.,오전 9시~11시,양자리는 에너지가 오전에 올라오는 타입입니다. 먼저 연락하거나 받거나 모두 오전이 가장 자연스럽게 연결됩니다.
양자리,직장운,집중력이 높은 날입니다. 평소에 미뤄뒀던 집중이 필요한 작업을 오늘 처리하시기 바랍니다.,오전 9시~11시,양자리는 에너지가 오전에 올라오는 타입입니다. 먼저 연락하거나 받거나 모두 오전이 가장 자연스럽게 연결됩니다.
양자리,직장운,오늘 상사나 클라이언트의 피드백이 들어올 수 있습니다. 방어적으로 듣지 말고 정보로 받아들여보시기 바랍니다.,오전 9시~11시,양자리는 에너지가 오전에 올라오는 타입입니다. 먼저 연락하거나 받거나 모두 오전이 가장 자연스럽게 연결됩니다.
양자리,직장운,업무 속도가 올라가는 날입니다. 이 기세 유지하면 오늘 상당히 많은 것을 처리할 수 있습니다.,오전 9시~11시,양자리는 에너지가 오전에 올라오는 타입입니다. 먼저 연락하거나 받거나 모두 오전이 가장 자연스럽게 연결됩니다.
양자리,직장운,새로운 프로젝트나 역할 제안이 들어올 수 있습니다. 바로 수락하기 전에 전체 그림을 한 번 확인하시기 바랍니다.,오전 9시~11시,양자리는 에너지가 오전에 올라오는 타입입니다. 먼저 연락하거나 받거나 모두 오전이 가장 자연스럽게 연결됩니다.
양자리,직장운,오늘 루틴 업무는 빠르게 끝내고 중요한 것에 집중하시기 바랍니다. 양자리는 루틴에 지치는 타입이라 순서가 중요합니다.,오전 9시~11시,양자리는 에너지가 오전에 올라오는 타입입니다. 먼저 연락하거나 받거나 모두 오전이 가장 자연스럽게 연결됩니다.
양자리,직장운,동료와의 협업에서 시너지가 날 수 있는 날입니다. 혼자보다 함께 할 때 더 좋은 결과가 나올 수 있습니다.,오전 9시~11시,양자리는 에너지가 오전에 올라오는 타입입니다. 먼저 연락하거나 받거나 모두 오전이 가장 자연스럽게 연결됩니다.
양자리,직장운,오늘 직장에서 뭔가를 결정해야 한다면 직감을 믿어도 되는 날입니다. 양자리의 판단력이 오늘 예리합니다.,오전 9시~11시,양자리는 에너지가 오전에 올라오는 타입입니다. 먼저 연락하거나 받거나 모두 오전이 가장 자연스럽게 연결됩니다.
양자리,직장운,번아웃 조심하는 날입니다. 에너지가 넘친다고 다 써버리면 내일이 힘들습니다. 오늘은 80%만 써보시기 바랍니다.,오전 9시~11시,양자리는 에너지가 오전에 올라오는 타입입니다. 먼저 연락하거나 받거나 모두 오전이 가장 자연스럽게 연결됩니다.
양자리,직장운,업무에서 인정받고 싶은 마음이 올라오는 날입니다. 그 에너지를 결과물로 바꾸는 게 가장 빠른 방법입니다.,오전 9시~11시,양자리는 에너지가 오전에 올라오는 타입입니다. 먼저 연락하거나 받거나 모두 오전이 가장 자연스럽게 연결됩니다.
양자리,직장운,오늘 작은 완성 하나가 자신감을 키워줍니다. 큰 것 하나보다 작은 것 여러 개를 끝내는 전략이 오늘 더 잘 맞습니다.,오전 9시~11시,양자리는 에너지가 오전에 올라오는 타입입니다. 먼저 연락하거나 받거나 모두 오전이 가장 자연스럽게 연결됩니다.
양자리,건강운,"오늘 결정이 빨리 나오는 날입니다. 양자리 직감은 대개 맞습니다. 그런데 정확히 한 가지, 돈이 크게 엮인 결정은 오늘 하루만 더 두고 보시기 바랍니다. 직감이 맞아도 타이밍이 틀릴 수 있습니다.",오전 9시~11시,양자리는 에너지가 오전에 올라오는 타입입니다. 먼저 연락하거나 받거나 모두 오전이 가장 자연스럽게 연결됩니다.
양자리,건강운,오늘 몸보다 머리가 더 많이 돌아가는 날입니다. 과호흡 주의하고 중간중간 숨 고르는 시간을 가지시기 바랍니다.,오전 9시~11시,양자리는 에너지가 오전에 올라오는 타입입니다. 먼저 연락하거나 받거나 모두 오전이 가장 자연스럽게 연결됩니다.
양자리,건강운,"에너지가 넘치는 날입니다. 운동하기 정확히 좋습니다. 단, 과하게 하지 말고 몸이 즐거운 수준에서 멈추시기 바랍니다.",오전 9시~11시,양자리는 에너지가 오전에 올라오는 타입입니다. 먼저 연락하거나 받거나 모두 오전이 가장 자연스럽게 연결됩니다.
양자리,건강운,오늘 두통이나 목 결림이 생길 수 있습니다. 한 자세로 오래 있지 말고 중간중간 스트레칭하시기 바랍니다.,오전 9시~11시,양자리는 에너지가 오전에 올라오는 타입입니다. 먼저 연락하거나 받거나 모두 오전이 가장 자연스럽게 연결됩니다.
양자리,건강운,소화가 잘 되는 날입니다. 오늘은 평소보다 규칙적으로 먹어보시기 바랍니다. 양자리는 끼니를 자주 거르는 타입이습니다.,오전 9시~11시,양자리는 에너지가 오전에 올라오는 타입입니다. 먼저 연락하거나 받거나 모두 오전이 가장 자연스럽게 연결됩니다.
양자리,건강운,"오늘 수면이 중요한 날입니다. 에너지를 다 쓰고 일찍 자는 것, 내일을 위한 최고의 준비입니다.",오전 9시~11시,양자리는 에너지가 오전에 올라오는 타입입니다. 먼저 연락하거나 받거나 모두 오전이 가장 자연스럽게 연결됩니다.
양자리,건강운,과한 자극을 조심하는 날입니다. 카페인이나 자극적인 음식보다 담백한 것이 오늘 더 잘 맞습니다.,오전 9시~11시,양자리는 에너지가 오전에 올라오는 타입입니다. 먼저 연락하거나 받거나 모두 오전이 가장 자연스럽게 연결됩니다.
양자리,건강운,오늘 야외 활동이 도움이 되는 날입니다. 짧은 산책이라도 기분 전환이 될 것입니다.,오전 9시~11시,양자리는 에너지가 오전에 올라오는 타입입니다. 먼저 연락하거나 받거나 모두 오전이 가장 자연스럽게 연결됩니다.
양자리,건강운,스트레스가 몸으로 나오기 쉬운 날입니다. 긴장된 어깨나 턱 풀어주는 스트레칭 한 번 해보시기 바랍니다.,오전 9시~11시,양자리는 에너지가 오전에 올라오는 타입입니다. 먼저 연락하거나 받거나 모두 오전이 가장 자연스럽게 연결됩니다.
양자리,건강운,오늘 몸의 신호를 무시하지 마시기 바랍니다. 양자리는 피곤해도 달리는 타입인데 오늘은 그 신호에 귀 기울여보시기 바랍니다.,오전 9시~11시,양자리는 에너지가 오전에 올라오는 타입입니다. 먼저 연락하거나 받거나 모두 오전이 가장 자연스럽게 연결됩니다.
양자리,건강운,소소한 운동 루틴 시작하기 좋은 날입니다. 거창하지 않아도 됩니다. 10분이라도 매일 하는 게 중요합니다.,오전 9시~11시,양자리는 에너지가 오전에 올라오는 타입입니다. 먼저 연락하거나 받거나 모두 오전이 가장 자연스럽게 연결됩니다.
양자리,건강운,오늘 충분히 먹고 충분히 쉬는 날로 써도 됩니다. 항상 달리는 게 좋은 건 아닙니다.,오전 9시~11시,양자리는 에너지가 오전에 올라오는 타입입니다. 먼저 연락하거나 받거나 모두 오전이 가장 자연스럽게 연결됩니다.
양자리,건강운,오늘 손목이나 목에 무리가 가지 않게 주의하시기 바랍니다. 작업 자세 점검해보시기 바랍니다.,오전 9시~11시,양자리는 에너지가 오전에 올라오는 타입입니다. 먼저 연락하거나 받거나 모두 오전이 가장 자연스럽게 연결됩니다.
양자리,건강운,물 충분히 마시는 날로 해보시기 바랍니다. 양자리는 활동량이 많은데 수분 섭취는 빠뜨리는 타입입니다.,오전 9시~11시,양자리는 에너지가 오전에 올라오는 타입입니다. 먼저 연락하거나 받거나 모두 오전이 가장 자연스럽게 연결됩니다.
양자리,건강운,오늘 몸이 쉬고 싶다는 신호를 보내고 있다면 그 신호가 맞습니다. 오늘은 회복의 날로 써도 됩니다.,오전 9시~11시,양자리는 에너지가 오전에 올라오는 타입입니다. 먼저 연락하거나 받거나 모두 오전이 가장 자연스럽게 연결됩니다.
양자리,건강운,새로운 운동이나 신체 활동을 시작하기 좋은 날입니다. 양자리는 새로운 것에 불이 붙는 타입이니까요.,오전 9시~11시,양자리는 에너지가 오전에 올라오는 타입입니다. 먼저 연락하거나 받거나 모두 오전이 가장 자연스럽게 연결됩니다.
양자리,건강운,오늘 식사 시간을 제때 지켜보시기 바랍니다. 바쁘다는 핑계로 거르는 패턴 오늘만큼은 끊어보시기 바랍니다.,오전 9시~11시,양자리는 에너지가 오전에 올라오는 타입입니다. 먼저 연락하거나 받거나 모두 오전이 가장 자연스럽게 연결됩니다.
양자리,건강운,긴장이 풀리면서 몸이 처지는 날일 수 있습니다. 억지로 달리지 말고 오늘은 천천히 가도 됩니다.,오전 9시~11시,양자리는 에너지가 오전에 올라오는 타입입니다. 먼저 연락하거나 받거나 모두 오전이 가장 자연스럽게 연결됩니다.
양자리,건강운,오늘 수면 질에 신경 쓰시기 바랍니다. 잠들기 전 핸드폰 내려놓는 것만으로 내일이 달라질 수 있습니다.,오전 9시~11시,양자리는 에너지가 오전에 올라오는 타입입니다. 먼저 연락하거나 받거나 모두 오전이 가장 자연스럽게 연결됩니다.
양자리,건강운,몸과 마음이 모두 긍정적인 날입니다. 이 에너지를 좋아하는 신체 활동에 써보시기 바랍니다.,오전 9시~11시,양자리는 에너지가 오전에 올라오는 타입입니다. 먼저 연락하거나 받거나 모두 오전이 가장 자연스럽게 연결됩니다.
양자리,대인운,"충동적으로 무언가 사고 싶거나 시작하고 싶은 날입니다. 양자리 특유의 그 기분, 지금 당장 하지 않으면 안 될 것 같은 느낌이요. 장바구니에 넣어두고 내일 다시 봐도 그 기분 여전하면 그때 해도 충분합니다.",오전 9시~11시,양자리는 에너지가 오전에 올라오는 타입입니다. 먼저 연락하거나 받거나 모두 오전이 가장 자연스럽게 연결됩니다.
양자리,대인운,오늘 대인관계에서 활기찬 흐름이 있습니다. 먼저 다가가는 게 자연스러운 날입니다.,오전 9시~11시,양자리는 에너지가 오전에 올라오는 타입입니다. 먼저 연락하거나 받거나 모두 오전이 가장 자연스럽게 연결됩니다.
양자리,대인운,처음 만나는 사람과의 인연이 생길 수 있습니다. 양자리의 첫인상은 강렬하니 오늘 특히 좋은 인상을 남길 수 있습니다.,오전 9시~11시,양자리는 에너지가 오전에 올라오는 타입입니다. 먼저 연락하거나 받거나 모두 오전이 가장 자연스럽게 연결됩니다.
양자리,대인운,오늘 주변 사람들이 당신의 에너지에 이끌립니다. 자연스럽게 리더 역할을 하게 될 수 있습니다.,오전 9시~11시,양자리는 에너지가 오전에 올라오는 타입입니다. 먼저 연락하거나 받거나 모두 오전이 가장 자연스럽게 연결됩니다.
양자리,대인운,누군가와 오해가 생길 수 있습니다. 양자리는 직접적으로 물어보는 게 제일 빨라요. 돌려 말하지 말고 그냥 확인해보시기 바랍니다.,오전 9시~11시,양자리는 에너지가 오전에 올라오는 타입입니다. 먼저 연락하거나 받거나 모두 오전이 가장 자연스럽게 연결됩니다.
양자리,대인운,오래된 인연에서 새로운 면을 발견할 수 있는 날입니다. 오랫동안 알아온 사람에게 오늘 조금 더 집중해보시기 바랍니다.,오전 9시~11시,양자리는 에너지가 오전에 올라오는 타입입니다. 먼저 연락하거나 받거나 모두 오전이 가장 자연스럽게 연결됩니다.
양자리,대인운,오늘 당신이 먼저 연락한다면 상대가 반가워할 것입니다. 머뭇거리지 말고 그냥 해보시기 바랍니다.,오전 9시~11시,양자리는 에너지가 오전에 올라오는 타입입니다. 먼저 연락하거나 받거나 모두 오전이 가장 자연스럽게 연결됩니다.
양자리,대인운,모임이나 만남이 있다면 오늘 유독 잘 풀리는 날입니다. 자연스럽게 분위기를 이끌게 될 것입니다.,오전 9시~11시,양자리는 에너지가 오전에 올라오는 타입입니다. 먼저 연락하거나 받거나 모두 오전이 가장 자연스럽게 연결됩니다.
양자리,대인운,오늘 누군가의 조언이 귀에 쏙 들어올 수 있습니다. 평소엔 흘려들었던 말이 오늘은 다르게 들릴 수 있습니다.,오전 9시~11시,양자리는 에너지가 오전에 올라오는 타입입니다. 먼저 연락하거나 받거나 모두 오전이 가장 자연스럽게 연결됩니다.
양자리,대인운,경쟁심이 올라오는 날입니다. 그 에너지를 상대방이 아닌 자신의 성장으로 돌려보시기 바랍니다.,오전 9시~11시,양자리는 에너지가 오전에 올라오는 타입입니다. 먼저 연락하거나 받거나 모두 오전이 가장 자연스럽게 연결됩니다.
양자리,대인운,오늘 인간관계에서 솔직함이 빛을 발하는 날입니다. 양자리답게 직접적으로 말해도 잘 받아들여질 것입니다.,오전 9시~11시,양자리는 에너지가 오전에 올라오는 타입입니다. 먼저 연락하거나 받거나 모두 오전이 가장 자연스럽게 연결됩니다.
양자리,대인운,주변의 부정적인 에너지에 물들지 않도록 오늘은 경계를 잘 지키시기 바랍니다.,오전 9시~11시,양자리는 에너지가 오전에 올라오는 타입입니다. 먼저 연락하거나 받거나 모두 오전이 가장 자연스럽게 연결됩니다.
양자리,대인운,오늘 누군가에게 뭔가를 나눠주는 것이 자연스럽게 이루어질 수 있습니다. 그 따뜻함이 돌아올 것입니다.,오전 9시~11시,양자리는 에너지가 오전에 올라오는 타입입니다. 먼저 연락하거나 받거나 모두 오전이 가장 자연스럽게 연결됩니다.
양자리,대인운,사람들 사이에서 중재 역할을 하게 될 수 있습니다. 양자리의 직관으로 핵심을 짚어주시기 바랍니다.,오전 9시~11시,양자리는 에너지가 오전에 올라오는 타입입니다. 먼저 연락하거나 받거나 모두 오전이 가장 자연스럽게 연결됩니다.
양자리,대인운,오늘 새로운 만남보다 기존 관계를 돈독히 하는 게 더 좋은 날입니다.,오전 9시~11시,양자리는 에너지가 오전에 올라오는 타입입니다. 먼저 연락하거나 받거나 모두 오전이 가장 자연스럽게 연결됩니다.
양자리,대인운,오늘 당신이 말하는 것보다 듣는 것이 더 많은 것을 얻게 해주는 날입니다.,오전 9시~11시,양자리는 에너지가 오전에 올라오는 타입입니다. 먼저 연락하거나 받거나 모두 오전이 가장 자연스럽게 연결됩니다.
양자리,대인운,갑자기 나타난 인연이 의미 있는 연결로 이어질 수 있습니다. 우연을 흘리지 마시기 바랍니다.,오전 9시~11시,양자리는 에너지가 오전에 올라오는 타입입니다. 먼저 연락하거나 받거나 모두 오전이 가장 자연스럽게 연결됩니다.
양자리,대인운,오늘 주변 사람들이 당신의 직접적인 스타일에 호감을 느끼는 날입니다.,오전 9시~11시,양자리는 에너지가 오전에 올라오는 타입입니다. 먼저 연락하거나 받거나 모두 오전이 가장 자연스럽게 연결됩니다.
양자리,대인운,관계에서 소소한 즐거움이 생기는 날입니다. 가벼운 대화에서도 에너지를 충전받을 수 있습니다.,오전 9시~11시,양자리는 에너지가 오전에 올라오는 타입입니다. 먼저 연락하거나 받거나 모두 오전이 가장 자연스럽게 연결됩니다.
양자리,대인운,오늘 사람들과의 에너지 교환이 활발한 날입니다. 피곤하면 혼자만의 시간도 확보해두시기 바랍니다.,오전 9시~11시,양자리는 에너지가 오전에 올라오는 타입입니다. 먼저 연락하거나 받거나 모두 오전이 가장 자연스럽게 연결됩니다.
양자리,행동운,오늘 가장 먼저 떠오른 생각이 맞을 가능성이 높습니다. 양자리는 너무 오래 고민하면 오히려 답에서 멀어지는 타입이습니다. 첫 번째 감각을 믿어보시기 바랍니다. 분석보다 직감이 더 정확한 날입니다.,오전 9시~11시,양자리는 에너지가 오전에 올라오는 타입입니다. 먼저 연락하거나 받거나 모두 오전이 가장 자연스럽게 연결됩니다.
양자리,행동운,오늘 미뤄뒀던 것 하나를 시작하기 정확히 좋은 날입니다. 완벽한 타이밍을 기다리지 말고 지금 바로 해보시기 바랍니다.,오전 9시~11시,양자리는 에너지가 오전에 올라오는 타입입니다. 먼저 연락하거나 받거나 모두 오전이 가장 자연스럽게 연결됩니다.
양자리,행동운,오늘 행동이 결과로 빠르게 이어지는 날입니다. 생각보다 실행이 먼저인 날입니다.,오전 9시~11시,양자리는 에너지가 오전에 올라오는 타입입니다. 먼저 연락하거나 받거나 모두 오전이 가장 자연스럽게 연결됩니다.
양자리,행동운,오늘 몸을 움직이는 것이 머리를 정리해줍니다. 걷거나 무언가 만들거나 손을 쓰면 생각이 정리됩니다.,오전 9시~11시,양자리는 에너지가 오전에 올라오는 타입입니다. 먼저 연락하거나 받거나 모두 오전이 가장 자연스럽게 연결됩니다.
양자리,행동운,오늘 한 가지에만 집중해서 끝까지 해보시기 바랍니다. 양자리는 중간에 포기하는 패턴이 있는데 오늘은 그걸 깨는 날로 써보시기 바랍니다.,오전 9시~11시,양자리는 에너지가 오전에 올라오는 타입입니다. 먼저 연락하거나 받거나 모두 오전이 가장 자연스럽게 연결됩니다.
양자리,행동운,충동적으로 움직이고 싶은 날입니다. 그 에너지 자체는 좋은데 방향 먼저 정하고 움직이시기 바랍니다.,오전 9시~11시,양자리는 에너지가 오전에 올라오는 타입입니다. 먼저 연락하거나 받거나 모두 오전이 가장 자연스럽게 연결됩니다.
양자리,행동운,오늘 계획을 세우기보다 바로 실행하는 게 더 효과적입니다. 양자리답게 그냥 해보시기 바랍니다.,오전 9시~11시,양자리는 에너지가 오전에 올라오는 타입입니다. 먼저 연락하거나 받거나 모두 오전이 가장 자연스럽게 연결됩니다.
양자리,행동운,오늘 새로운 루틴이나 습관을 시작하기 좋은 날입니다. 거창하지 않아도 됩니다. 작은 것 하나면 충분합니다.,오전 9시~11시,양자리는 에너지가 오전에 올라오는 타입입니다. 먼저 연락하거나 받거나 모두 오전이 가장 자연스럽게 연결됩니다.
양자리,행동운,오늘 행동력이 올라가 있습니다. 이 에너지를 가장 중요한 것에 먼저 써보시기 바랍니다.,오전 9시~11시,양자리는 에너지가 오전에 올라오는 타입입니다. 먼저 연락하거나 받거나 모두 오전이 가장 자연스럽게 연결됩니다.
양자리,행동운,오늘 아이디어를 실행으로 옮기는 게 쉬운 날입니다. 생각만 해온 것들 오늘 하나 시작해보시기 바랍니다.,오전 9시~11시,양자리는 에너지가 오전에 올라오는 타입입니다. 먼저 연락하거나 받거나 모두 오전이 가장 자연스럽게 연결됩니다.
양자리,행동운,결정을 내려야 하는 일이 있다면 오늘 해버리시기 바랍니다. 양자리는 결정 후 에너지가 더 올라오는 타입입니다.,오전 9시~11시,양자리는 에너지가 오전에 올라오는 타입입니다. 먼저 연락하거나 받거나 모두 오전이 가장 자연스럽게 연결됩니다.
양자리,행동운,오늘 다른 사람을 돕는 행동이 나중에 자신에게 돌아오는 날입니다.,오전 9시~11시,양자리는 에너지가 오전에 올라오는 타입입니다. 먼저 연락하거나 받거나 모두 오전이 가장 자연스럽게 연결됩니다.
양자리,행동운,오늘 말보다 행동으로 보여주는 게 더 효과적입니다. 설명 길게 하지 말고 그냥 해보시기 바랍니다.,오전 9시~11시,양자리는 에너지가 오전에 올라오는 타입입니다. 먼저 연락하거나 받거나 모두 오전이 가장 자연스럽게 연결됩니다.
양자리,행동운,에너지가 있을 때 어려운 것부터 처리하시기 바랍니다. 양자리는 앞에 어려운 게 있으면 오히려 더 잘하는 타입입니다.,오전 9시~11시,양자리는 에너지가 오전에 올라오는 타입입니다. 먼저 연락하거나 받거나 모두 오전이 가장 자연스럽게 연결됩니다.
양자리,행동운,오늘 즉흥적인 행동이 예상 밖의 좋은 결과를 가져올 수 있습니다. 본능을 따라가봐도 좋은 날입니다.,오전 9시~11시,양자리는 에너지가 오전에 올라오는 타입입니다. 먼저 연락하거나 받거나 모두 오전이 가장 자연스럽게 연결됩니다.
양자리,행동운,계획대로 안 된다면 방향을 바꿔보시기 바랍니다. 양자리는 다른 길로 가도 결국 목적지에 닿는 타입입니다.,오전 9시~11시,양자리는 에너지가 오전에 올라오는 타입입니다. 먼저 연락하거나 받거나 모두 오전이 가장 자연스럽게 연결됩니다.
양자리,행동운,오늘 멈추는 것도 행동입니다. 쉬어야 할 때 쉬는 결정도 용기 있는 선택입니다.,오전 9시~11시,양자리는 에너지가 오전에 올라오는 타입입니다. 먼저 연락하거나 받거나 모두 오전이 가장 자연스럽게 연결됩니다.
양자리,행동운,오늘 작은 행동 하나가 연쇄반응을 일으킬 수 있습니다. 그 첫 번째 도미노를 쓰러뜨려보시기 바랍니다.,오전 9시~11시,양자리는 에너지가 오전에 올라오는 타입입니다. 먼저 연락하거나 받거나 모두 오전이 가장 자연스럽게 연결됩니다.
양자리,행동운,오늘 두려움 때문에 미루고 있는 것이 있다면 지금이 그것을 시작할 타이밍입니다.,오전 9시~11시,양자리는 에너지가 오전에 올라오는 타입입니다. 먼저 연락하거나 받거나 모두 오전이 가장 자연스럽게 연결됩니다.
양자리,행동운,오늘 마음대로 되는 것과 안 되는 것을 구분해보시기 바랍니다. 컨트롤할 수 있는 것에만 에너지를 쓰는 날입니다.,오전 9시~11시,양자리는 에너지가 오전에 올라오는 타입입니다. 먼저 연락하거나 받거나 모두 오전이 가장 자연스럽게 연결됩니다.
황소자리,총운,오늘 바꾸기 싫은 마음이 드는 게 있어도 괜찮습니다. 황소자리는 검증된 방식을 믿는 타입이습니다. 그런데 정확히 한 가지만 새로운 방식으로 해보시기 바랍니다. 불편하지만 그 불편함이 오늘 성장입니다.,오후 7시~9시,황소자리는 저녁에 마음이 열립니다. 편안한 분위기에서 나누는 대화가 가장 잘 닿는 타입입니다.
황소자리,총운,천천히 움직이는 날입니다. 그게 황소자리의 속도입니다. 주변이 빠르다고 서두를 필요 없습니다. 당신 리듬이 맞습니다.,오후 7시~9시,황소자리는 저녁에 마음이 열립니다. 편안한 분위기에서 나누는 대화가 가장 잘 닿는 타입입니다.
황소자리,총운,오늘 쌓아온 것들이 드디어 빛을 발하는 날입니다. 꾸준함이 오늘 결과로 나타날 수 있습니다.,오후 7시~9시,황소자리는 저녁에 마음이 열립니다. 편안한 분위기에서 나누는 대화가 가장 잘 닿는 타입입니다.
황소자리,총운,변화가 불편하게 느껴지는 날입니다. 그런데 오늘 그 변화가 나쁜 방향이 아닙니다. 조금만 열어두시기 바랍니다.,오후 7시~9시,황소자리는 저녁에 마음이 열립니다. 편안한 분위기에서 나누는 대화가 가장 잘 닿는 타입입니다.
황소자리,총운,오늘 안정감이 필요한 날입니다. 익숙한 것들로 하루를 채워도 충분히 좋은 날입니다.,오후 7시~9시,황소자리는 저녁에 마음이 열립니다. 편안한 분위기에서 나누는 대화가 가장 잘 닿는 타입입니다.
황소자리,총운,인내심이 빛나는 날입니다. 황소자리가 오래 기다려온 것에 대한 답이 오늘 들어올 수 있습니다.,오후 7시~9시,황소자리는 저녁에 마음이 열립니다. 편안한 분위기에서 나누는 대화가 가장 잘 닿는 타입입니다.
황소자리,총운,오늘 고집을 조금 내려놓으면 더 좋은 것을 얻을 수 있는 날입니다. 완벽한 것보다 충분히 좋은 것을 선택해보시기 바랍니다.,오후 7시~9시,황소자리는 저녁에 마음이 열립니다. 편안한 분위기에서 나누는 대화가 가장 잘 닿는 타입입니다.
황소자리,총운,"오늘 감각적인 것에 에너지를 쓰는 날이 좋습니다. 좋아하는 음식, 음악, 향기 같은 것들이요.",오후 7시~9시,황소자리는 저녁에 마음이 열립니다. 편안한 분위기에서 나누는 대화가 가장 잘 닿는 타입입니다.
황소자리,총운,묵묵히 가고 있는 방향이 맞습니다. 결과가 느리게 오는 것처럼 느껴져도 분명히 쌓이고 있습니다.,오후 7시~9시,황소자리는 저녁에 마음이 열립니다. 편안한 분위기에서 나누는 대화가 가장 잘 닿는 타입입니다.
황소자리,총운,오늘 결정을 서두르지 않아도 됩니다. 황소자리는 충분히 검토한 다음 움직이는 게 더 잘 맞습니다.,오후 7시~9시,황소자리는 저녁에 마음이 열립니다. 편안한 분위기에서 나누는 대화가 가장 잘 닿는 타입입니다.
황소자리,총운,평소보다 에너지가 더 올라오는 날입니다. 이 흐름에 맞춰 평소보다 조금 더 도전해봐도 좋습니다.,오후 7시~9시,황소자리는 저녁에 마음이 열립니다. 편안한 분위기에서 나누는 대화가 가장 잘 닿는 타입입니다.
황소자리,총운,오늘 소중한 것에 집중하는 날입니다. 많은 것보다 하나를 깊게 하는 황소자리의 방식이 오늘 가장 잘 맞습니다.,오후 7시~9시,황소자리는 저녁에 마음이 열립니다. 편안한 분위기에서 나누는 대화가 가장 잘 닿는 타입입니다.
황소자리,총운,주변 변화에 휩쓸리지 않는 하루가 될 것입니다. 황소자리의 흔들리지 않는 중심이 오늘 빛습니다.,오후 7시~9시,황소자리는 저녁에 마음이 열립니다. 편안한 분위기에서 나누는 대화가 가장 잘 닿는 타입입니다.
황소자리,총운,오늘 믿었던 것이 다시 한번 맞다는 확인을 받는 날입니다. 자신을 믿어온 것이 틀리지 않았습니다.,오후 7시~9시,황소자리는 저녁에 마음이 열립니다. 편안한 분위기에서 나누는 대화가 가장 잘 닿는 타입입니다.
황소자리,총운,천천히 완성되어가는 것에 만족감을 느끼는 날입니다. 결과보다 과정에서 의미를 찾아보시기 바랍니다.,오후 7시~9시,황소자리는 저녁에 마음이 열립니다. 편안한 분위기에서 나누는 대화가 가장 잘 닿는 타입입니다.
황소자리,총운,오늘 누군가와의 신뢰가 깊어지는 사건이 생길 수 있습니다. 작은 것이어도 그 의미를 알아채시기 바랍니다.,오후 7시~9시,황소자리는 저녁에 마음이 열립니다. 편안한 분위기에서 나누는 대화가 가장 잘 닿는 타입입니다.
황소자리,총운,오늘은 새로운 것보다 기존의 것을 완성하는 데 집중하는 게 더 잘 맞습니다.,오후 7시~9시,황소자리는 저녁에 마음이 열립니다. 편안한 분위기에서 나누는 대화가 가장 잘 닿는 타입입니다.
황소자리,총운,황소자리의 감각이 오늘 특히 예리합니다. 직관을 믿고 움직여도 되는 날입니다.,오후 7시~9시,황소자리는 저녁에 마음이 열립니다. 편안한 분위기에서 나누는 대화가 가장 잘 닿는 타입입니다.
황소자리,총운,오늘 쉬어가도 되는 날입니다. 황소자리는 제대로 쉬어야 다음에 더 잘 달릴 수 있습니다.,오후 7시~9시,황소자리는 저녁에 마음이 열립니다. 편안한 분위기에서 나누는 대화가 가장 잘 닿는 타입입니다.
황소자리,총운,오늘 작은 성취 하나가 앞으로 나아갈 힘을 줍니다. 완벽하지 않아도 오늘 한 걸음은 충분히 의미 있습니다.,오후 7시~9시,황소자리는 저녁에 마음이 열립니다. 편안한 분위기에서 나누는 대화가 가장 잘 닿는 타입입니다.
황소자리,애정운,황소자리는 한번 마음을 열면 깊게 들어가는 타입입니다. 오늘 누군가에게 마음이 움직인다면 서두르지 말고 그 감각을 즐겨보시기 바랍니다.,오후 7시~9시,황소자리는 저녁에 마음이 열립니다. 편안한 분위기에서 나누는 대화가 가장 잘 닿는 타입입니다.
황소자리,애정운,오늘 오래된 관계에서 새로운 따뜻함을 발견하는 날입니다. 특별한 이벤트 없어도 그냥 함께 있는 것만으로 충분합니다.,오후 7시~9시,황소자리는 저녁에 마음이 열립니다. 편안한 분위기에서 나누는 대화가 가장 잘 닿는 타입입니다.
황소자리,애정운,먼저 다가가는 게 어렵게 느껴지는 날입니다. 그래도 괜찮습니다. 황소자리의 기다림은 진심이습니다.,오후 7시~9시,황소자리는 저녁에 마음이 열립니다. 편안한 분위기에서 나누는 대화가 가장 잘 닿는 타입입니다.
황소자리,애정운,상대방이 빠르게 움직이길 원할 수 있습니다. 오늘은 조금 맞춰주는 게 관계를 부드럽게 합니다.,오후 7시~9시,황소자리는 저녁에 마음이 열립니다. 편안한 분위기에서 나누는 대화가 가장 잘 닿는 타입입니다.
황소자리,애정운,오늘 작은 표현 하나가 상대에게 크게 닿는 날입니다. 말보다 행동으로 보여주는 황소자리답게 해보시기 바랍니다.,오후 7시~9시,황소자리는 저녁에 마음이 열립니다. 편안한 분위기에서 나누는 대화가 가장 잘 닿는 타입입니다.
황소자리,애정운,관계에서 안정감을 찾는 날입니다. 변화보다 함께하는 루틴에서 사랑을 느끼는 날입니다.,오후 7시~9시,황소자리는 저녁에 마음이 열립니다. 편안한 분위기에서 나누는 대화가 가장 잘 닿는 타입입니다.
황소자리,애정운,오늘 상대방의 말을 조금 더 들어보시기 바랍니다. 황소자리는 자신의 방식이 옳다고 느끼는 경향이 있는데 오늘은 상대 입장에서 한 번 더 보시기 바랍니다.,오후 7시~9시,황소자리는 저녁에 마음이 열립니다. 편안한 분위기에서 나누는 대화가 가장 잘 닿는 타입입니다.
황소자리,애정운,감정을 직접 표현하기 어렵다면 편지나 문자로 전해보시기 바랍니다. 황소자리의 글은 진심이 담겨 있습니다.,오후 7시~9시,황소자리는 저녁에 마음이 열립니다. 편안한 분위기에서 나누는 대화가 가장 잘 닿는 타입입니다.
황소자리,애정운,오늘 애정 표현이 자연스럽게 나오는 날입니다. 평소보다 조금 더 따뜻하게 대해보시기 바랍니다.,오후 7시~9시,황소자리는 저녁에 마음이 열립니다. 편안한 분위기에서 나누는 대화가 가장 잘 닿는 타입입니다.
황소자리,애정운,새로운 사람을 만나기보다 지금 있는 관계를 더 깊게 하는 날입니다.,오후 7시~9시,황소자리는 저녁에 마음이 열립니다. 편안한 분위기에서 나누는 대화가 가장 잘 닿는 타입입니다.
황소자리,애정운,오늘 고집을 내려놓으면 관계가 더 편안해지는 날입니다. 내가 맞아도 오늘은 한 발 양보해보시기 바랍니다.,오후 7시~9시,황소자리는 저녁에 마음이 열립니다. 편안한 분위기에서 나누는 대화가 가장 잘 닿는 타입입니다.
황소자리,애정운,함께 맛있는 것을 먹거나 편안한 시간을 보내는 것이 오늘 최고의 데이트입니다.,오후 7시~9시,황소자리는 저녁에 마음이 열립니다. 편안한 분위기에서 나누는 대화가 가장 잘 닿는 타입입니다.
황소자리,애정운,기다려온 연락이 올 수 있는 날입니다. 황소자리의 인내가 오늘 답이 될 수 있습니다.,오후 7시~9시,황소자리는 저녁에 마음이 열립니다. 편안한 분위기에서 나누는 대화가 가장 잘 닿는 타입입니다.
황소자리,애정운,오늘 관계에서 신뢰를 쌓는 행동 하나가 장기적으로 큰 의미를 가집니다.,오후 7시~9시,황소자리는 저녁에 마음이 열립니다. 편안한 분위기에서 나누는 대화가 가장 잘 닿는 타입입니다.
황소자리,애정운,사랑하는 사람에게 오늘 특별한 것 없이도 '그냥 생각났어'라고 연락해보시기 바랍니다.,오후 7시~9시,황소자리는 저녁에 마음이 열립니다. 편안한 분위기에서 나누는 대화가 가장 잘 닿는 타입입니다.
황소자리,애정운,오늘 누군가가 당신의 든든함에 의지하고 있습니다. 그 존재감이 사랑입니다.,오후 7시~9시,황소자리는 저녁에 마음이 열립니다. 편안한 분위기에서 나누는 대화가 가장 잘 닿는 타입입니다.
황소자리,애정운,황소자리는 신뢰가 쌓인 후에 마음을 열습니다. 오늘 그 신뢰를 확인하는 날입니다.,오후 7시~9시,황소자리는 저녁에 마음이 열립니다. 편안한 분위기에서 나누는 대화가 가장 잘 닿는 타입입니다.
황소자리,애정운,관계에서 억지로 빠르게 가려 하지 않아도 되는 날입니다. 자연스러운 흐름을 따라가시기 바랍니다.,오후 7시~9시,황소자리는 저녁에 마음이 열립니다. 편안한 분위기에서 나누는 대화가 가장 잘 닿는 타입입니다.
황소자리,애정운,오늘 사랑받고 있다는 느낌이 드는 날입니다. 그 감각을 충분히 느껴도 됩니다.,오후 7시~9시,황소자리는 저녁에 마음이 열립니다. 편안한 분위기에서 나누는 대화가 가장 잘 닿는 타입입니다.
황소자리,애정운,"누군가와 함께 있을 때 말 없이도 편안한 시간, 그게 황소자리의 진짜 사랑입니다.",오후 7시~9시,황소자리는 저녁에 마음이 열립니다. 편안한 분위기에서 나누는 대화가 가장 잘 닿는 타입입니다.
황소자리,금전운,오늘 계획한 지출이 있다면 예산 안에서 완벽하게 해결되는 날입니다. 황소자리의 꼼꼼한 계획이 빛나는 날입니다.,오후 7시~9시,황소자리는 저녁에 마음이 열립니다. 편안한 분위기에서 나누는 대화가 가장 잘 닿는 타입입니다.
황소자리,금전운,안정적인 금전 흐름의 날입니다. 큰 변동 없이 예상대로 흘러가는 날입니다.,오후 7시~9시,황소자리는 저녁에 마음이 열립니다. 편안한 분위기에서 나누는 대화가 가장 잘 닿는 타입입니다.
황소자리,금전운,오늘 충동구매 유혹이 있습니다. 황소자리는 평소에 잘 참는데 오늘 유독 갖고 싶은 것이 생길 수 있습니다. 이틀 기다려보시기 바랍니다.,오후 7시~9시,황소자리는 저녁에 마음이 열립니다. 편안한 분위기에서 나누는 대화가 가장 잘 닿는 타입입니다.
황소자리,금전운,장기 저축이나 투자 계획을 점검하기 좋은 날입니다. 황소자리의 장기적 시각이 오늘 더 선명합니다.,오후 7시~9시,황소자리는 저녁에 마음이 열립니다. 편안한 분위기에서 나누는 대화가 가장 잘 닿는 타입입니다.
황소자리,금전운,예상치 못한 지출이 생길 수 있습니다. 큰 금액은 아니지만 준비는 해두시기 바랍니다.,오후 7시~9시,황소자리는 저녁에 마음이 열립니다. 편안한 분위기에서 나누는 대화가 가장 잘 닿는 타입입니다.
황소자리,금전운,오늘 금전적으로 남을 도울 기회가 생길 수 있습니다. 여유가 있다면 베풀어도 좋습니다.,오후 7시~9시,황소자리는 저녁에 마음이 열립니다. 편안한 분위기에서 나누는 대화가 가장 잘 닿는 타입입니다.
황소자리,금전운,묵혀뒀던 적립금이나 포인트 확인해보시기 바랍니다. 생각보다 쌓여있을 수 있습니다.,오후 7시~9시,황소자리는 저녁에 마음이 열립니다. 편안한 분위기에서 나누는 대화가 가장 잘 닿는 타입입니다.
황소자리,금전운,오늘 재테크 관련 좋은 정보를 얻을 수 있습니다. 바로 실행은 말고 더 알아보시기 바랍니다.,오후 7시~9시,황소자리는 저녁에 마음이 열립니다. 편안한 분위기에서 나누는 대화가 가장 잘 닿는 타입입니다.
황소자리,금전운,수입 흐름이 안정적인 날입니다. 황소자리의 꾸준함이 금전에도 나타나는 날입니다.,오후 7시~9시,황소자리는 저녁에 마음이 열립니다. 편안한 분위기에서 나누는 대화가 가장 잘 닿는 타입입니다.
황소자리,금전운,새로운 수입원에 대해 진지하게 생각해볼 좋은 날입니다.,오후 7시~9시,황소자리는 저녁에 마음이 열립니다. 편안한 분위기에서 나누는 대화가 가장 잘 닿는 타입입니다.
황소자리,금전운,오늘 가치 있는 것에 투자하는 것은 나쁘지 않습니다. 황소자리는 품질에 돈을 쓰는 게 맞는 타입입니다.,오후 7시~9시,황소자리는 저녁에 마음이 열립니다. 편안한 분위기에서 나누는 대화가 가장 잘 닿는 타입입니다.
황소자리,금전운,금전 계획을 세우기 좋은 날입니다. 엑셀이나 가계부 한 번 열어보시기 바랍니다.,오후 7시~9시,황소자리는 저녁에 마음이 열립니다. 편안한 분위기에서 나누는 대화가 가장 잘 닿는 타입입니다.
황소자리,금전운,오늘 불필요한 구독이나 정기결제 점검해보시기 바랍니다. 작은 것이 모이면 커요.,오후 7시~9시,황소자리는 저녁에 마음이 열립니다. 편안한 분위기에서 나누는 대화가 가장 잘 닿는 타입입니다.
황소자리,금전운,황소자리는 안전자산을 선호하는데 오늘 그 선택이 옳습니다. 안정적으로 가는 게 맞는 날입니다.,오후 7시~9시,황소자리는 저녁에 마음이 열립니다. 편안한 분위기에서 나누는 대화가 가장 잘 닿는 타입입니다.
황소자리,금전운,오늘 돈 관련 결정은 천천히 해도 늦지 않습니다. 황소자리답게 신중하게 검토하시기 바랍니다.,오후 7시~9시,황소자리는 저녁에 마음이 열립니다. 편안한 분위기에서 나누는 대화가 가장 잘 닿는 타입입니다.
황소자리,금전운,수입과 지출 균형이 잘 맞는 날입니다. 오늘 금전 스트레스가 적은 편입니다.,오후 7시~9시,황소자리는 저녁에 마음이 열립니다. 편안한 분위기에서 나누는 대화가 가장 잘 닿는 타입입니다.
황소자리,금전운,오늘 감사한 마음으로 쓰는 소비가 더 만족스러운 날입니다.,오후 7시~9시,황소자리는 저녁에 마음이 열립니다. 편안한 분위기에서 나누는 대화가 가장 잘 닿는 타입입니다.
황소자리,금전운,장기 목표를 위한 작은 저축 하나가 오늘 특별한 의미를 가집니다.,오후 7시~9시,황소자리는 저녁에 마음이 열립니다. 편안한 분위기에서 나누는 대화가 가장 잘 닿는 타입입니다.
황소자리,금전운,오늘 금전 걱정이 있다면 숫자로 적어보시기 바랍니다. 보이지 않는 불안이 줄어들 것입니다.,오후 7시~9시,황소자리는 저녁에 마음이 열립니다. 편안한 분위기에서 나누는 대화가 가장 잘 닿는 타입입니다.
황소자리,금전운,황소자리의 알뜰한 소비 습관이 오늘도 빛을 발합니다. 그 습관이 나중에 자산이 됩니다.,오후 7시~9시,황소자리는 저녁에 마음이 열립니다. 편안한 분위기에서 나누는 대화가 가장 잘 닿는 타입입니다.
황소자리,직장운,오늘 맡은 일을 끝까지 완성하는 힘이 강한 날입니다. 황소자리의 지구력이 오늘 결과를 만들습니다.,오후 7시~9시,황소자리는 저녁에 마음이 열립니다. 편안한 분위기에서 나누는 대화가 가장 잘 닿는 타입입니다.
황소자리,직장운,새로운 방식이나 제안을 받아들이는 게 불편할 수 있습니다. 일단 들어보는 것만으로도 오늘은 충분합니다.,오후 7시~9시,황소자리는 저녁에 마음이 열립니다. 편안한 분위기에서 나누는 대화가 가장 잘 닿는 타입입니다.
황소자리,직장운,꼼꼼함이 인정받는 날입니다. 오늘 황소자리의 세심한 작업이 눈에 띄습니다.,오후 7시~9시,황소자리는 저녁에 마음이 열립니다. 편안한 분위기에서 나누는 대화가 가장 잘 닿는 타입입니다.
황소자리,직장운,오늘 업무 속도가 남들보다 느리게 느껴져도 괜찮습니다. 완성도가 다르습니다.,오후 7시~9시,황소자리는 저녁에 마음이 열립니다. 편안한 분위기에서 나누는 대화가 가장 잘 닿는 타입입니다.
황소자리,직장운,팀 내에서 믿음직한 역할을 맡게 되는 날입니다. 황소자리는 의지가 되는 타입입니다.,오후 7시~9시,황소자리는 저녁에 마음이 열립니다. 편안한 분위기에서 나누는 대화가 가장 잘 닿는 타입입니다.
황소자리,직장운,오늘 루틴 업무에서 안정감을 찾는 날입니다. 익숙한 것들이 오히려 성과를 만들습니다.,오후 7시~9시,황소자리는 저녁에 마음이 열립니다. 편안한 분위기에서 나누는 대화가 가장 잘 닿는 타입입니다.
황소자리,직장운,변화에 저항하고 싶은 마음이 드는 날입니다. 아주 조금만 유연해져도 협업이 훨씬 편해집니다.,오후 7시~9시,황소자리는 저녁에 마음이 열립니다. 편안한 분위기에서 나누는 대화가 가장 잘 닿는 타입입니다.
황소자리,직장운,오늘 맡은 프로젝트에서 황소자리의 끈기가 가장 중요한 자산입니다.,오후 7시~9시,황소자리는 저녁에 마음이 열립니다. 편안한 분위기에서 나누는 대화가 가장 잘 닿는 타입입니다.
황소자리,직장운,세부사항을 꼼꼼히 체크하는 날입니다. 오늘 황소자리가 발견하는 오류가 나중에 큰 문제를 막습니다.,오후 7시~9시,황소자리는 저녁에 마음이 열립니다. 편안한 분위기에서 나누는 대화가 가장 잘 닿는 타입입니다.
황소자리,직장운,상사나 동료에게 신뢰를 쌓는 날입니다. 황소자리는 말보다 결과로 보여주는 타입입니다.,오후 7시~9시,황소자리는 저녁에 마음이 열립니다. 편안한 분위기에서 나누는 대화가 가장 잘 닿는 타입입니다.
황소자리,직장운,오늘 오래 걸리는 작업도 포기하지 말고 계속하시기 바랍니다. 황소자리는 끝에 가서 더 잘하는 타입입니다.,오후 7시~9시,황소자리는 저녁에 마음이 열립니다. 편안한 분위기에서 나누는 대화가 가장 잘 닿는 타입입니다.
황소자리,직장운,새로운 업무 방식을 배울 기회가 생길 수 있습니다. 처음엔 불편해도 결국 더 효율적이 될 것입니다.,오후 7시~9시,황소자리는 저녁에 마음이 열립니다. 편안한 분위기에서 나누는 대화가 가장 잘 닿는 타입입니다.
황소자리,직장운,오늘 업무에서 완성도 높은 결과물을 내는 날입니다. 황소자리의 장점이 그대로 나옵니다.,오후 7시~9시,황소자리는 저녁에 마음이 열립니다. 편안한 분위기에서 나누는 대화가 가장 잘 닿는 타입입니다.
황소자리,직장운,일이 생각보다 잘 풀리는 날입니다. 꾸준히 해온 것들이 오늘 결실을 맺습니다.,오후 7시~9시,황소자리는 저녁에 마음이 열립니다. 편안한 분위기에서 나누는 대화가 가장 잘 닿는 타입입니다.
황소자리,직장운,오늘 동료와의 대화에서 중요한 정보를 얻을 수 있습니다. 귀 기울여 들어보시기 바랍니다.,오후 7시~9시,황소자리는 저녁에 마음이 열립니다. 편안한 분위기에서 나누는 대화가 가장 잘 닿는 타입입니다.
황소자리,직장운,처음에 어렵다고 느꼈던 업무가 오늘 갑자기 쉬워지는 날입니다.,오후 7시~9시,황소자리는 저녁에 마음이 열립니다. 편안한 분위기에서 나누는 대화가 가장 잘 닿는 타입입니다.
황소자리,직장운,오늘 안정적으로 일이 흘러가는 날입니다. 황소자리에게 정확히 맞는 속도의 하루입니다.,오후 7시~9시,황소자리는 저녁에 마음이 열립니다. 편안한 분위기에서 나누는 대화가 가장 잘 닿는 타입입니다.
황소자리,직장운,완벽하게 준비된 후에 시작하고 싶은 마음이 있지만 오늘은 80%에서 시작해도 충분합니다.,오후 7시~9시,황소자리는 저녁에 마음이 열립니다. 편안한 분위기에서 나누는 대화가 가장 잘 닿는 타입입니다.
황소자리,직장운,오늘 감사 인사를 받는 날입니다. 황소자리가 해온 것들이 주변에 영향을 미쳤습니다.,오후 7시~9시,황소자리는 저녁에 마음이 열립니다. 편안한 분위기에서 나누는 대화가 가장 잘 닿는 타입입니다.
황소자리,직장운,업무에서 자신만의 방식을 고집하는 게 오늘 유독 빛나는 날입니다.,오후 7시~9시,황소자리는 저녁에 마음이 열립니다. 편안한 분위기에서 나누는 대화가 가장 잘 닿는 타입입니다.
황소자리,건강운,오늘 맛있는 것을 먹는 날로 써도 됩니다. 황소자리는 먹는 것에서 힘을 얻는 타입입니다. 오늘은 제대로 챙겨 드시기 바랍니다.,오후 7시~9시,황소자리는 저녁에 마음이 열립니다. 편안한 분위기에서 나누는 대화가 가장 잘 닿는 타입입니다.
황소자리,건강운,규칙적인 루틴이 몸에 좋은 날입니다. 황소자리의 꾸준한 습관이 오늘 특히 중요합니다.,오후 7시~9시,황소자리는 저녁에 마음이 열립니다. 편안한 분위기에서 나누는 대화가 가장 잘 닿는 타입입니다.
황소자리,건강운,과식 조심하는 날입니다. 맛있는 것 앞에서 멈추는 것도 황소자리에겐 오늘의 도전입니다.,오후 7시~9시,황소자리는 저녁에 마음이 열립니다. 편안한 분위기에서 나누는 대화가 가장 잘 닿는 타입입니다.
황소자리,건강운,오늘 목과 어깨가 뻣뻣해질 수 있습니다. 스트레칭 한 번 해주시기 바랍니다.,오후 7시~9시,황소자리는 저녁에 마음이 열립니다. 편안한 분위기에서 나누는 대화가 가장 잘 닿는 타입입니다.
황소자리,건강운,충분한 수면이 오늘 가장 중요합니다. 황소자리는 잘 자야 다음날 에너지가 제대로 나오는 타입입니다.,오후 7시~9시,황소자리는 저녁에 마음이 열립니다. 편안한 분위기에서 나누는 대화가 가장 잘 닿는 타입입니다.
황소자리,건강운,오늘 자연 속에서 시간을 보내면 몸과 마음이 회복되는 날입니다.,오후 7시~9시,황소자리는 저녁에 마음이 열립니다. 편안한 분위기에서 나누는 대화가 가장 잘 닿는 타입입니다.
황소자리,건강운,새로운 음식이나 식단을 시도해보기 좋은 날입니다. 황소자리의 미각이 오늘 특히 예민합니다.,오후 7시~9시,황소자리는 저녁에 마음이 열립니다. 편안한 분위기에서 나누는 대화가 가장 잘 닿는 타입입니다.
황소자리,건강운,오늘 몸이 보내는 신호에 귀 기울이시기 바랍니다. 작은 불편함도 무시하지 말고 체크해보시기 바랍니다.,오후 7시~9시,황소자리는 저녁에 마음이 열립니다. 편안한 분위기에서 나누는 대화가 가장 잘 닿는 타입입니다.
황소자리,건강운,스트레스를 맛있는 음식으로 해소하는 패턴을 오늘은 다른 방식으로 바꿔볼 기회입니다.,오후 7시~9시,황소자리는 저녁에 마음이 열립니다. 편안한 분위기에서 나누는 대화가 가장 잘 닿는 타입입니다.
황소자리,건강운,오늘 걷기나 가벼운 스트레칭이 도움이 되는 날입니다. 강도 높은 운동보다 부드러운 움직임이 맞습니다.,오후 7시~9시,황소자리는 저녁에 마음이 열립니다. 편안한 분위기에서 나누는 대화가 가장 잘 닿는 타입입니다.
황소자리,건강운,황소자리는 몸에 좋은 것과 맛있는 것을 함께 찾는 타입입니다. 오늘은 그 균형을 잘 맞춰보시기 바랍니다.,오후 7시~9시,황소자리는 저녁에 마음이 열립니다. 편안한 분위기에서 나누는 대화가 가장 잘 닿는 타입입니다.
황소자리,건강운,체력이 좋은 날입니다. 평소보다 조금 더 활동해도 무리가 없습니다.,오후 7시~9시,황소자리는 저녁에 마음이 열립니다. 편안한 분위기에서 나누는 대화가 가장 잘 닿는 타입입니다.
황소자리,건강운,오늘 소화 기능이 좋은 날입니다. 좋아하는 것을 적당히 즐기시기 바랍니다.,오후 7시~9시,황소자리는 저녁에 마음이 열립니다. 편안한 분위기에서 나누는 대화가 가장 잘 닿는 타입입니다.
황소자리,건강운,황소자리는 변화를 싫어하는 만큼 건강 루틴도 오래 지키는 타입입니다. 오늘 그 루틴을 지키시기 바랍니다.,오후 7시~9시,황소자리는 저녁에 마음이 열립니다. 편안한 분위기에서 나누는 대화가 가장 잘 닿는 타입입니다.
황소자리,건강운,오늘 몸이 쉬고 싶다는 신호를 보낸다면 그 신호에 맞춰 쉬어도 됩니다.,오후 7시~9시,황소자리는 저녁에 마음이 열립니다. 편안한 분위기에서 나누는 대화가 가장 잘 닿는 타입입니다.
황소자리,건강운,오늘 새로운 운동을 시작하기보다 기존 루틴을 더 잘 지키는 것이 황소자리에게 맞습니다.,오후 7시~9시,황소자리는 저녁에 마음이 열립니다. 편안한 분위기에서 나누는 대화가 가장 잘 닿는 타입입니다.
황소자리,건강운,몸이 조금 무겁다면 따뜻한 목욕이나 족욕이 도움이 되는 날입니다.,오후 7시~9시,황소자리는 저녁에 마음이 열립니다. 편안한 분위기에서 나누는 대화가 가장 잘 닿는 타입입니다.
황소자리,건강운,오늘 먹는 것에 감사하는 마음으로 식사해보시기 바랍니다. 황소자리에게 그 경험이 특별한 충전이 됩니다.,오후 7시~9시,황소자리는 저녁에 마음이 열립니다. 편안한 분위기에서 나누는 대화가 가장 잘 닿는 타입입니다.
황소자리,건강운,오늘 과도한 활동보다 안정된 리듬을 유지하는 것이 건강에 더 좋습니다.,오후 7시~9시,황소자리는 저녁에 마음이 열립니다. 편안한 분위기에서 나누는 대화가 가장 잘 닿는 타입입니다.
황소자리,건강운,오늘 감각적인 것에서 회복을 찾는 날입니다. 좋아하는 음악이나 향기 같은 것들이요.,오후 7시~9시,황소자리는 저녁에 마음이 열립니다. 편안한 분위기에서 나누는 대화가 가장 잘 닿는 타입입니다.
황소자리,대인운,황소자리는 신뢰를 쌓는 데 시간이 걸리지만 한번 쌓인 신뢰는 무너지지 않습니다. 오늘 그 신뢰를 다시 확인하는 날입니다.,오후 7시~9시,황소자리는 저녁에 마음이 열립니다. 편안한 분위기에서 나누는 대화가 가장 잘 닿는 타입입니다.
황소자리,대인운,오늘 주변 사람들이 황소자리의 든든함에 기대고 싶어합니다. 그 역할이 오늘 자연스럽게 나옵니다.,오후 7시~9시,황소자리는 저녁에 마음이 열립니다. 편안한 분위기에서 나누는 대화가 가장 잘 닿는 타입입니다.
황소자리,대인운,새로운 사람을 만나기보다 기존 관계를 깊게 하는 날입니다.,오후 7시~9시,황소자리는 저녁에 마음이 열립니다. 편안한 분위기에서 나누는 대화가 가장 잘 닿는 타입입니다.
황소자리,대인운,오늘 누군가와 오랜 대화를 나누기 좋은 날입니다. 황소자리는 진지한 대화에서 연결감을 느끼는 타입입니다.,오후 7시~9시,황소자리는 저녁에 마음이 열립니다. 편안한 분위기에서 나누는 대화가 가장 잘 닿는 타입입니다.
황소자리,대인운,의견 충돌이 생길 수 있습니다. 황소자리의 고집을 조금 내려놓으면 더 좋은 관계가 만들어집니다.,오후 7시~9시,황소자리는 저녁에 마음이 열립니다. 편안한 분위기에서 나누는 대화가 가장 잘 닿는 타입입니다.
황소자리,대인운,오늘 함께 식사하는 것이 가장 좋은 관계 형성 방법입니다. 황소자리답게 맛있는 것을 나눠보시기 바랍니다.,오후 7시~9시,황소자리는 저녁에 마음이 열립니다. 편안한 분위기에서 나누는 대화가 가장 잘 닿는 타입입니다.
황소자리,대인운,오늘 당신이 생각하는 것보다 더 많은 사람들이 황소자리를 신뢰하고 있습니다.,오후 7시~9시,황소자리는 저녁에 마음이 열립니다. 편안한 분위기에서 나누는 대화가 가장 잘 닿는 타입입니다.
황소자리,대인운,"처음 만나는 사람에게 시간을 주시기 바랍니다. 황소자리는 첫 인상이 강하지 않아도 두 번째, 세 번째에서 빛나는 타입입니다.",오후 7시~9시,황소자리는 저녁에 마음이 열립니다. 편안한 분위기에서 나누는 대화가 가장 잘 닿는 타입입니다.
황소자리,대인운,오늘 누군가의 변하지 않는 모습에 안도감을 느끼는 날입니다.,오후 7시~9시,황소자리는 저녁에 마음이 열립니다. 편안한 분위기에서 나누는 대화가 가장 잘 닿는 타입입니다.
황소자리,대인운,관계에서 믿음을 확인하고 싶은 날입니다. 테스트가 아니라 대화로 확인해보시기 바랍니다.,오후 7시~9시,황소자리는 저녁에 마음이 열립니다. 편안한 분위기에서 나누는 대화가 가장 잘 닿는 타입입니다.
황소자리,대인운,오늘 오래 알아온 사람에게서 따뜻한 말을 듣게 될 수 있습니다.,오후 7시~9시,황소자리는 저녁에 마음이 열립니다. 편안한 분위기에서 나누는 대화가 가장 잘 닿는 타입입니다.
황소자리,대인운,황소자리는 관계에서도 꾸준함이 장점입니다. 오늘 그 꾸준함이 빛나는 하루입니다.,오후 7시~9시,황소자리는 저녁에 마음이 열립니다. 편안한 분위기에서 나누는 대화가 가장 잘 닿는 타입입니다.
황소자리,대인운,오늘 조용한 자리에서 나누는 대화가 가장 깊게 연결되는 날입니다.,오후 7시~9시,황소자리는 저녁에 마음이 열립니다. 편안한 분위기에서 나누는 대화가 가장 잘 닿는 타입입니다.
황소자리,대인운,누군가를 위해 뭔가를 해주고 싶은 날입니다. 작은 것이어도 황소자리의 배려는 진심이 느껴집니다.,오후 7시~9시,황소자리는 저녁에 마음이 열립니다. 편안한 분위기에서 나누는 대화가 가장 잘 닿는 타입입니다.
황소자리,대인운,오늘 편안한 사람들과 함께하는 시간이 가장 좋은 재충전입니다.,오후 7시~9시,황소자리는 저녁에 마음이 열립니다. 편안한 분위기에서 나누는 대화가 가장 잘 닿는 타입입니다.
황소자리,대인운,관계에서 내 속도를 지키면서도 상대를 배려하는 균형이 오늘 잘 맞습니다.,오후 7시~9시,황소자리는 저녁에 마음이 열립니다. 편안한 분위기에서 나누는 대화가 가장 잘 닿는 타입입니다.
황소자리,대인운,오늘 주변의 변화가 빠르게 느껴져도 황소자리의 안정감이 주변을 편안하게 합니다.,오후 7시~9시,황소자리는 저녁에 마음이 열립니다. 편안한 분위기에서 나누는 대화가 가장 잘 닿는 타입입니다.
황소자리,대인운,오늘 누군가와 공통 관심사를 발견하는 날입니다. 그 연결이 앞으로도 이어질 것입니다.,오후 7시~9시,황소자리는 저녁에 마음이 열립니다. 편안한 분위기에서 나누는 대화가 가장 잘 닿는 타입입니다.
황소자리,대인운,말보다 행동으로 마음을 전하는 황소자리의 방식이 오늘 가장 잘 전달됩니다.,오후 7시~9시,황소자리는 저녁에 마음이 열립니다. 편안한 분위기에서 나누는 대화가 가장 잘 닿는 타입입니다.
황소자리,대인운,오늘 사람들 사이에서 황소자리의 존재 자체가 안정감입니다.,오후 7시~9시,황소자리는 저녁에 마음이 열립니다. 편안한 분위기에서 나누는 대화가 가장 잘 닿는 타입입니다.
황소자리,행동운,오늘 천천히 해도 되는 날입니다. 서두르지 말고 황소자리답게 확실히 하나씩 해나가면 됩니다.,오후 7시~9시,황소자리는 저녁에 마음이 열립니다. 편안한 분위기에서 나누는 대화가 가장 잘 닿는 타입입니다.
황소자리,행동운,오래 기다려온 것을 지금 시작해도 되는 신호가 오는 날입니다.,오후 7시~9시,황소자리는 저녁에 마음이 열립니다. 편안한 분위기에서 나누는 대화가 가장 잘 닿는 타입입니다.
황소자리,행동운,완벽한 준비보다 지금 시작하는 것이 오늘 더 맞습니다. 황소자리는 시작하면 끝까지 가는 타입이니까요.,오후 7시~9시,황소자리는 저녁에 마음이 열립니다. 편안한 분위기에서 나누는 대화가 가장 잘 닿는 타입입니다.
황소자리,행동운,오늘 몸을 움직이는 게 머리를 정리해줍니다. 산책이나 간단한 청소도 좋습니다.,오후 7시~9시,황소자리는 저녁에 마음이 열립니다. 편안한 분위기에서 나누는 대화가 가장 잘 닿는 타입입니다.
황소자리,행동운,오늘 루틴을 지키는 것이 가장 좋은 행동입니다. 특별한 것보다 꾸준한 것이 황소자리에게 맞습니다.,오후 7시~9시,황소자리는 저녁에 마음이 열립니다. 편안한 분위기에서 나누는 대화가 가장 잘 닿는 타입입니다.
황소자리,행동운,고집스럽게 지켜온 방식이 오늘 결실을 맺는 날입니다.,오후 7시~9시,황소자리는 저녁에 마음이 열립니다. 편안한 분위기에서 나누는 대화가 가장 잘 닿는 타입입니다.
황소자리,행동운,새로운 것을 억지로 시도하지 않아도 되는 날입니다. 익숙한 것에서 최고의 결과를 내보시기 바랍니다.,오후 7시~9시,황소자리는 저녁에 마음이 열립니다. 편안한 분위기에서 나누는 대화가 가장 잘 닿는 타입입니다.
황소자리,행동운,오늘 한 가지 일을 처음부터 끝까지 완성하는 것이 가장 만족스러운 날입니다.,오후 7시~9시,황소자리는 저녁에 마음이 열립니다. 편안한 분위기에서 나누는 대화가 가장 잘 닿는 타입입니다.
황소자리,행동운,결정을 미루고 싶은 마음이 있지만 오늘은 한 가지만 결정해보시기 바랍니다. 황소자리는 결정 후에 더 편해지는 타입입니다.,오후 7시~9시,황소자리는 저녁에 마음이 열립니다. 편안한 분위기에서 나누는 대화가 가장 잘 닿는 타입입니다.
황소자리,행동운,오늘 손으로 만들거나 요리하는 등 감각적인 활동이 만족감을 줍니다.,오후 7시~9시,황소자리는 저녁에 마음이 열립니다. 편안한 분위기에서 나누는 대화가 가장 잘 닿는 타입입니다.
황소자리,행동운,계획대로 움직이는 날입니다. 황소자리의 꼼꼼한 준비가 오늘 그대로 결과로 나옵니다.,오후 7시~9시,황소자리는 저녁에 마음이 열립니다. 편안한 분위기에서 나누는 대화가 가장 잘 닿는 타입입니다.
황소자리,행동운,오늘 주변 정리를 해보시기 바랍니다. 공간이 정리되면 황소자리의 마음도 정리됩니다.,오후 7시~9시,황소자리는 저녁에 마음이 열립니다. 편안한 분위기에서 나누는 대화가 가장 잘 닿는 타입입니다.
황소자리,행동운,해왔던 것을 더 잘 다듬는 날입니다. 새것보다 가진 것을 완성하는 것이 오늘 더 잘 맞습니다.,오후 7시~9시,황소자리는 저녁에 마음이 열립니다. 편안한 분위기에서 나누는 대화가 가장 잘 닿는 타입입니다.
황소자리,행동운,천천히 움직이지만 확실한 방향으로 가는 날입니다. 그게 황소자리의 힘입니다.,오후 7시~9시,황소자리는 저녁에 마음이 열립니다. 편안한 분위기에서 나누는 대화가 가장 잘 닿는 타입입니다.
황소자리,행동운,오늘 미뤄뒀던 것 하나를 완성하는 날로 써보시기 바랍니다. 완성의 기쁨이 다음 행동을 만들습니다.,오후 7시~9시,황소자리는 저녁에 마음이 열립니다. 편안한 분위기에서 나누는 대화가 가장 잘 닿는 타입입니다.
황소자리,행동운,오늘 완성도에 집착하지 말고 일단 80%에서 마무리 짓는 연습을 해보시기 바랍니다.,오후 7시~9시,황소자리는 저녁에 마음이 열립니다. 편안한 분위기에서 나누는 대화가 가장 잘 닿는 타입입니다.
황소자리,행동운,행동하기 전에 충분히 생각하는 황소자리의 방식이 오늘 빛나는 날입니다.,오후 7시~9시,황소자리는 저녁에 마음이 열립니다. 편안한 분위기에서 나누는 대화가 가장 잘 닿는 타입입니다.
황소자리,행동운,오늘 할 일 목록을 작성해보시기 바랍니다. 황소자리는 목록이 있을 때 더 잘 움직이는 타입입니다.,오후 7시~9시,황소자리는 저녁에 마음이 열립니다. 편안한 분위기에서 나누는 대화가 가장 잘 닿는 타입입니다.
황소자리,행동운,꾸준히 해온 것들이 오늘 눈에 보이는 결과로 나타나는 날입니다.,오후 7시~9시,황소자리는 저녁에 마음이 열립니다. 편안한 분위기에서 나누는 대화가 가장 잘 닿는 타입입니다.
황소자리,행동운,"오늘 작은 것이라도 완성하는 것, 그게 황소자리에게 가장 좋은 하루입니다.",오후 7시~9시,황소자리는 저녁에 마음이 열립니다. 편안한 분위기에서 나누는 대화가 가장 잘 닿는 타입입니다.
쌍둥이자리,총운,머릿속에 생각이 열 개쯤 동시에 돌아가고 있습니까? 그게 쌍둥이자리의 일상입니다. 오늘은 그 중에서 정확히 두 개만 골라보시기 바랍니다. 나머지는 내일 꺼내도 사라지지 않습니다.,오전 10시~12시,쌍둥이자리는 오전 중반이 말이 잘 나오는 시간입니다. 이 시간대 연락이 가장 자연스럽게 이어집니다.
쌍둥이자리,총운,오늘 새로운 정보가 쏟아지는 날입니다. 쌍둥이자리는 정보 수집이 빠른 타입인데 오늘 특히 그 능력이 빛습니다.,오전 10시~12시,쌍둥이자리는 오전 중반이 말이 잘 나오는 시간입니다. 이 시간대 연락이 가장 자연스럽게 이어집니다.
쌍둥이자리,총운,변화가 자연스럽게 받아들여지는 날입니다. 쌍둥이자리답게 유연하게 흘러가보시기 바랍니다.,오전 10시~12시,쌍둥이자리는 오전 중반이 말이 잘 나오는 시간입니다. 이 시간대 연락이 가장 자연스럽게 이어집니다.
쌍둥이자리,총운,오늘 말이 술술 나오는 날입니다. 표현하고 싶었던 것들을 꺼내기 좋은 날입니다.,오전 10시~12시,쌍둥이자리는 오전 중반이 말이 잘 나오는 시간입니다. 이 시간대 연락이 가장 자연스럽게 이어집니다.
쌍둥이자리,총운,여러 방향을 동시에 탐색하고 싶은 날입니다. 오늘은 그 탐색을 즐기되 하나에서 결과를 내보시기 바랍니다.,오전 10시~12시,쌍둥이자리는 오전 중반이 말이 잘 나오는 시간입니다. 이 시간대 연락이 가장 자연스럽게 이어집니다.
쌍둥이자리,총운,오늘 집중이 잘 안 된다면 환경을 바꿔보시기 바랍니다. 쌍둥이자리는 환경 변화에 예민하게 반응하는 타입입니다.,오전 10시~12시,쌍둥이자리는 오전 중반이 말이 잘 나오는 시간입니다. 이 시간대 연락이 가장 자연스럽게 이어집니다.
쌍둥이자리,총운,아이디어가 넘치는 날입니다. 메모해두시기 바랍니다. 쌍둥이자리의 아이디어는 잊히기 쉬워요.,오전 10시~12시,쌍둥이자리는 오전 중반이 말이 잘 나오는 시간입니다. 이 시간대 연락이 가장 자연스럽게 이어집니다.
쌍둥이자리,총운,오늘 호기심이 당기는 방향으로 가보시기 바랍니다. 쌍둥이자리는 그 호기심에서 답을 찾는 타입입니다.,오전 10시~12시,쌍둥이자리는 오전 중반이 말이 잘 나오는 시간입니다. 이 시간대 연락이 가장 자연스럽게 이어집니다.
쌍둥이자리,총운,집중력이 올라오는 날입니다. 쌍둥이자리에게 드문 흐름이니 이 타이밍을 잘 쓰시기 바랍니다.,오전 10시~12시,쌍둥이자리는 오전 중반이 말이 잘 나오는 시간입니다. 이 시간대 연락이 가장 자연스럽게 이어집니다.
쌍둥이자리,총운,오늘 말보다 행동이 먼저인 날입니다. 쌍둥이자리는 말이 앞서는 타입인데 오늘은 해보고 말합니다.,오전 10시~12시,쌍둥이자리는 오전 중반이 말이 잘 나오는 시간입니다. 이 시간대 연락이 가장 자연스럽게 이어집니다.
쌍둥이자리,총운,다양한 관심사 중에서 오늘 하나를 깊게 파고드는 날로 써보시기 바랍니다. 쌍둥이자리의 지식이 깊어지는 날입니다.,오전 10시~12시,쌍둥이자리는 오전 중반이 말이 잘 나오는 시간입니다. 이 시간대 연락이 가장 자연스럽게 이어집니다.
쌍둥이자리,총운,오늘 변덕이 장점이 되는 날입니다. 유연하게 방향을 바꾸는 능력이 오늘 강점입니다.,오전 10시~12시,쌍둥이자리는 오전 중반이 말이 잘 나오는 시간입니다. 이 시간대 연락이 가장 자연스럽게 이어집니다.
쌍둥이자리,총운,생각이 정리되는 날입니다. 복잡했던 것들이 오늘 갑자기 명확해질 수 있습니다.,오전 10시~12시,쌍둥이자리는 오전 중반이 말이 잘 나오는 시간입니다. 이 시간대 연락이 가장 자연스럽게 이어집니다.
쌍둥이자리,총운,오늘 글쓰기나 말하기에서 특히 잘 표현되는 날입니다. 쌍둥이자리의 언어 능력이 빛습니다.,오전 10시~12시,쌍둥이자리는 오전 중반이 말이 잘 나오는 시간입니다. 이 시간대 연락이 가장 자연스럽게 이어집니다.
쌍둥이자리,총운,여러 가지를 동시에 해도 오늘은 비교적 잘 되는 날입니다. 멀티태스킹이 오늘 먹히는 흐름입니다.,오전 10시~12시,쌍둥이자리는 오전 중반이 말이 잘 나오는 시간입니다. 이 시간대 연락이 가장 자연스럽게 이어집니다.
쌍둥이자리,총운,오늘 배움에서 즐거움을 찾는 날입니다. 새로운 것을 알아가는 과정이 에너지가 됩니다.,오전 10시~12시,쌍둥이자리는 오전 중반이 말이 잘 나오는 시간입니다. 이 시간대 연락이 가장 자연스럽게 이어집니다.
쌍둥이자리,총운,잠깐 멈추고 정리하는 시간이 필요한 날입니다. 쌍둥이자리도 가끔 내려놓아야 합니다.,오전 10시~12시,쌍둥이자리는 오전 중반이 말이 잘 나오는 시간입니다. 이 시간대 연락이 가장 자연스럽게 이어집니다.
쌍둥이자리,총운,오늘 직감보다 논리가 더 잘 작동하는 날입니다. 데이터와 정보로 판단해보시기 바랍니다.,오전 10시~12시,쌍둥이자리는 오전 중반이 말이 잘 나오는 시간입니다. 이 시간대 연락이 가장 자연스럽게 이어집니다.
쌍둥이자리,총운,두 가지 선택지 앞에서 고민 중이라면 오늘은 그냥 골라도 괜찮습니다. 쌍둥이자리는 어떤 선택이든 잘 해내는 타입입니다.,오전 10시~12시,쌍둥이자리는 오전 중반이 말이 잘 나오는 시간입니다. 이 시간대 연락이 가장 자연스럽게 이어집니다.
쌍둥이자리,총운,오늘 쌍둥이자리의 재치와 유머가 주변을 밝히는 날입니다.,오전 10시~12시,쌍둥이자리는 오전 중반이 말이 잘 나오는 시간입니다. 이 시간대 연락이 가장 자연스럽게 이어집니다.
쌍둥이자리,애정운,"말이 잘 나오는 날입니다. 오늘 하고 싶었던 말을 꺼내기 정확히 좋습니다. 단, 너무 많이 말하지 말고 핵심만 전달해보시기 바랍니다.",오전 10시~12시,쌍둥이자리는 오전 중반이 말이 잘 나오는 시간입니다. 이 시간대 연락이 가장 자연스럽게 이어집니다.
쌍둥이자리,애정운,대화로 시작하는 새로운 연결이 생길 수 있는 날입니다. 쌍둥이자리는 말로 마음을 여는 타입입니다.,오전 10시~12시,쌍둥이자리는 오전 중반이 말이 잘 나오는 시간입니다. 이 시간대 연락이 가장 자연스럽게 이어집니다.
쌍둥이자리,애정운,오늘 상대방이 쌍둥이자리의 속도를 따라오기 힘들 수 있습니다. 조금 천천히 가보시기 바랍니다.,오전 10시~12시,쌍둥이자리는 오전 중반이 말이 잘 나오는 시간입니다. 이 시간대 연락이 가장 자연스럽게 이어집니다.
쌍둥이자리,애정운,지루함이 느껴진다면 새로운 주제로 대화를 시도해보시기 바랍니다. 쌍둥이자리는 자극이 있어야 설레는 타입입니다.,오전 10시~12시,쌍둥이자리는 오전 중반이 말이 잘 나오는 시간입니다. 이 시간대 연락이 가장 자연스럽게 이어집니다.
쌍둥이자리,애정운,오늘 짧고 재미있는 메시지 하나가 관계를 환기시켜줄 수 있습니다.,오전 10시~12시,쌍둥이자리는 오전 중반이 말이 잘 나오는 시간입니다. 이 시간대 연락이 가장 자연스럽게 이어집니다.
쌍둥이자리,애정운,여러 사람과 교류하고 싶은 날입니다. 연인에게도 그 활기찬 면을 보여주시기 바랍니다.,오전 10시~12시,쌍둥이자리는 오전 중반이 말이 잘 나오는 시간입니다. 이 시간대 연락이 가장 자연스럽게 이어집니다.
쌍둥이자리,애정운,오늘 상대의 말 한마디가 오래 남을 수 있습니다. 좋은 방향이든 신경 쓰이는 방향이든 한번 생각해보시기 바랍니다.,오전 10시~12시,쌍둥이자리는 오전 중반이 말이 잘 나오는 시간입니다. 이 시간대 연락이 가장 자연스럽게 이어집니다.
쌍둥이자리,애정운,감정을 말로 표현하는 게 쌍둥이자리의 강점인데 오늘 그 표현이 특히 잘 전달되는 날입니다.,오전 10시~12시,쌍둥이자리는 오전 중반이 말이 잘 나오는 시간입니다. 이 시간대 연락이 가장 자연스럽게 이어집니다.
쌍둥이자리,애정운,새로운 사람과의 가벼운 대화가 예상치 못한 설렘이 될 수 있는 날입니다.,오전 10시~12시,쌍둥이자리는 오전 중반이 말이 잘 나오는 시간입니다. 이 시간대 연락이 가장 자연스럽게 이어집니다.
쌍둥이자리,애정운,오늘 진지한 감정보다 가벼운 유머가 관계를 더 부드럽게 합니다.,오전 10시~12시,쌍둥이자리는 오전 중반이 말이 잘 나오는 시간입니다. 이 시간대 연락이 가장 자연스럽게 이어집니다.
쌍둥이자리,애정운,연락이 오길 기다리는 것보다 먼저 보내는 게 오늘 더 잘 맞습니다.,오전 10시~12시,쌍둥이자리는 오전 중반이 말이 잘 나오는 시간입니다. 이 시간대 연락이 가장 자연스럽게 이어집니다.
쌍둥이자리,애정운,오늘 상대방의 다른 면을 발견하는 날입니다. 쌍둥이자리의 관찰력이 오늘 인상적인 것을 잡아내요.,오전 10시~12시,쌍둥이자리는 오전 중반이 말이 잘 나오는 시간입니다. 이 시간대 연락이 가장 자연스럽게 이어집니다.
쌍둥이자리,애정운,관계에서 솔직한 대화가 필요하다면 오늘이 타이밍입니다.,오전 10시~12시,쌍둥이자리는 오전 중반이 말이 잘 나오는 시간입니다. 이 시간대 연락이 가장 자연스럽게 이어집니다.
쌍둥이자리,애정운,오늘 연애보다 우정이 따뜻한 날입니다. 친한 친구와 재미있는 시간을 보내보시기 바랍니다.,오전 10시~12시,쌍둥이자리는 오전 중반이 말이 잘 나오는 시간입니다. 이 시간대 연락이 가장 자연스럽게 이어집니다.
쌍둥이자리,애정운,말이 너무 많아지는 날입니다. 오늘은 듣는 것도 연습해보시기 바랍니다. 상대가 더 편안해질 것입니다.,오전 10시~12시,쌍둥이자리는 오전 중반이 말이 잘 나오는 시간입니다. 이 시간대 연락이 가장 자연스럽게 이어집니다.
쌍둥이자리,애정운,오늘 쌍둥이자리의 유머 감각이 상대방을 웃게 만드는 날입니다.,오전 10시~12시,쌍둥이자리는 오전 중반이 말이 잘 나오는 시간입니다. 이 시간대 연락이 가장 자연스럽게 이어집니다.
쌍둥이자리,애정운,두 가지 마음 사이에서 고민 중이라면 오늘 한쪽을 선택해보시기 바랍니다.,오전 10시~12시,쌍둥이자리는 오전 중반이 말이 잘 나오는 시간입니다. 이 시간대 연락이 가장 자연스럽게 이어집니다.
쌍둥이자리,애정운,오늘 가볍게 시작한 대화가 깊은 연결로 이어지는 날입니다.,오전 10시~12시,쌍둥이자리는 오전 중반이 말이 잘 나오는 시간입니다. 이 시간대 연락이 가장 자연스럽게 이어집니다.
쌍둥이자리,애정운,상대방에게 새로운 것을 추천하거나 소개해주는 게 오늘 관계를 가까워지게 합니다.,오전 10시~12시,쌍둥이자리는 오전 중반이 말이 잘 나오는 시간입니다. 이 시간대 연락이 가장 자연스럽게 이어집니다.
쌍둥이자리,애정운,쌍둥이자리의 다양한 면을 오늘 솔직하게 보여줘도 괜찮습니다. 있는 그대로가 매력입니다.,오전 10시~12시,쌍둥이자리는 오전 중반이 말이 잘 나오는 시간입니다. 이 시간대 연락이 가장 자연스럽게 이어집니다.
쌍둥이자리,금전운,"정보를 빠르게 모으는 오늘, 금전 관련 유용한 정보도 들어올 수 있습니다. 바로 실행은 말고 검토해보시기 바랍니다.",오전 10시~12시,쌍둥이자리는 오전 중반이 말이 잘 나오는 시간입니다. 이 시간대 연락이 가장 자연스럽게 이어집니다.
쌍둥이자리,금전운,오늘 충동구매보다 비교 구매가 맞는 날입니다. 쌍둥이자리는 정보를 잘 모으니 더 좋은 선택을 할 수 있습니다.,오전 10시~12시,쌍둥이자리는 오전 중반이 말이 잘 나오는 시간입니다. 이 시간대 연락이 가장 자연스럽게 이어집니다.
쌍둥이자리,금전운,새로운 수입 아이디어가 떠오르는 날입니다. 글이나 말로 돈을 버는 방향이 쌍둥이자리에게 잘 맞습니다.,오전 10시~12시,쌍둥이자리는 오전 중반이 말이 잘 나오는 시간입니다. 이 시간대 연락이 가장 자연스럽게 이어집니다.
쌍둥이자리,금전운,오늘 금전 계획을 세우기 좋은 날입니다. 두 가지 방안을 놓고 비교해보시기 바랍니다.,오전 10시~12시,쌍둥이자리는 오전 중반이 말이 잘 나오는 시간입니다. 이 시간대 연락이 가장 자연스럽게 이어집니다.
쌍둥이자리,금전운,지출이 다양한 방향으로 흩어지는 날입니다. 오늘은 한 카테고리에서만 써보는 연습을 해보시기 바랍니다.,오전 10시~12시,쌍둥이자리는 오전 중반이 말이 잘 나오는 시간입니다. 이 시간대 연락이 가장 자연스럽게 이어집니다.
쌍둥이자리,금전운,오늘 투자 정보를 접할 수 있습니다. 쌍둥이자리는 분석은 빠른데 결정이 늦을 수 있습니다. 기한을 정해서 결정해보시기 바랍니다.,오전 10시~12시,쌍둥이자리는 오전 중반이 말이 잘 나오는 시간입니다. 이 시간대 연락이 가장 자연스럽게 이어집니다.
쌍둥이자리,금전운,예상치 못한 작은 수입이 생기는 날입니다.,오전 10시~12시,쌍둥이자리는 오전 중반이 말이 잘 나오는 시간입니다. 이 시간대 연락이 가장 자연스럽게 이어집니다.
쌍둥이자리,금전운,오늘 금전 관련 서류나 계약을 꼼꼼히 확인하는 날입니다.,오전 10시~12시,쌍둥이자리는 오전 중반이 말이 잘 나오는 시간입니다. 이 시간대 연락이 가장 자연스럽게 이어집니다.
쌍둥이자리,금전운,여러 가지 금전 방안을 동시에 고려하고 있다면 오늘 하나로 좁혀보시기 바랍니다.,오전 10시~12시,쌍둥이자리는 오전 중반이 말이 잘 나오는 시간입니다. 이 시간대 연락이 가장 자연스럽게 이어집니다.
쌍둥이자리,금전운,오늘 쓰는 것보다 버는 것에 더 집중하기 좋은 날입니다.,오전 10시~12시,쌍둥이자리는 오전 중반이 말이 잘 나오는 시간입니다. 이 시간대 연락이 가장 자연스럽게 이어집니다.
쌍둥이자리,금전운,소소하지만 현명한 소비를 하는 날입니다. 쌍둥이자리의 정보력이 좋은 선택을 만들습니다.,오전 10시~12시,쌍둥이자리는 오전 중반이 말이 잘 나오는 시간입니다. 이 시간대 연락이 가장 자연스럽게 이어집니다.
쌍둥이자리,금전운,오늘 누군가와 금전 관련 아이디어를 나눠보시기 바랍니다. 쌍둥이자리는 대화에서 좋은 아이디어가 나오는 타입입니다.,오전 10시~12시,쌍둥이자리는 오전 중반이 말이 잘 나오는 시간입니다. 이 시간대 연락이 가장 자연스럽게 이어집니다.
쌍둥이자리,금전운,오래된 구독이나 자동결제를 정리하기 좋은 날입니다.,오전 10시~12시,쌍둥이자리는 오전 중반이 말이 잘 나오는 시간입니다. 이 시간대 연락이 가장 자연스럽게 이어집니다.
쌍둥이자리,금전운,오늘 금전보다 시간을 어떻게 쓸지가 더 중요한 날입니다.,오전 10시~12시,쌍둥이자리는 오전 중반이 말이 잘 나오는 시간입니다. 이 시간대 연락이 가장 자연스럽게 이어집니다.
쌍둥이자리,금전운,새로운 재테크 방식에 관심이 생기는 날입니다. 공부부터 시작해보시기 바랍니다.,오전 10시~12시,쌍둥이자리는 오전 중반이 말이 잘 나오는 시간입니다. 이 시간대 연락이 가장 자연스럽게 이어집니다.
쌍둥이자리,금전운,오늘 금전 스트레스가 있다면 숫자로 정리해보시기 바랍니다. 보이면 해결책도 보여요.,오전 10시~12시,쌍둥이자리는 오전 중반이 말이 잘 나오는 시간입니다. 이 시간대 연락이 가장 자연스럽게 이어집니다.
쌍둥이자리,금전운,쌍둥이자리의 네트워크가 금전 기회로 이어지는 날입니다.,오전 10시~12시,쌍둥이자리는 오전 중반이 말이 잘 나오는 시간입니다. 이 시간대 연락이 가장 자연스럽게 이어집니다.
쌍둥이자리,금전운,오늘 작은 금액이라도 저축하는 습관을 시작하기 좋은 날입니다.,오전 10시~12시,쌍둥이자리는 오전 중반이 말이 잘 나오는 시간입니다. 이 시간대 연락이 가장 자연스럽게 이어집니다.
쌍둥이자리,금전운,비용 절감 아이디어가 떠오르는 날입니다. 쌍둥이자리의 창의성이 여기서도 써먹혀요.,오전 10시~12시,쌍둥이자리는 오전 중반이 말이 잘 나오는 시간입니다. 이 시간대 연락이 가장 자연스럽게 이어집니다.
쌍둥이자리,금전운,오늘 돈에 대한 생각을 정리하는 시간을 가져보시기 바랍니다. 가치관을 명확히 하는 것이 소비를 바꿔요.,오전 10시~12시,쌍둥이자리는 오전 중반이 말이 잘 나오는 시간입니다. 이 시간대 연락이 가장 자연스럽게 이어집니다.
쌍둥이자리,직장운,오늘 소통에서 능력이 빛나는 날입니다. 프레젠테이션이나 발표가 있다면 오늘 최고의 퍼포먼스를 낼 수 있습니다.,오전 10시~12시,쌍둥이자리는 오전 중반이 말이 잘 나오는 시간입니다. 이 시간대 연락이 가장 자연스럽게 이어집니다.
쌍둥이자리,직장운,멀티태스킹이 잘 되는 날입니다. 여러 업무를 동시에 처리해도 비교적 잘 돌아가는 흐름입니다.,오전 10시~12시,쌍둥이자리는 오전 중반이 말이 잘 나오는 시간입니다. 이 시간대 연락이 가장 자연스럽게 이어집니다.
쌍둥이자리,직장운,새로운 프로젝트나 아이디어 제안이 잘 받아들여지는 날입니다.,오전 10시~12시,쌍둥이자리는 오전 중반이 말이 잘 나오는 시간입니다. 이 시간대 연락이 가장 자연스럽게 이어집니다.
쌍둥이자리,직장운,집중이 흩어지는 날입니다. 중요한 업무를 먼저 끝내고 나머지를 처리하는 순서가 필요합니다.,오전 10시~12시,쌍둥이자리는 오전 중반이 말이 잘 나오는 시간입니다. 이 시간대 연락이 가장 자연스럽게 이어집니다.
쌍둥이자리,직장운,오늘 팀 내 소통에서 쌍둥이자리의 유연성이 빛나는 날입니다.,오전 10시~12시,쌍둥이자리는 오전 중반이 말이 잘 나오는 시간입니다. 이 시간대 연락이 가장 자연스럽게 이어집니다.
쌍둥이자리,직장운,업무 중 새로운 방식을 발견하는 날입니다. 기존 방식보다 훨씬 효율적인 것을 찾을 수 있습니다.,오전 10시~12시,쌍둥이자리는 오전 중반이 말이 잘 나오는 시간입니다. 이 시간대 연락이 가장 자연스럽게 이어집니다.
쌍둥이자리,직장운,오늘 말로 설득해야 하는 상황에서 쌍둥이자리가 가장 잘 합니다.,오전 10시~12시,쌍둥이자리는 오전 중반이 말이 잘 나오는 시간입니다. 이 시간대 연락이 가장 자연스럽게 이어집니다.
쌍둥이자리,직장운,여러 역할을 동시에 해야 하는 상황이 생길 수 있습니다. 쌍둥이자리는 이 상황에서 강합니다.,오전 10시~12시,쌍둥이자리는 오전 중반이 말이 잘 나오는 시간입니다. 이 시간대 연락이 가장 자연스럽게 이어집니다.
쌍둥이자리,직장운,오늘 창의적인 문제 해결이 필요한 과제가 주어질 수 있습니다. 쌍둥이자리의 아이디어로 풀어보시기 바랍니다.,오전 10시~12시,쌍둥이자리는 오전 중반이 말이 잘 나오는 시간입니다. 이 시간대 연락이 가장 자연스럽게 이어집니다.
쌍둥이자리,직장운,업무 마무리가 어려운 날입니다. 끝내는 것에 집중하는 날로 써보시기 바랍니다.,오전 10시~12시,쌍둥이자리는 오전 중반이 말이 잘 나오는 시간입니다. 이 시간대 연락이 가장 자연스럽게 이어집니다.
쌍둥이자리,직장운,오늘 네트워킹이나 새로운 연결이 업무에서 도움이 되는 날입니다.,오전 10시~12시,쌍둥이자리는 오전 중반이 말이 잘 나오는 시간입니다. 이 시간대 연락이 가장 자연스럽게 이어집니다.
쌍둥이자리,직장운,빠른 판단이 필요한 상황에서 쌍둥이자리의 능력이 발휘되는 날입니다.,오전 10시~12시,쌍둥이자리는 오전 중반이 말이 잘 나오는 시간입니다. 이 시간대 연락이 가장 자연스럽게 이어집니다.
쌍둥이자리,직장운,오늘 글쓰기나 기획 업무에서 특히 좋은 결과가 나오는 날입니다.,오전 10시~12시,쌍둥이자리는 오전 중반이 말이 잘 나오는 시간입니다. 이 시간대 연락이 가장 자연스럽게 이어집니다.
쌍둥이자리,직장운,주의가 산만해지기 쉬운 날입니다. 핸드폰이나 알림을 잠시 끄고 집중해보시기 바랍니다.,오전 10시~12시,쌍둥이자리는 오전 중반이 말이 잘 나오는 시간입니다. 이 시간대 연락이 가장 자연스럽게 이어집니다.
쌍둥이자리,직장운,오늘 동료와의 대화에서 중요한 업무 힌트를 얻을 수 있습니다.,오전 10시~12시,쌍둥이자리는 오전 중반이 말이 잘 나오는 시간입니다. 이 시간대 연락이 가장 자연스럽게 이어집니다.
쌍둥이자리,직장운,새로운 기술이나 도구를 배우기 좋은 날입니다. 쌍둥이자리는 학습 속도가 빠른 타입입니다.,오전 10시~12시,쌍둥이자리는 오전 중반이 말이 잘 나오는 시간입니다. 이 시간대 연락이 가장 자연스럽게 이어집니다.
쌍둥이자리,직장운,오늘 말 한마디로 분위기가 바뀌는 날입니다. 쌍둥이자리의 언어가 오늘 특히 영향력이 있습니다.,오전 10시~12시,쌍둥이자리는 오전 중반이 말이 잘 나오는 시간입니다. 이 시간대 연락이 가장 자연스럽게 이어집니다.
쌍둥이자리,직장운,여러 프로젝트 중 우선순위를 정하는 날입니다. 모두 다 하려다 아무것도 못 끝내는 패턴 주의합니다.,오전 10시~12시,쌍둥이자리는 오전 중반이 말이 잘 나오는 시간입니다. 이 시간대 연락이 가장 자연스럽게 이어집니다.
쌍둥이자리,직장운,오늘 창의성이 필요한 자리에서 쌍둥이자리가 빛나는 날입니다.,오전 10시~12시,쌍둥이자리는 오전 중반이 말이 잘 나오는 시간입니다. 이 시간대 연락이 가장 자연스럽게 이어집니다.
쌍둥이자리,직장운,마감 전 집중력이 올라오는 쌍둥이자리의 특성이 오늘 발휘되는 날입니다.,오전 10시~12시,쌍둥이자리는 오전 중반이 말이 잘 나오는 시간입니다. 이 시간대 연락이 가장 자연스럽게 이어집니다.
쌍둥이자리,건강운,머리를 너무 많이 쓰는 날입니다. 과호흡이나 두통이 생길 수 있으니 중간중간 눈 감고 쉬어보시기 바랍니다.,오전 10시~12시,쌍둥이자리는 오전 중반이 말이 잘 나오는 시간입니다. 이 시간대 연락이 가장 자연스럽게 이어집니다.
쌍둥이자리,건강운,오늘 몸보다 뇌가 먼저 지치는 날입니다. 자극적인 것들을 줄이고 조용한 시간을 가져보시기 바랍니다.,오전 10시~12시,쌍둥이자리는 오전 중반이 말이 잘 나오는 시간입니다. 이 시간대 연락이 가장 자연스럽게 이어집니다.
쌍둥이자리,건강운,규칙적인 식사가 오늘 특히 중요합니다. 쌍둥이자리는 바쁘면 끼니를 거르는 타입입니다.,오전 10시~12시,쌍둥이자리는 오전 중반이 말이 잘 나오는 시간입니다. 이 시간대 연락이 가장 자연스럽게 이어집니다.
쌍둥이자리,건강운,신선한 공기가 도움이 되는 날입니다. 짧게라도 밖에 나가보시기 바랍니다.,오전 10시~12시,쌍둥이자리는 오전 중반이 말이 잘 나오는 시간입니다. 이 시간대 연락이 가장 자연스럽게 이어집니다.
쌍둥이자리,건강운,오늘 수면 질을 높이는 것이 내일의 에너지를 만들습니다. 잠들기 전 디지털 기기를 멀리해보시기 바랍니다.,오전 10시~12시,쌍둥이자리는 오전 중반이 말이 잘 나오는 시간입니다. 이 시간대 연락이 가장 자연스럽게 이어집니다.
쌍둥이자리,건강운,"쌍둥이자리는 손을 쓰는 활동이 뇌를 쉬게 합니다. 글쓰기, 그림, 요리 같은 것을 해보시기 바랍니다.",오전 10시~12시,쌍둥이자리는 오전 중반이 말이 잘 나오는 시간입니다. 이 시간대 연락이 가장 자연스럽게 이어집니다.
쌍둥이자리,건강운,오늘 카페인을 줄이고 물을 더 마시는 날로 해보시기 바랍니다.,오전 10시~12시,쌍둥이자리는 오전 중반이 말이 잘 나오는 시간입니다. 이 시간대 연락이 가장 자연스럽게 이어집니다.
쌍둥이자리,건강운,가벼운 스트레칭으로 하루를 시작하면 오늘 하루 전체 흐름이 달라집니다.,오전 10시~12시,쌍둥이자리는 오전 중반이 말이 잘 나오는 시간입니다. 이 시간대 연락이 가장 자연스럽게 이어집니다.
쌍둥이자리,건강운,신경이 예민해지기 쉬운 날입니다. 오늘은 조용한 환경에서 일하거나 이어폰을 활용해보시기 바랍니다.,오전 10시~12시,쌍둥이자리는 오전 중반이 말이 잘 나오는 시간입니다. 이 시간대 연락이 가장 자연스럽게 이어집니다.
쌍둥이자리,건강운,오늘 몸이 피로 신호를 보내고 있습니다. 쌍둥이자리는 무시하는 타입인데 오늘은 들어주시기 바랍니다.,오전 10시~12시,쌍둥이자리는 오전 중반이 말이 잘 나오는 시간입니다. 이 시간대 연락이 가장 자연스럽게 이어집니다.
쌍둥이자리,건강운,새로운 운동을 시도하기 좋은 날입니다. 쌍둥이자리는 지루하지 않은 운동이 맞습니다.,오전 10시~12시,쌍둥이자리는 오전 중반이 말이 잘 나오는 시간입니다. 이 시간대 연락이 가장 자연스럽게 이어집니다.
쌍둥이자리,건강운,오늘 정보 과부하를 조심하시기 바랍니다. SNS나 뉴스에서 잠시 벗어나는 것이 뇌 건강에 좋습니다.,오전 10시~12시,쌍둥이자리는 오전 중반이 말이 잘 나오는 시간입니다. 이 시간대 연락이 가장 자연스럽게 이어집니다.
쌍둥이자리,건강운,손목이나 목 결림이 생기기 쉬운 날입니다. 자세 점검해보시기 바랍니다.,오전 10시~12시,쌍둥이자리는 오전 중반이 말이 잘 나오는 시간입니다. 이 시간대 연락이 가장 자연스럽게 이어집니다.
쌍둥이자리,건강운,오늘 에너지가 고르지 않습니다. 오전에 집중하고 오후에 여유를 두는 흐름이 맞습니다.,오전 10시~12시,쌍둥이자리는 오전 중반이 말이 잘 나오는 시간입니다. 이 시간대 연락이 가장 자연스럽게 이어집니다.
쌍둥이자리,건강운,몸보다 마음이 먼저 쉬고 싶은 날입니다. 생각을 비우는 시간을 잠깐 가져보시기 바랍니다.,오전 10시~12시,쌍둥이자리는 오전 중반이 말이 잘 나오는 시간입니다. 이 시간대 연락이 가장 자연스럽게 이어집니다.
쌍둥이자리,건강운,다양한 운동 루틴을 시도하는 것이 쌍둥이자리에게 잘 맞습니다. 오늘 새로운 것을 하나 해보시기 바랍니다.,오전 10시~12시,쌍둥이자리는 오전 중반이 말이 잘 나오는 시간입니다. 이 시간대 연락이 가장 자연스럽게 이어집니다.
쌍둥이자리,건강운,오늘 음식에서도 다양함을 즐기는 날입니다. 새로운 메뉴 시도해보시기 바랍니다.,오전 10시~12시,쌍둥이자리는 오전 중반이 말이 잘 나오는 시간입니다. 이 시간대 연락이 가장 자연스럽게 이어집니다.
쌍둥이자리,건강운,집중력이 흐트러질 때 잠깐 명상이나 호흡 연습이 도움이 되는 날입니다.,오전 10시~12시,쌍둥이자리는 오전 중반이 말이 잘 나오는 시간입니다. 이 시간대 연락이 가장 자연스럽게 이어집니다.
쌍둥이자리,건강운,오늘 수면이 부족하다면 낮에 짧은 휴식을 취해보시기 바랍니다.,오전 10시~12시,쌍둥이자리는 오전 중반이 말이 잘 나오는 시간입니다. 이 시간대 연락이 가장 자연스럽게 이어집니다.
쌍둥이자리,건강운,쌍둥이자리의 활발한 에너지를 신체 활동으로 건강하게 발산하는 날입니다.,오전 10시~12시,쌍둥이자리는 오전 중반이 말이 잘 나오는 시간입니다. 이 시간대 연락이 가장 자연스럽게 이어집니다.
쌍둥이자리,대인운,오늘 새로운 사람을 만나기 좋은 날입니다. 쌍둥이자리는 첫 대화에서 빛나는 타입입니다.,오전 10시~12시,쌍둥이자리는 오전 중반이 말이 잘 나오는 시간입니다. 이 시간대 연락이 가장 자연스럽게 이어집니다.
쌍둥이자리,대인운,다양한 사람들과 교류하고 싶은 날입니다. 그 에너지를 편하게 써도 되는 날입니다.,오전 10시~12시,쌍둥이자리는 오전 중반이 말이 잘 나오는 시간입니다. 이 시간대 연락이 가장 자연스럽게 이어집니다.
쌍둥이자리,대인운,오늘 주변 사람들이 쌍둥이자리의 말에 귀를 기울이는 날입니다.,오전 10시~12시,쌍둥이자리는 오전 중반이 말이 잘 나오는 시간입니다. 이 시간대 연락이 가장 자연스럽게 이어집니다.
쌍둥이자리,대인운,오래된 친구와 재미있는 대화를 나누기 좋은 날입니다.,오전 10시~12시,쌍둥이자리는 오전 중반이 말이 잘 나오는 시간입니다. 이 시간대 연락이 가장 자연스럽게 이어집니다.
쌍둥이자리,대인운,오늘 당신의 가벼운 유머가 주변 분위기를 밝게 만들습니다.,오전 10시~12시,쌍둥이자리는 오전 중반이 말이 잘 나오는 시간입니다. 이 시간대 연락이 가장 자연스럽게 이어집니다.
쌍둥이자리,대인운,말이 너무 많아지는 날입니다. 오늘은 상대방이 말할 공간을 더 줘보시기 바랍니다.,오전 10시~12시,쌍둥이자리는 오전 중반이 말이 잘 나오는 시간입니다. 이 시간대 연락이 가장 자연스럽게 이어집니다.
쌍둥이자리,대인운,새로운 모임이나 그룹에 합류하기 좋은 날입니다.,오전 10시~12시,쌍둥이자리는 오전 중반이 말이 잘 나오는 시간입니다. 이 시간대 연락이 가장 자연스럽게 이어집니다.
쌍둥이자리,대인운,오늘 쌍둥이자리의 적응력이 어떤 상황에서도 빛나는 날입니다.,오전 10시~12시,쌍둥이자리는 오전 중반이 말이 잘 나오는 시간입니다. 이 시간대 연락이 가장 자연스럽게 이어집니다.
쌍둥이자리,대인운,여러 사람 사이에서 다리 역할을 하게 되는 날입니다. 쌍둥이자리는 이 역할이 자연스러워요.,오전 10시~12시,쌍둥이자리는 오전 중반이 말이 잘 나오는 시간입니다. 이 시간대 연락이 가장 자연스럽게 이어집니다.
쌍둥이자리,대인운,오늘 누군가와 공통 관심사를 발견하는 날입니다. 그 연결이 의외로 깊어질 수 있습니다.,오전 10시~12시,쌍둥이자리는 오전 중반이 말이 잘 나오는 시간입니다. 이 시간대 연락이 가장 자연스럽게 이어집니다.
쌍둥이자리,대인운,정보를 나눠주는 것이 오늘 인간관계에서 좋은 역할을 합니다.,오전 10시~12시,쌍둥이자리는 오전 중반이 말이 잘 나오는 시간입니다. 이 시간대 연락이 가장 자연스럽게 이어집니다.
쌍둥이자리,대인운,오늘 솔직한 대화가 관계를 더 가깝게 만드는 날입니다.,오전 10시~12시,쌍둥이자리는 오전 중반이 말이 잘 나오는 시간입니다. 이 시간대 연락이 가장 자연스럽게 이어집니다.
쌍둥이자리,대인운,다양한 인연이 오가는 날입니다. 그 중에서 진짜 중요한 사람이 누군지 생각해보시기 바랍니다.,오전 10시~12시,쌍둥이자리는 오전 중반이 말이 잘 나오는 시간입니다. 이 시간대 연락이 가장 자연스럽게 이어집니다.
쌍둥이자리,대인운,오늘 쌍둥이자리의 재치와 유머로 어색한 자리가 편안해지는 날입니다.,오전 10시~12시,쌍둥이자리는 오전 중반이 말이 잘 나오는 시간입니다. 이 시간대 연락이 가장 자연스럽게 이어집니다.
쌍둥이자리,대인운,여러 관계를 동시에 관리하는 쌍둥이자리의 능력이 오늘 빛습니다.,오전 10시~12시,쌍둥이자리는 오전 중반이 말이 잘 나오는 시간입니다. 이 시간대 연락이 가장 자연스럽게 이어집니다.
쌍둥이자리,대인운,오늘 한 사람에게 집중하는 시간을 가져보시기 바랍니다. 쌍둥이자리는 깊은 연결도 할 수 있는 타입입니다.,오전 10시~12시,쌍둥이자리는 오전 중반이 말이 잘 나오는 시간입니다. 이 시간대 연락이 가장 자연스럽게 이어집니다.
쌍둥이자리,대인운,오늘 주변의 말 한마디가 오래 기억에 남을 수 있습니다.,오전 10시~12시,쌍둥이자리는 오전 중반이 말이 잘 나오는 시간입니다. 이 시간대 연락이 가장 자연스럽게 이어집니다.
쌍둥이자리,대인운,그룹에서 자연스럽게 이야기를 이끌어 가는 날입니다.,오전 10시~12시,쌍둥이자리는 오전 중반이 말이 잘 나오는 시간입니다. 이 시간대 연락이 가장 자연스럽게 이어집니다.
쌍둥이자리,대인운,오늘 기존 인간관계에서 새로운 면을 발견하는 날입니다.,오전 10시~12시,쌍둥이자리는 오전 중반이 말이 잘 나오는 시간입니다. 이 시간대 연락이 가장 자연스럽게 이어집니다.
쌍둥이자리,대인운,쌍둥이자리의 열린 태도가 오늘 좋은 인연을 불러오는 날입니다.,오전 10시~12시,쌍둥이자리는 오전 중반이 말이 잘 나오는 시간입니다. 이 시간대 연락이 가장 자연스럽게 이어집니다.
쌍둥이자리,행동운,오늘 먼저 생각하고 행동하는 날입니다. 쌍둥이자리는 말이 앞서는 타입인데 오늘은 행동이 먼저입니다.,오전 10시~12시,쌍둥이자리는 오전 중반이 말이 잘 나오는 시간입니다. 이 시간대 연락이 가장 자연스럽게 이어집니다.
쌍둥이자리,행동운,두 가지 중 하나를 골라야 할 때 오늘은 직감을 따라가봐도 좋습니다.,오전 10시~12시,쌍둥이자리는 오전 중반이 말이 잘 나오는 시간입니다. 이 시간대 연락이 가장 자연스럽게 이어집니다.
쌍둥이자리,행동운,오늘 새로운 것을 배우거나 시도하기 좋은 날입니다. 쌍둥이자리의 학습 속도가 오늘 특히 빨라요.,오전 10시~12시,쌍둥이자리는 오전 중반이 말이 잘 나오는 시간입니다. 이 시간대 연락이 가장 자연스럽게 이어집니다.
쌍둥이자리,행동운,미뤄뒀던 연락 하나를 오늘 해보시기 바랍니다. 쌍둥이자리는 대화에서 에너지를 얻는 타입입니다.,오전 10시~12시,쌍둥이자리는 오전 중반이 말이 잘 나오는 시간입니다. 이 시간대 연락이 가장 자연스럽게 이어집니다.
쌍둥이자리,행동운,오늘 아이디어를 메모하는 것만으로도 충분한 행동입니다.,오전 10시~12시,쌍둥이자리는 오전 중반이 말이 잘 나오는 시간입니다. 이 시간대 연락이 가장 자연스럽게 이어집니다.
쌍둥이자리,행동운,변화를 주는 행동 하나가 오늘 하루를 새롭게 만들습니다.,오전 10시~12시,쌍둥이자리는 오전 중반이 말이 잘 나오는 시간입니다. 이 시간대 연락이 가장 자연스럽게 이어집니다.
쌍둥이자리,행동운,오늘 계획 없이 움직여도 잘 되는 날입니다. 쌍둥이자리는 즉흥에서 빛나는 타입입니다.,오전 10시~12시,쌍둥이자리는 오전 중반이 말이 잘 나오는 시간입니다. 이 시간대 연락이 가장 자연스럽게 이어집니다.
쌍둥이자리,행동운,시작한 것을 오늘 끝까지 마무리하는 날로 써보시기 바랍니다.,오전 10시~12시,쌍둥이자리는 오전 중반이 말이 잘 나오는 시간입니다. 이 시간대 연락이 가장 자연스럽게 이어집니다.
쌍둥이자리,행동운,오늘 한 가지 새로운 정보를 실제로 써먹어보는 날입니다.,오전 10시~12시,쌍둥이자리는 오전 중반이 말이 잘 나오는 시간입니다. 이 시간대 연락이 가장 자연스럽게 이어집니다.
쌍둥이자리,행동운,말로 계획했던 것을 오늘 실제 행동으로 옮겨보시기 바랍니다. 쌍둥이자리의 다음 단계입니다.,오전 10시~12시,쌍둥이자리는 오전 중반이 말이 잘 나오는 시간입니다. 이 시간대 연락이 가장 자연스럽게 이어집니다.
쌍둥이자리,행동운,오늘 빠른 결정이 오히려 더 좋은 결과를 만드는 날입니다.,오전 10시~12시,쌍둥이자리는 오전 중반이 말이 잘 나오는 시간입니다. 이 시간대 연락이 가장 자연스럽게 이어집니다.
쌍둥이자리,행동운,뇌를 쉬게 하는 신체 활동이 오늘 가장 좋은 행동입니다.,오전 10시~12시,쌍둥이자리는 오전 중반이 말이 잘 나오는 시간입니다. 이 시간대 연락이 가장 자연스럽게 이어집니다.
쌍둥이자리,행동운,오늘 한 가지에 집중해서 완성하는 것이 가장 만족스러운 결과를 줍니다.,오전 10시~12시,쌍둥이자리는 오전 중반이 말이 잘 나오는 시간입니다. 이 시간대 연락이 가장 자연스럽게 이어집니다.
쌍둥이자리,행동운,정보 수집에서 실행으로 넘어가는 날입니다. 알고 있는 것을 한 번 써먹어보시기 바랍니다.,오전 10시~12시,쌍둥이자리는 오전 중반이 말이 잘 나오는 시간입니다. 이 시간대 연락이 가장 자연스럽게 이어집니다.
쌍둥이자리,행동운,오늘 두려움보다 호기심이 먼저인 날입니다. 해보고 싶었던 것을 시작해보시기 바랍니다.,오전 10시~12시,쌍둥이자리는 오전 중반이 말이 잘 나오는 시간입니다. 이 시간대 연락이 가장 자연스럽게 이어집니다.
쌍둥이자리,행동운,행동보다 준비가 더 오래 걸리는 패턴을 오늘은 깨보시기 바랍니다.,오전 10시~12시,쌍둥이자리는 오전 중반이 말이 잘 나오는 시간입니다. 이 시간대 연락이 가장 자연스럽게 이어집니다.
쌍둥이자리,행동운,오늘 짧은 시간 안에 많은 것을 해낼 수 있는 날입니다. 효율적으로 써보시기 바랍니다.,오전 10시~12시,쌍둥이자리는 오전 중반이 말이 잘 나오는 시간입니다. 이 시간대 연락이 가장 자연스럽게 이어집니다.
쌍둥이자리,행동운,쌍둥이자리의 유연성이 오늘 행동에서 장점으로 나타나는 날입니다.,오전 10시~12시,쌍둥이자리는 오전 중반이 말이 잘 나오는 시간입니다. 이 시간대 연락이 가장 자연스럽게 이어집니다.
쌍둥이자리,행동운,오늘 하나를 완성하는 기쁨을 느껴보시기 바랍니다. 완성 경험이 쌍둥이자리에게 특히 중요합니다.,오전 10시~12시,쌍둥이자리는 오전 중반이 말이 잘 나오는 시간입니다. 이 시간대 연락이 가장 자연스럽게 이어집니다.
쌍둥이자리,행동운,오늘 행동하기 전에 정확히 한 번만 생각하고 움직여보시기 바랍니다. 그게 오늘의 전부입니다.,오전 10시~12시,쌍둥이자리는 오전 중반이 말이 잘 나오는 시간입니다. 이 시간대 연락이 가장 자연스럽게 이어집니다.
게자리,총운,오늘 감정이 예민하게 올라오는 날입니다. 그게 약점이 아닙니다. 게자리의 감각이 가장 날카로워지는 날이습니다. 그 감각으로 오늘 중요한 것을 짚어보시기 바랍니다.,저녁 8시~10시,게자리는 밤에 감정이 열리는 타입입니다. 진심 어린 연락은 저녁 이후가 가장 잘 닿습니다.
게자리,총운,오늘 가까운 사람들을 더 챙기고 싶어지는 날입니다. 그 마음 그대로 표현해도 됩니다.,저녁 8시~10시,게자리는 밤에 감정이 열리는 타입입니다. 진심 어린 연락은 저녁 이후가 가장 잘 닿습니다.
게자리,총운,집에 있고 싶은 날입니다. 게자리에게 집은 충전소입니다. 오늘 그 충전을 충분히 하시기 바랍니다.,저녁 8시~10시,게자리는 밤에 감정이 열리는 타입입니다. 진심 어린 연락은 저녁 이후가 가장 잘 닿습니다.
게자리,총운,오늘 직관이 특히 날카로운 날입니다. 논리보다 감각을 먼저 믿어보시기 바랍니다.,저녁 8시~10시,게자리는 밤에 감정이 열리는 타입입니다. 진심 어린 연락은 저녁 이후가 가장 잘 닿습니다.
게자리,총운,감정 기복이 심한 날입니다. 그 기복을 억누르지 말고 흐르게 두시기 바랍니다. 게자리는 감정이 흐른 뒤에 더 명확해지는 타입입니다.,저녁 8시~10시,게자리는 밤에 감정이 열리는 타입입니다. 진심 어린 연락은 저녁 이후가 가장 잘 닿습니다.
게자리,총운,오늘 과거의 기억이 갑자기 떠오를 수 있습니다. 그 기억에서 현재의 답을 찾을 수 있습니다.,저녁 8시~10시,게자리는 밤에 감정이 열리는 타입입니다. 진심 어린 연락은 저녁 이후가 가장 잘 닿습니다.
게자리,총운,주변을 보살피는 에너지가 올라오는 날입니다. 그 에너지를 자신에게도 써보시기 바랍니다.,저녁 8시~10시,게자리는 밤에 감정이 열리는 타입입니다. 진심 어린 연락은 저녁 이후가 가장 잘 닿습니다.
게자리,총운,오늘 흐름이 내향적인 날입니다. 혼자 있는 시간이 에너지를 만들습니다.,저녁 8시~10시,게자리는 밤에 감정이 열리는 타입입니다. 진심 어린 연락은 저녁 이후가 가장 잘 닿습니다.
게자리,총운,감정을 표현하기 좋은 날입니다. 오래 담아뒀던 것을 오늘 꺼내도 잘 받아들여질 것입니다.,저녁 8시~10시,게자리는 밤에 감정이 열리는 타입입니다. 진심 어린 연락은 저녁 이후가 가장 잘 닿습니다.
게자리,총운,오늘 작은 것에서 큰 의미를 찾는 날입니다. 게자리의 세심함이 오늘 빛습니다.,저녁 8시~10시,게자리는 밤에 감정이 열리는 타입입니다. 진심 어린 연락은 저녁 이후가 가장 잘 닿습니다.
게자리,총운,보호받고 싶은 마음이 드는 날입니다. 믿는 사람에게 기대도 괜찮습니다.,저녁 8시~10시,게자리는 밤에 감정이 열리는 타입입니다. 진심 어린 연락은 저녁 이후가 가장 잘 닿습니다.
게자리,총운,오늘 가족이나 가까운 사람을 위한 행동이 자신에게도 에너지가 됩니다.,저녁 8시~10시,게자리는 밤에 감정이 열리는 타입입니다. 진심 어린 연락은 저녁 이후가 가장 잘 닿습니다.
게자리,총운,감정을 억누르면 오히려 더 힘든 날입니다. 오늘은 그냥 느끼는 대로 흘러가보시기 바랍니다.,저녁 8시~10시,게자리는 밤에 감정이 열리는 타입입니다. 진심 어린 연락은 저녁 이후가 가장 잘 닿습니다.
게자리,총운,오늘 새로운 것보다 익숙한 것에서 편안함을 찾는 날입니다.,저녁 8시~10시,게자리는 밤에 감정이 열리는 타입입니다. 진심 어린 연락은 저녁 이후가 가장 잘 닿습니다.
게자리,총운,직감이 정답을 가리키는 날입니다. 과도하게 분석하지 말고 첫 느낌을 믿어보시기 바랍니다.,저녁 8시~10시,게자리는 밤에 감정이 열리는 타입입니다. 진심 어린 연락은 저녁 이후가 가장 잘 닿습니다.
게자리,총운,오늘 상처를 오래 안고 있는 게 있다면 조금 내려놓는 연습을 해보시기 바랍니다.,저녁 8시~10시,게자리는 밤에 감정이 열리는 타입입니다. 진심 어린 연락은 저녁 이후가 가장 잘 닿습니다.
게자리,총운,게자리의 공감 능력이 오늘 가장 빛나는 날입니다.,저녁 8시~10시,게자리는 밤에 감정이 열리는 타입입니다. 진심 어린 연락은 저녁 이후가 가장 잘 닿습니다.
게자리,총운,오늘 감정 일기를 써보는 게 도움이 되는 날입니다.,저녁 8시~10시,게자리는 밤에 감정이 열리는 타입입니다. 진심 어린 연락은 저녁 이후가 가장 잘 닿습니다.
게자리,총운,주변의 에너지를 많이 흡수하는 날입니다. 경계를 지키면서 자신을 보호하시기 바랍니다.,저녁 8시~10시,게자리는 밤에 감정이 열리는 타입입니다. 진심 어린 연락은 저녁 이후가 가장 잘 닿습니다.
게자리,총운,오늘 쉬어도 괜찮습니다. 게자리에게 충분한 휴식은 사치가 아니라 필수입니다.,저녁 8시~10시,게자리는 밤에 감정이 열리는 타입입니다. 진심 어린 연락은 저녁 이후가 가장 잘 닿습니다.
게자리,애정운,말하지 않아도 느끼는 날입니다. 게자리는 눈빛만으로도 통하는 타입인데 오늘 특히 그 연결이 강합니다.,저녁 8시~10시,게자리는 밤에 감정이 열리는 타입입니다. 진심 어린 연락은 저녁 이후가 가장 잘 닿습니다.
게자리,애정운,오늘 먼저 연락하기 어려운 날입니다. 괜찮습니다. 상대방이 먼저 올 수도 있습니다.,저녁 8시~10시,게자리는 밤에 감정이 열리는 타입입니다. 진심 어린 연락은 저녁 이후가 가장 잘 닿습니다.
게자리,애정운,감정이 풍부하게 올라오는 날입니다. 사랑하는 사람에게 오늘 그 마음을 전해보시기 바랍니다.,저녁 8시~10시,게자리는 밤에 감정이 열리는 타입입니다. 진심 어린 연락은 저녁 이후가 가장 잘 닿습니다.
게자리,애정운,상처받은 기억이 떠오르는 날입니다. 과거를 현재로 가져오지 않도록 주의합니다.,저녁 8시~10시,게자리는 밤에 감정이 열리는 타입입니다. 진심 어린 연락은 저녁 이후가 가장 잘 닿습니다.
게자리,애정운,오늘 상대방의 작은 배려가 크게 느껴지는 날입니다. 그 감사함을 표현해보시기 바랍니다.,저녁 8시~10시,게자리는 밤에 감정이 열리는 타입입니다. 진심 어린 연락은 저녁 이후가 가장 잘 닿습니다.
게자리,애정운,혼자 있고 싶은 마음과 누군가 곁에 있고 싶은 마음이 동시에 드는 날입니다. 둘 다 게자리입니다.,저녁 8시~10시,게자리는 밤에 감정이 열리는 타입입니다. 진심 어린 연락은 저녁 이후가 가장 잘 닿습니다.
게자리,애정운,오늘 진심 어린 한 마디가 관계를 깊게 만드는 날입니다.,저녁 8시~10시,게자리는 밤에 감정이 열리는 타입입니다. 진심 어린 연락은 저녁 이후가 가장 잘 닿습니다.
게자리,애정운,상대방이 힘들어한다면 게자리의 공감 능력이 가장 필요한 날입니다.,저녁 8시~10시,게자리는 밤에 감정이 열리는 타입입니다. 진심 어린 연락은 저녁 이후가 가장 잘 닿습니다.
게자리,애정운,오늘 관계에서 경계를 설정하는 게 필요할 수 있습니다. 게자리는 경계가 약한 타입입니다.,저녁 8시~10시,게자리는 밤에 감정이 열리는 타입입니다. 진심 어린 연락은 저녁 이후가 가장 잘 닿습니다.
게자리,애정운,기다려온 연락이 드디어 오는 날입니다.,저녁 8시~10시,게자리는 밤에 감정이 열리는 타입입니다. 진심 어린 연락은 저녁 이후가 가장 잘 닿습니다.
게자리,애정운,오늘 작은 스킨십이나 가까운 거리감이 관계를 따뜻하게 합니다.,저녁 8시~10시,게자리는 밤에 감정이 열리는 타입입니다. 진심 어린 연락은 저녁 이후가 가장 잘 닿습니다.
게자리,애정운,감정을 억누르다 갑자기 터질 수 있는 날입니다. 미리 조금씩 표현해보시기 바랍니다.,저녁 8시~10시,게자리는 밤에 감정이 열리는 타입입니다. 진심 어린 연락은 저녁 이후가 가장 잘 닿습니다.
게자리,애정운,오늘 상대방의 말 한마디가 오래 마음에 남습니다. 좋은 방향으로 받아들이려 해보시기 바랍니다.,저녁 8시~10시,게자리는 밤에 감정이 열리는 타입입니다. 진심 어린 연락은 저녁 이후가 가장 잘 닿습니다.
게자리,애정운,새로운 만남보다 기존 관계에서 따뜻함을 찾는 날입니다.,저녁 8시~10시,게자리는 밤에 감정이 열리는 타입입니다. 진심 어린 연락은 저녁 이후가 가장 잘 닿습니다.
게자리,애정운,오늘 사랑받고 있다는 느낌이 드는 날입니다. 그 감각을 즐겨도 됩니다.,저녁 8시~10시,게자리는 밤에 감정이 열리는 타입입니다. 진심 어린 연락은 저녁 이후가 가장 잘 닿습니다.
게자리,애정운,상대방에게 과하게 의존하고 싶은 마음이 드는 날입니다. 균형을 지켜보시기 바랍니다.,저녁 8시~10시,게자리는 밤에 감정이 열리는 타입입니다. 진심 어린 연락은 저녁 이후가 가장 잘 닿습니다.
게자리,애정운,오늘 함께 집에서 조용히 시간 보내는 것이 최고의 데이트입니다.,저녁 8시~10시,게자리는 밤에 감정이 열리는 타입입니다. 진심 어린 연락은 저녁 이후가 가장 잘 닿습니다.
게자리,애정운,게자리의 따뜻한 배려가 오늘 상대방에게 크게 닿는 날입니다.,저녁 8시~10시,게자리는 밤에 감정이 열리는 타입입니다. 진심 어린 연락은 저녁 이후가 가장 잘 닿습니다.
게자리,애정운,사랑하는 사람을 위한 음식이나 공간을 만들어주는 날입니다.,저녁 8시~10시,게자리는 밤에 감정이 열리는 타입입니다. 진심 어린 연락은 저녁 이후가 가장 잘 닿습니다.
게자리,애정운,오늘 감정이 솔직하게 나오는 날입니다. 가장 가까운 사람에게 그 솔직함을 보여줘도 됩니다.,저녁 8시~10시,게자리는 밤에 감정이 열리는 타입입니다. 진심 어린 연락은 저녁 이후가 가장 잘 닿습니다.
게자리,금전운,"감정적 소비를 주의하는 날입니다. 기분이 안 좋을 때 지갑이 열리는 패턴, 오늘 한 번 의식해보시기 바랍니다.",저녁 8시~10시,게자리는 밤에 감정이 열리는 타입입니다. 진심 어린 연락은 저녁 이후가 가장 잘 닿습니다.
게자리,금전운,가족이나 가까운 사람을 위한 지출이 생기는 날입니다. 기꺼이 쓰되 예산 안에서요.,저녁 8시~10시,게자리는 밤에 감정이 열리는 타입입니다. 진심 어린 연락은 저녁 이후가 가장 잘 닿습니다.
게자리,금전운,안정적인 수입 흐름이 이어지는 날입니다.,저녁 8시~10시,게자리는 밤에 감정이 열리는 타입입니다. 진심 어린 연락은 저녁 이후가 가장 잘 닿습니다.
게자리,금전운,오늘 저축 목표를 다시 점검하기 좋은 날입니다.,저녁 8시~10시,게자리는 밤에 감정이 열리는 타입입니다. 진심 어린 연락은 저녁 이후가 가장 잘 닿습니다.
게자리,금전운,충동적인 소비보다 오래 쓸 수 있는 것에 투자하는 날입니다.,저녁 8시~10시,게자리는 밤에 감정이 열리는 타입입니다. 진심 어린 연락은 저녁 이후가 가장 잘 닿습니다.
게자리,금전운,예상치 못한 지출이 가족과 관련해 생길 수 있습니다.,저녁 8시~10시,게자리는 밤에 감정이 열리는 타입입니다. 진심 어린 연락은 저녁 이후가 가장 잘 닿습니다.
게자리,금전운,오래된 계좌나 잊고 있던 적립금을 확인해보시기 바랍니다.,저녁 8시~10시,게자리는 밤에 감정이 열리는 타입입니다. 진심 어린 연락은 저녁 이후가 가장 잘 닿습니다.
게자리,금전운,감사한 마음으로 소비하는 날입니다. 의미 있는 곳에 돈을 쓰는 것이 만족감을 줍니다.,저녁 8시~10시,게자리는 밤에 감정이 열리는 타입입니다. 진심 어린 연락은 저녁 이후가 가장 잘 닿습니다.
게자리,금전운,금전 걱정이 있다면 혼자 안고 있지 말고 신뢰하는 사람과 이야기해보시기 바랍니다.,저녁 8시~10시,게자리는 밤에 감정이 열리는 타입입니다. 진심 어린 연락은 저녁 이후가 가장 잘 닿습니다.
게자리,금전운,안전한 금융 상품을 선호하는 날입니다. 위험한 투자는 오늘 맞지 않습니다.,저녁 8시~10시,게자리는 밤에 감정이 열리는 타입입니다. 진심 어린 연락은 저녁 이후가 가장 잘 닿습니다.
게자리,금전운,집이나 가정과 관련된 지출이 생기는 날입니다. 가치 있는 투자입니다.,저녁 8시~10시,게자리는 밤에 감정이 열리는 타입입니다. 진심 어린 연락은 저녁 이후가 가장 잘 닿습니다.
게자리,금전운,오늘 누군가에게 금전적 도움을 주고 싶어질 수 있습니다. 자신의 여유를 먼저 확인하시기 바랍니다.,저녁 8시~10시,게자리는 밤에 감정이 열리는 타입입니다. 진심 어린 연락은 저녁 이후가 가장 잘 닿습니다.
게자리,금전운,작은 절약이 모이는 날입니다. 가계부를 써보는 것이 도움이 됩니다.,저녁 8시~10시,게자리는 밤에 감정이 열리는 타입입니다. 진심 어린 연락은 저녁 이후가 가장 잘 닿습니다.
게자리,금전운,금전보다 정서적 안정이 더 중요한 날입니다.,저녁 8시~10시,게자리는 밤에 감정이 열리는 타입입니다. 진심 어린 연락은 저녁 이후가 가장 잘 닿습니다.
게자리,금전운,오늘 수입과 지출의 균형이 맞는 날입니다. 특별한 변동 없이 안정적입니다.,저녁 8시~10시,게자리는 밤에 감정이 열리는 타입입니다. 진심 어린 연락은 저녁 이후가 가장 잘 닿습니다.
게자리,금전운,음식이나 먹는 것에 지출이 늘어나는 날입니다. 건강한 곳에 쓰면 나쁘지 않습니다.,저녁 8시~10시,게자리는 밤에 감정이 열리는 타입입니다. 진심 어린 연락은 저녁 이후가 가장 잘 닿습니다.
게자리,금전운,오늘 금전 결정은 감정이 가라앉은 후에 하는 게 좋습니다.,저녁 8시~10시,게자리는 밤에 감정이 열리는 타입입니다. 진심 어린 연락은 저녁 이후가 가장 잘 닿습니다.
게자리,금전운,미래를 위한 저축이 오늘 특히 의미 있는 날입니다.,저녁 8시~10시,게자리는 밤에 감정이 열리는 타입입니다. 진심 어린 연락은 저녁 이후가 가장 잘 닿습니다.
게자리,금전운,누군가와 금전 관련 이야기가 자연스럽게 나오는 날입니다.,저녁 8시~10시,게자리는 밤에 감정이 열리는 타입입니다. 진심 어린 연락은 저녁 이후가 가장 잘 닿습니다.
게자리,금전운,오늘 지출보다 감사가 더 중요한 날입니다. 가진 것에 집중해보시기 바랍니다.,저녁 8시~10시,게자리는 밤에 감정이 열리는 타입입니다. 진심 어린 연락은 저녁 이후가 가장 잘 닿습니다.
게자리,직장운,오늘 팀원들의 감정 상태를 자연스럽게 파악하는 날입니다. 게자리의 공감 능력이 팀 분위기를 만들습니다.,저녁 8시~10시,게자리는 밤에 감정이 열리는 타입입니다. 진심 어린 연락은 저녁 이후가 가장 잘 닿습니다.
게자리,직장운,세심한 업무 처리가 빛나는 날입니다. 남들이 놓치는 것을 게자리가 잡아내요.,저녁 8시~10시,게자리는 밤에 감정이 열리는 타입입니다. 진심 어린 연락은 저녁 이후가 가장 잘 닿습니다.
게자리,직장운,오늘 직장에서 분위기가 예민하게 느껴진다면 거리를 두는 것도 방법입니다.,저녁 8시~10시,게자리는 밤에 감정이 열리는 타입입니다. 진심 어린 연락은 저녁 이후가 가장 잘 닿습니다.
게자리,직장운,팀을 돌보는 역할이 자연스럽게 맡겨지는 날입니다.,저녁 8시~10시,게자리는 밤에 감정이 열리는 타입입니다. 진심 어린 연락은 저녁 이후가 가장 잘 닿습니다.
게자리,직장운,오늘 직관으로 업무 방향을 잡는 날입니다. 논리보다 감각이 더 정확합니다.,저녁 8시~10시,게자리는 밤에 감정이 열리는 타입입니다. 진심 어린 연락은 저녁 이후가 가장 잘 닿습니다.
게자리,직장운,감정적으로 힘든 업무 환경에서도 게자리는 적응하는 힘이 있습니다.,저녁 8시~10시,게자리는 밤에 감정이 열리는 타입입니다. 진심 어린 연락은 저녁 이후가 가장 잘 닿습니다.
게자리,직장운,오늘 창의적인 아이디어보다 세심한 실행이 더 중요한 날입니다.,저녁 8시~10시,게자리는 밤에 감정이 열리는 타입입니다. 진심 어린 연락은 저녁 이후가 가장 잘 닿습니다.
게자리,직장운,상사나 동료의 감정을 잘 읽는 게자리의 능력이 오늘 직장에서 빛습니다.,저녁 8시~10시,게자리는 밤에 감정이 열리는 타입입니다. 진심 어린 연락은 저녁 이후가 가장 잘 닿습니다.
게자리,직장운,오늘 혼자 집중해서 일하기 좋은 날입니다. 조용한 환경에서 최고의 결과가 나옵니다.,저녁 8시~10시,게자리는 밤에 감정이 열리는 타입입니다. 진심 어린 연락은 저녁 이후가 가장 잘 닿습니다.
게자리,직장운,다른 사람을 돕는 업무에서 만족감을 느끼는 날입니다.,저녁 8시~10시,게자리는 밤에 감정이 열리는 타입입니다. 진심 어린 연락은 저녁 이후가 가장 잘 닿습니다.
게자리,직장운,오늘 업무에서 감정이 앞서면 잠깐 물러서는 것이 더 나습니다.,저녁 8시~10시,게자리는 밤에 감정이 열리는 타입입니다. 진심 어린 연락은 저녁 이후가 가장 잘 닿습니다.
게자리,직장운,꼼꼼한 검토가 중요한 날입니다. 게자리는 세부사항을 잘 보는 타입입니다.,저녁 8시~10시,게자리는 밤에 감정이 열리는 타입입니다. 진심 어린 연락은 저녁 이후가 가장 잘 닿습니다.
게자리,직장운,오늘 팀 내에서 격려나 지지를 받는 날입니다.,저녁 8시~10시,게자리는 밤에 감정이 열리는 타입입니다. 진심 어린 연락은 저녁 이후가 가장 잘 닿습니다.
게자리,직장운,업무 완성도가 높은 날입니다. 게자리의 성실함이 결과로 나타습니다.,저녁 8시~10시,게자리는 밤에 감정이 열리는 타입입니다. 진심 어린 연락은 저녁 이후가 가장 잘 닿습니다.
게자리,직장운,오늘 누군가의 업무를 도와주는 것이 자연스럽게 생기는 날입니다.,저녁 8시~10시,게자리는 밤에 감정이 열리는 타입입니다. 진심 어린 연락은 저녁 이후가 가장 잘 닿습니다.
게자리,직장운,직장에서 감정 소진이 될 수 있는 날입니다. 에너지 관리를 신경 써보시기 바랍니다.,저녁 8시~10시,게자리는 밤에 감정이 열리는 타입입니다. 진심 어린 연락은 저녁 이후가 가장 잘 닿습니다.
게자리,직장운,오늘 장기적인 프로젝트에서 중요한 진전이 생기는 날입니다.,저녁 8시~10시,게자리는 밤에 감정이 열리는 타입입니다. 진심 어린 연락은 저녁 이후가 가장 잘 닿습니다.
게자리,직장운,업무 중 직관이 정답을 가리키는 날입니다.,저녁 8시~10시,게자리는 밤에 감정이 열리는 타입입니다. 진심 어린 연락은 저녁 이후가 가장 잘 닿습니다.
게자리,직장운,오늘 자신의 감정을 잘 관리하면서 일하는 것이 가장 좋은 성과를 만들습니다.,저녁 8시~10시,게자리는 밤에 감정이 열리는 타입입니다. 진심 어린 연락은 저녁 이후가 가장 잘 닿습니다.
게자리,직장운,게자리의 인내심이 오늘 업무에서 가장 큰 자산입니다.,저녁 8시~10시,게자리는 밤에 감정이 열리는 타입입니다. 진심 어린 연락은 저녁 이후가 가장 잘 닿습니다.
게자리,건강운,감정이 소화기에 가는 날입니다. 스트레스가 있다면 배나 위가 불편할 수 있습니다. 오늘 따뜻한 음식을 먹어보시기 바랍니다.,저녁 8시~10시,게자리는 밤에 감정이 열리는 타입입니다. 진심 어린 연락은 저녁 이후가 가장 잘 닿습니다.
게자리,건강운,오늘 충분히 쉬는 것이 최고의 건강 관리입니다. 게자리는 쉬어야 에너지가 채워지는 타입입니다.,저녁 8시~10시,게자리는 밤에 감정이 열리는 타입입니다. 진심 어린 연락은 저녁 이후가 가장 잘 닿습니다.
게자리,건강운,물 많이 마시는 날입니다. 게자리는 물과 연결된 별자리입니다.,저녁 8시~10시,게자리는 밤에 감정이 열리는 타입입니다. 진심 어린 연락은 저녁 이후가 가장 잘 닿습니다.
게자리,건강운,집에서 따뜻하게 보내는 것이 오늘 몸에 가장 좋습니다.,저녁 8시~10시,게자리는 밤에 감정이 열리는 타입입니다. 진심 어린 연락은 저녁 이후가 가장 잘 닿습니다.
게자리,건강운,감정 기복이 몸에 영향을 주는 날입니다. 마음이 편안해야 몸도 편안합니다.,저녁 8시~10시,게자리는 밤에 감정이 열리는 타입입니다. 진심 어린 연락은 저녁 이후가 가장 잘 닿습니다.
게자리,건강운,오늘 소화가 잘 되는 가벼운 음식이 맞습니다.,저녁 8시~10시,게자리는 밤에 감정이 열리는 타입입니다. 진심 어린 연락은 저녁 이후가 가장 잘 닿습니다.
게자리,건강운,따뜻한 목욕이나 족욕이 오늘 피로 회복에 효과적입니다.,저녁 8시~10시,게자리는 밤에 감정이 열리는 타입입니다. 진심 어린 연락은 저녁 이후가 가장 잘 닿습니다.
게자리,건강운,잠을 충분히 자는 날입니다. 게자리는 수면이 부족하면 감정 기복이 심해지는 타입입니다.,저녁 8시~10시,게자리는 밤에 감정이 열리는 타입입니다. 진심 어린 연락은 저녁 이후가 가장 잘 닿습니다.
게자리,건강운,오늘 신경계가 예민한 날입니다. 자극적인 것들을 줄이시기 바랍니다.,저녁 8시~10시,게자리는 밤에 감정이 열리는 타입입니다. 진심 어린 연락은 저녁 이후가 가장 잘 닿습니다.
게자리,건강운,집 근처 산책이 도움이 되는 날입니다.,저녁 8시~10시,게자리는 밤에 감정이 열리는 타입입니다. 진심 어린 연락은 저녁 이후가 가장 잘 닿습니다.
게자리,건강운,오늘 혼자만의 조용한 시간이 몸과 마음을 회복시켜요.,저녁 8시~10시,게자리는 밤에 감정이 열리는 타입입니다. 진심 어린 연락은 저녁 이후가 가장 잘 닿습니다.
게자리,건강운,감정을 표현하는 것이 건강에도 좋은 날입니다. 억누르지 말고 흘려보내시기 바랍니다.,저녁 8시~10시,게자리는 밤에 감정이 열리는 타입입니다. 진심 어린 연락은 저녁 이후가 가장 잘 닿습니다.
게자리,건강운,오늘 손으로 뭔가를 만들거나 요리하는 것이 치유가 됩니다.,저녁 8시~10시,게자리는 밤에 감정이 열리는 타입입니다. 진심 어린 연락은 저녁 이후가 가장 잘 닿습니다.
게자리,건강운,과식을 조심하는 날입니다. 감정적으로 먹는 것을 의식해보시기 바랍니다.,저녁 8시~10시,게자리는 밤에 감정이 열리는 타입입니다. 진심 어린 연락은 저녁 이후가 가장 잘 닿습니다.
게자리,건강운,오늘 자연과 가까운 시간을 보내면 에너지가 충전됩니다.,저녁 8시~10시,게자리는 밤에 감정이 열리는 타입입니다. 진심 어린 연락은 저녁 이후가 가장 잘 닿습니다.
게자리,건강운,체온 유지가 중요한 날입니다. 따뜻하게 입고 다니시기 바랍니다.,저녁 8시~10시,게자리는 밤에 감정이 열리는 타입입니다. 진심 어린 연락은 저녁 이후가 가장 잘 닿습니다.
게자리,건강운,오늘 미온수 샤워가 신경을 안정시키는 데 도움이 됩니다.,저녁 8시~10시,게자리는 밤에 감정이 열리는 타입입니다. 진심 어린 연락은 저녁 이후가 가장 잘 닿습니다.
게자리,건강운,피로 신호를 무시하지 마시기 바랍니다. 게자리는 무리하면 금방 방전되는 타입입니다.,저녁 8시~10시,게자리는 밤에 감정이 열리는 타입입니다. 진심 어린 연락은 저녁 이후가 가장 잘 닿습니다.
게자리,건강운,오늘 감사 일기를 쓰는 것이 정신 건강에 좋은 날입니다.,저녁 8시~10시,게자리는 밤에 감정이 열리는 타입입니다. 진심 어린 연락은 저녁 이후가 가장 잘 닿습니다.
게자리,건강운,게자리의 직관이 몸의 신호를 잘 읽는 날입니다. 그 신호에 귀 기울여보시기 바랍니다.,저녁 8시~10시,게자리는 밤에 감정이 열리는 타입입니다. 진심 어린 연락은 저녁 이후가 가장 잘 닿습니다.
게자리,대인운,오늘 누군가가 마음속 이야기를 털어놓을 수 있습니다. 게자리는 이런 역할이 자연스럽게 맞습니다.,저녁 8시~10시,게자리는 밤에 감정이 열리는 타입입니다. 진심 어린 연락은 저녁 이후가 가장 잘 닿습니다.
게자리,대인운,가까운 사람들과 더 깊은 연결이 생기는 날입니다.,저녁 8시~10시,게자리는 밤에 감정이 열리는 타입입니다. 진심 어린 연락은 저녁 이후가 가장 잘 닿습니다.
게자리,대인운,오늘 새로운 사람과의 첫 만남이 따뜻하게 시작되는 날입니다.,저녁 8시~10시,게자리는 밤에 감정이 열리는 타입입니다. 진심 어린 연락은 저녁 이후가 가장 잘 닿습니다.
게자리,대인운,감정적으로 힘든 사람 곁에 있어주는 것이 오늘 가장 중요한 역할입니다.,저녁 8시~10시,게자리는 밤에 감정이 열리는 타입입니다. 진심 어린 연락은 저녁 이후가 가장 잘 닿습니다.
게자리,대인운,가족과의 연락이나 만남이 자연스럽게 생기는 날입니다.,저녁 8시~10시,게자리는 밤에 감정이 열리는 타입입니다. 진심 어린 연락은 저녁 이후가 가장 잘 닿습니다.
게자리,대인운,오늘 당신의 배려가 주변 사람들에게 크게 닿는 날입니다.,저녁 8시~10시,게자리는 밤에 감정이 열리는 타입입니다. 진심 어린 연락은 저녁 이후가 가장 잘 닿습니다.
게자리,대인운,경계를 설정하는 것이 관계를 건강하게 하는 날입니다.,저녁 8시~10시,게자리는 밤에 감정이 열리는 타입입니다. 진심 어린 연락은 저녁 이후가 가장 잘 닿습니다.
게자리,대인운,오늘 오래된 친구가 생각난다면 연락해보시기 바랍니다. 반가워할 것입니다.,저녁 8시~10시,게자리는 밤에 감정이 열리는 타입입니다. 진심 어린 연락은 저녁 이후가 가장 잘 닿습니다.
게자리,대인운,타인의 감정을 너무 많이 흡수하지 않도록 오늘 주의가 필요합니다.,저녁 8시~10시,게자리는 밤에 감정이 열리는 타입입니다. 진심 어린 연락은 저녁 이후가 가장 잘 닿습니다.
게자리,대인운,오늘 누군가와 집에서 조용히 시간 보내는 것이 가장 좋은 관계 형성입니다.,저녁 8시~10시,게자리는 밤에 감정이 열리는 타입입니다. 진심 어린 연락은 저녁 이후가 가장 잘 닿습니다.
게자리,대인운,게자리의 공감 능력이 오늘 주변을 따뜻하게 만드는 날입니다.,저녁 8시~10시,게자리는 밤에 감정이 열리는 타입입니다. 진심 어린 연락은 저녁 이후가 가장 잘 닿습니다.
게자리,대인운,말보다 행동으로 마음을 전하는 날입니다. 게자리답게 작은 것을 해주시기 바랍니다.,저녁 8시~10시,게자리는 밤에 감정이 열리는 타입입니다. 진심 어린 연락은 저녁 이후가 가장 잘 닿습니다.
게자리,대인운,오늘 사람들 사이에서 중재 역할을 자연스럽게 맡게 될 수 있습니다.,저녁 8시~10시,게자리는 밤에 감정이 열리는 타입입니다. 진심 어린 연락은 저녁 이후가 가장 잘 닿습니다.
게자리,대인운,관계에서 상처를 쉽게 받는 날입니다. 오늘은 조금 더 단단한 마음으로요.,저녁 8시~10시,게자리는 밤에 감정이 열리는 타입입니다. 진심 어린 연락은 저녁 이후가 가장 잘 닿습니다.
게자리,대인운,오늘 함께 밥을 먹는 것이 최고의 관계 회복입니다.,저녁 8시~10시,게자리는 밤에 감정이 열리는 타입입니다. 진심 어린 연락은 저녁 이후가 가장 잘 닿습니다.
게자리,대인운,주변 사람들에게 음식이나 선물을 해주고 싶어지는 날입니다.,저녁 8시~10시,게자리는 밤에 감정이 열리는 타입입니다. 진심 어린 연락은 저녁 이후가 가장 잘 닿습니다.
게자리,대인운,오늘 감정을 솔직하게 나누면 관계가 더 깊어지는 날입니다.,저녁 8시~10시,게자리는 밤에 감정이 열리는 타입입니다. 진심 어린 연락은 저녁 이후가 가장 잘 닿습니다.
게자리,대인운,게자리의 세심함이 오늘 누군가에게 큰 위로가 되는 날입니다.,저녁 8시~10시,게자리는 밤에 감정이 열리는 타입입니다. 진심 어린 연락은 저녁 이후가 가장 잘 닿습니다.
게자리,대인운,오늘 관계에서 받기만 하는 것이 불편한 날입니다. 베푸는 것에서 에너지를 얻습니다.,저녁 8시~10시,게자리는 밤에 감정이 열리는 타입입니다. 진심 어린 연락은 저녁 이후가 가장 잘 닿습니다.
게자리,대인운,집에 사람들을 초대해서 따뜻한 시간을 만들기 좋은 날입니다.,저녁 8시~10시,게자리는 밤에 감정이 열리는 타입입니다. 진심 어린 연락은 저녁 이후가 가장 잘 닿습니다.
게자리,행동운,오늘 감정이 이끄는 방향으로 움직여도 되는 날입니다. 게자리의 감각이 오늘 정답을 알고 있습니다.,저녁 8시~10시,게자리는 밤에 감정이 열리는 타입입니다. 진심 어린 연락은 저녁 이후가 가장 잘 닿습니다.
게자리,행동운,집 주변을 정리하거나 청소하는 것이 마음을 가볍게 해주는 날입니다.,저녁 8시~10시,게자리는 밤에 감정이 열리는 타입입니다. 진심 어린 연락은 저녁 이후가 가장 잘 닿습니다.
게자리,행동운,오늘 요리나 베이킹을 해보는 것이 치유가 되는 날입니다.,저녁 8시~10시,게자리는 밤에 감정이 열리는 타입입니다. 진심 어린 연락은 저녁 이후가 가장 잘 닿습니다.
게자리,행동운,미뤄뒀던 가족 연락을 오늘 해보시기 바랍니다.,저녁 8시~10시,게자리는 밤에 감정이 열리는 타입입니다. 진심 어린 연락은 저녁 이후가 가장 잘 닿습니다.
게자리,행동운,오늘 자신을 위한 것 하나를 해보시기 바랍니다. 항상 남을 챙기는 게자리에게 필요한 행동입니다.,저녁 8시~10시,게자리는 밤에 감정이 열리는 타입입니다. 진심 어린 연락은 저녁 이후가 가장 잘 닿습니다.
게자리,행동운,감정 일기나 편지 쓰기가 오늘 특히 도움이 되는 날입니다.,저녁 8시~10시,게자리는 밤에 감정이 열리는 타입입니다. 진심 어린 연락은 저녁 이후가 가장 잘 닿습니다.
게자리,행동운,오늘 집을 더 편안하게 만드는 작은 것들을 해보는 날입니다.,저녁 8시~10시,게자리는 밤에 감정이 열리는 타입입니다. 진심 어린 연락은 저녁 이후가 가장 잘 닿습니다.
게자리,행동운,새로운 것보다 익숙한 것을 더 잘하게 다듬는 행동이 맞는 날입니다.,저녁 8시~10시,게자리는 밤에 감정이 열리는 타입입니다. 진심 어린 연락은 저녁 이후가 가장 잘 닿습니다.
게자리,행동운,오늘 누군가를 도와주는 행동이 자신에게도 에너지가 됩니다.,저녁 8시~10시,게자리는 밤에 감정이 열리는 타입입니다. 진심 어린 연락은 저녁 이후가 가장 잘 닿습니다.
게자리,행동운,직관이 이끄는 첫 번째 행동을 오늘 실행해보시기 바랍니다.,저녁 8시~10시,게자리는 밤에 감정이 열리는 타입입니다. 진심 어린 연락은 저녁 이후가 가장 잘 닿습니다.
게자리,행동운,오늘 표현하는 것 자체가 행동입니다. 감정을 글이나 말로 꺼내보시기 바랍니다.,저녁 8시~10시,게자리는 밤에 감정이 열리는 타입입니다. 진심 어린 연락은 저녁 이후가 가장 잘 닿습니다.
게자리,행동운,오늘 천천히 움직이는 것이 더 좋은 결과를 만드는 날입니다.,저녁 8시~10시,게자리는 밤에 감정이 열리는 타입입니다. 진심 어린 연락은 저녁 이후가 가장 잘 닿습니다.
게자리,행동운,집에서 따뜻한 시간을 보내는 것이 오늘 가장 좋은 행동입니다.,저녁 8시~10시,게자리는 밤에 감정이 열리는 타입입니다. 진심 어린 연락은 저녁 이후가 가장 잘 닿습니다.
게자리,행동운,과거에서 배운 것을 현재에 적용하는 날입니다. 게자리는 경험에서 지혜를 얻는 타입입니다.,저녁 8시~10시,게자리는 밤에 감정이 열리는 타입입니다. 진심 어린 연락은 저녁 이후가 가장 잘 닿습니다.
게자리,행동운,오늘 보살피는 행동이 자신에게 돌아오는 날입니다.,저녁 8시~10시,게자리는 밤에 감정이 열리는 타입입니다. 진심 어린 연락은 저녁 이후가 가장 잘 닿습니다.
게자리,행동운,감정적으로 결정하고 싶은 날입니다. 오늘은 그 감정을 믿어도 됩니다.,저녁 8시~10시,게자리는 밤에 감정이 열리는 타입입니다. 진심 어린 연락은 저녁 이후가 가장 잘 닿습니다.
게자리,행동운,물 가까이에서 시간 보내는 것이 오늘 에너지를 회복해줍니다.,저녁 8시~10시,게자리는 밤에 감정이 열리는 타입입니다. 진심 어린 연락은 저녁 이후가 가장 잘 닿습니다.
게자리,행동운,오늘 서두르지 말고 자신의 속도로 움직이시기 바랍니다.,저녁 8시~10시,게자리는 밤에 감정이 열리는 타입입니다. 진심 어린 연락은 저녁 이후가 가장 잘 닿습니다.
게자리,행동운,누군가에게 음식을 만들어주는 것이 오늘 가장 자연스러운 행동입니다.,저녁 8시~10시,게자리는 밤에 감정이 열리는 타입입니다. 진심 어린 연락은 저녁 이후가 가장 잘 닿습니다.
게자리,행동운,오늘 쉬는 것 자체가 가장 현명한 행동입니다.,저녁 8시~10시,게자리는 밤에 감정이 열리는 타입입니다. 진심 어린 연락은 저녁 이후가 가장 잘 닿습니다.
사자자리,총운,오늘 존재감이 자연스럽게 드러나는 날입니다. 억지로 보여주려 하지 않아도 사람들이 당신을 주목합니다.,오전 11시~오후 1시,사자자리는 하루가 달아오른 오전 후반이 에너지가 가장 높습니다. 이 시간에 나누는 연락이 인상에 남습니다.
사자자리,총운,인정받고 싶은 마음이 올라오는 날입니다. 그 에너지를 결과물로 바꿔보시기 바랍니다.,오전 11시~오후 1시,사자자리는 하루가 달아오른 오전 후반이 에너지가 가장 높습니다. 이 시간에 나누는 연락이 인상에 남습니다.
사자자리,총운,오늘 리더 역할이 자연스럽게 맡겨지는 날입니다. 사자자리답게 이끌어보시기 바랍니다.,오전 11시~오후 1시,사자자리는 하루가 달아오른 오전 후반이 에너지가 가장 높습니다. 이 시간에 나누는 연락이 인상에 남습니다.
사자자리,총운,창의적인 아이디어가 넘치는 날입니다. 그 중 하나를 오늘 실행해보시기 바랍니다.,오전 11시~오후 1시,사자자리는 하루가 달아오른 오전 후반이 에너지가 가장 높습니다. 이 시간에 나누는 연락이 인상에 남습니다.
사자자리,총운,칭찬 한 마디가 오늘 하루 전체를 바꾸는 날입니다.,오전 11시~오후 1시,사자자리는 하루가 달아오른 오전 후반이 에너지가 가장 높습니다. 이 시간에 나누는 연락이 인상에 남습니다.
사자자리,총운,자존심이 상하는 일이 생길 수 있습니다. 사자자리답게 품위 있게 넘겨보시기 바랍니다.,오전 11시~오후 1시,사자자리는 하루가 달아오른 오전 후반이 에너지가 가장 높습니다. 이 시간에 나누는 연락이 인상에 남습니다.
사자자리,총운,오늘 무대 위에서 빛나는 날입니다. 발표나 프레젠테이션이 있다면 최고의 날입니다.,오전 11시~오후 1시,사자자리는 하루가 달아오른 오전 후반이 에너지가 가장 높습니다. 이 시간에 나누는 연락이 인상에 남습니다.
사자자리,총운,에너지가 넘치는 날입니다. 그 에너지를 가장 중요한 것에 집중하시기 바랍니다.,오전 11시~오후 1시,사자자리는 하루가 달아오른 오전 후반이 에너지가 가장 높습니다. 이 시간에 나누는 연락이 인상에 남습니다.
사자자리,총운,오늘 자신을 믿는 것이 가장 강한 무기입니다.,오전 11시~오후 1시,사자자리는 하루가 달아오른 오전 후반이 에너지가 가장 높습니다. 이 시간에 나누는 연락이 인상에 남습니다.
사자자리,총운,주변 사람들이 사자자리의 열정에 이끌리는 날입니다.,오전 11시~오후 1시,사자자리는 하루가 달아오른 오전 후반이 에너지가 가장 높습니다. 이 시간에 나누는 연락이 인상에 남습니다.
사자자리,총운,오늘 고집을 잠시 내려놓으면 더 좋은 것을 얻는 날입니다.,오전 11시~오후 1시,사자자리는 하루가 달아오른 오전 후반이 에너지가 가장 높습니다. 이 시간에 나누는 연락이 인상에 남습니다.
사자자리,총운,창의적인 작업에서 탁월한 결과가 나오는 날입니다.,오전 11시~오후 1시,사자자리는 하루가 달아오른 오전 후반이 에너지가 가장 높습니다. 이 시간에 나누는 연락이 인상에 남습니다.
사자자리,총운,오늘 자신이 원하는 것을 명확하게 말하는 것이 가장 빠른 길입니다.,오전 11시~오후 1시,사자자리는 하루가 달아오른 오전 후반이 에너지가 가장 높습니다. 이 시간에 나누는 연락이 인상에 남습니다.
사자자리,총운,인정을 기다리기보다 먼저 보여주는 날입니다.,오전 11시~오후 1시,사자자리는 하루가 달아오른 오전 후반이 에너지가 가장 높습니다. 이 시간에 나누는 연락이 인상에 남습니다.
사자자리,총운,오늘 사자자리의 카리스마가 주변을 이끌습니다.,오전 11시~오후 1시,사자자리는 하루가 달아오른 오전 후반이 에너지가 가장 높습니다. 이 시간에 나누는 연락이 인상에 남습니다.
사자자리,총운,번아웃 조심하는 날입니다. 에너지를 다 쓰지 말고 20% 남겨두시기 바랍니다.,오전 11시~오후 1시,사자자리는 하루가 달아오른 오전 후반이 에너지가 가장 높습니다. 이 시간에 나누는 연락이 인상에 남습니다.
사자자리,총운,오늘 새로운 도전이 기회가 되는 날입니다.,오전 11시~오후 1시,사자자리는 하루가 달아오른 오전 후반이 에너지가 가장 높습니다. 이 시간에 나누는 연락이 인상에 남습니다.
사자자리,총운,자신을 위한 시간을 갖는 것이 오늘 가장 중요한 일입니다.,오전 11시~오후 1시,사자자리는 하루가 달아오른 오전 후반이 에너지가 가장 높습니다. 이 시간에 나누는 연락이 인상에 남습니다.
사자자리,총운,오늘 작은 성취 하나가 자신감을 크게 올려주는 날입니다.,오전 11시~오후 1시,사자자리는 하루가 달아오른 오전 후반이 에너지가 가장 높습니다. 이 시간에 나누는 연락이 인상에 남습니다.
사자자리,총운,사자자리의 따뜻한 면이 주변 사람들을 끌어당기는 날입니다.,오전 11시~오후 1시,사자자리는 하루가 달아오른 오전 후반이 에너지가 가장 높습니다. 이 시간에 나누는 연락이 인상에 남습니다.
사자자리,애정운,오늘 로맨틱한 에너지가 올라오는 날입니다. 사랑하는 사람에게 표현해보시기 바랍니다.,오전 11시~오후 1시,사자자리는 하루가 달아오른 오전 후반이 에너지가 가장 높습니다. 이 시간에 나누는 연락이 인상에 남습니다.
사자자리,애정운,적극적으로 다가가는 것이 오늘 가장 잘 어울리는 날입니다.,오전 11시~오후 1시,사자자리는 하루가 달아오른 오전 후반이 에너지가 가장 높습니다. 이 시간에 나누는 연락이 인상에 남습니다.
사자자리,애정운,오늘 상대방에게 인정받고 싶은 마음이 강합니다. 그 마음을 직접 표현해보시기 바랍니다.,오전 11시~오후 1시,사자자리는 하루가 달아오른 오전 후반이 에너지가 가장 높습니다. 이 시간에 나누는 연락이 인상에 남습니다.
사자자리,애정운,"관계에서 주도권을 가지고 싶은 날입니다. 단, 상대방 공간도 줘야 합니다.",오전 11시~오후 1시,사자자리는 하루가 달아오른 오전 후반이 에너지가 가장 높습니다. 이 시간에 나누는 연락이 인상에 남습니다.
사자자리,애정운,오늘 당신의 자신감이 매력으로 느껴지는 날입니다.,오전 11시~오후 1시,사자자리는 하루가 달아오른 오전 후반이 에너지가 가장 높습니다. 이 시간에 나누는 연락이 인상에 남습니다.
사자자리,애정운,자존심 때문에 먼저 연락 못 하는 날입니다. 오늘은 그 자존심을 잠깐 내려도 됩니다.,오전 11시~오후 1시,사자자리는 하루가 달아오른 오전 후반이 에너지가 가장 높습니다. 이 시간에 나누는 연락이 인상에 남습니다.
사자자리,애정운,상대방을 멋지게 표현해주는 것이 오늘 관계를 빛나게 합니다.,오전 11시~오후 1시,사자자리는 하루가 달아오른 오전 후반이 에너지가 가장 높습니다. 이 시간에 나누는 연락이 인상에 남습니다.
사자자리,애정운,오늘 함께 무언가 특별한 것을 경험하기 좋은 날입니다.,오전 11시~오후 1시,사자자리는 하루가 달아오른 오전 후반이 에너지가 가장 높습니다. 이 시간에 나누는 연락이 인상에 남습니다.
사자자리,애정운,오늘 솔직한 감정 표현이 관계를 더 깊게 만드는 날입니다.,오전 11시~오후 1시,사자자리는 하루가 달아오른 오전 후반이 에너지가 가장 높습니다. 이 시간에 나누는 연락이 인상에 남습니다.
사자자리,애정운,관계에서 드라마틱한 감정이 올라오는 날입니다. 과잉 반응 주의합니다.,오전 11시~오후 1시,사자자리는 하루가 달아오른 오전 후반이 에너지가 가장 높습니다. 이 시간에 나누는 연락이 인상에 남습니다.
사자자리,애정운,오늘 상대방의 칭찬이 크게 힘이 되는 날입니다.,오전 11시~오후 1시,사자자리는 하루가 달아오른 오전 후반이 에너지가 가장 높습니다. 이 시간에 나누는 연락이 인상에 남습니다.
사자자리,애정운,새로운 설렘이 시작되는 날입니다. 사자자리의 매력이 발산되는 날입니다.,오전 11시~오후 1시,사자자리는 하루가 달아오른 오전 후반이 에너지가 가장 높습니다. 이 시간에 나누는 연락이 인상에 남습니다.
사자자리,애정운,오늘 관계에서 진심을 보여주는 것이 가장 강한 사랑입니다.,오전 11시~오후 1시,사자자리는 하루가 달아오른 오전 후반이 에너지가 가장 높습니다. 이 시간에 나누는 연락이 인상에 남습니다.
사자자리,애정운,상대방을 위해 무언가 특별한 것을 준비하고 싶은 날입니다.,오전 11시~오후 1시,사자자리는 하루가 달아오른 오전 후반이 에너지가 가장 높습니다. 이 시간에 나누는 연락이 인상에 남습니다.
사자자리,애정운,오늘 자신을 사랑하는 것이 관계를 더 좋게 만드는 날입니다.,오전 11시~오후 1시,사자자리는 하루가 달아오른 오전 후반이 에너지가 가장 높습니다. 이 시간에 나누는 연락이 인상에 남습니다.
사자자리,애정운,관계에서 양보하는 것이 오늘 관계를 강하게 합니다.,오전 11시~오후 1시,사자자리는 하루가 달아오른 오전 후반이 에너지가 가장 높습니다. 이 시간에 나누는 연락이 인상에 남습니다.
사자자리,애정운,오늘 상대방의 다른 면을 발견하고 더 깊이 좋아지는 날입니다.,오전 11시~오후 1시,사자자리는 하루가 달아오른 오전 후반이 에너지가 가장 높습니다. 이 시간에 나누는 연락이 인상에 남습니다.
사자자리,애정운,감정을 과하게 표현하는 것을 조심하는 날입니다.,오전 11시~오후 1시,사자자리는 하루가 달아오른 오전 후반이 에너지가 가장 높습니다. 이 시간에 나누는 연락이 인상에 남습니다.
사자자리,애정운,오늘 사랑받는 느낌이 드는 날입니다.,오전 11시~오후 1시,사자자리는 하루가 달아오른 오전 후반이 에너지가 가장 높습니다. 이 시간에 나누는 연락이 인상에 남습니다.
사자자리,애정운,사자자리의 따뜻한 마음이 오늘 관계에서 빛나는 날입니다.,오전 11시~오후 1시,사자자리는 하루가 달아오른 오전 후반이 에너지가 가장 높습니다. 이 시간에 나누는 연락이 인상에 남습니다.
사자자리,금전운,오늘 과시 소비를 조심하는 날입니다. 품질에 돈을 쓰는 건 좋지만 과하지 않게요.,오전 11시~오후 1시,사자자리는 하루가 달아오른 오전 후반이 에너지가 가장 높습니다. 이 시간에 나누는 연락이 인상에 남습니다.
사자자리,금전운,"큰 수입 기회가 보이는 날입니다. 단, 충분히 검토한 후 움직이시기 바랍니다.",오전 11시~오후 1시,사자자리는 하루가 달아오른 오전 후반이 에너지가 가장 높습니다. 이 시간에 나누는 연락이 인상에 남습니다.
사자자리,금전운,오늘 아이디어가 돈이 되는 흐름이 보이는 날입니다.,오전 11시~오후 1시,사자자리는 하루가 달아오른 오전 후반이 에너지가 가장 높습니다. 이 시간에 나누는 연락이 인상에 남습니다.
사자자리,금전운,창의적인 방식으로 수입을 올릴 수 있는 날입니다.,오전 11시~오후 1시,사자자리는 하루가 달아오른 오전 후반이 에너지가 가장 높습니다. 이 시간에 나누는 연락이 인상에 남습니다.
사자자리,금전운,오늘 누군가에게 금전적 도움을 줄 기회가 생기는 날입니다.,오전 11시~오후 1시,사자자리는 하루가 달아오른 오전 후반이 에너지가 가장 높습니다. 이 시간에 나누는 연락이 인상에 남습니다.
사자자리,금전운,충동적인 큰 지출을 조심하는 날입니다.,오전 11시~오후 1시,사자자리는 하루가 달아오른 오전 후반이 에너지가 가장 높습니다. 이 시간에 나누는 연락이 인상에 남습니다.
사자자리,금전운,오늘 자신에게 투자하는 지출은 나쁘지 않습니다.,오전 11시~오후 1시,사자자리는 하루가 달아오른 오전 후반이 에너지가 가장 높습니다. 이 시간에 나누는 연락이 인상에 남습니다.
사자자리,금전운,금전 목표를 다시 설정하기 좋은 날입니다.,오전 11시~오후 1시,사자자리는 하루가 달아오른 오전 후반이 에너지가 가장 높습니다. 이 시간에 나누는 연락이 인상에 남습니다.
사자자리,금전운,오늘 소득과 지출의 균형이 맞는 안정적인 날입니다.,오전 11시~오후 1시,사자자리는 하루가 달아오른 오전 후반이 에너지가 가장 높습니다. 이 시간에 나누는 연락이 인상에 남습니다.
사자자리,금전운,새로운 수입원에 대한 아이디어가 떠오르는 날입니다.,오전 11시~오후 1시,사자자리는 하루가 달아오른 오전 후반이 에너지가 가장 높습니다. 이 시간에 나누는 연락이 인상에 남습니다.
사자자리,금전운,오늘 브랜드보다 가치에 집중하는 소비가 더 만족스럽게 느껴지는 날입니다.,오전 11시~오후 1시,사자자리는 하루가 달아오른 오전 후반이 에너지가 가장 높습니다. 이 시간에 나누는 연락이 인상에 남습니다.
사자자리,금전운,장기 투자보다 단기 성과가 보이는 날입니다.,오전 11시~오후 1시,사자자리는 하루가 달아오른 오전 후반이 에너지가 가장 높습니다. 이 시간에 나누는 연락이 인상에 남습니다.
사자자리,금전운,오늘 금전 관련 계획을 세우기 좋은 날입니다.,오전 11시~오후 1시,사자자리는 하루가 달아오른 오전 후반이 에너지가 가장 높습니다. 이 시간에 나누는 연락이 인상에 남습니다.
사자자리,금전운,사자자리의 능력에 정당한 금전적 보상을 요구할 수 있는 날입니다.,오전 11시~오후 1시,사자자리는 하루가 달아오른 오전 후반이 에너지가 가장 높습니다. 이 시간에 나누는 연락이 인상에 남습니다.
사자자리,금전운,오늘 재미있는 방식으로 돈을 버는 아이디어가 떠오르는 날입니다.,오전 11시~오후 1시,사자자리는 하루가 달아오른 오전 후반이 에너지가 가장 높습니다. 이 시간에 나누는 연락이 인상에 남습니다.
사자자리,금전운,지출보다 수입에 집중하는 날입니다.,오전 11시~오후 1시,사자자리는 하루가 달아오른 오전 후반이 에너지가 가장 높습니다. 이 시간에 나누는 연락이 인상에 남습니다.
사자자리,금전운,오늘 금전보다 경험에 투자하는 것이 더 의미 있는 날입니다.,오전 11시~오후 1시,사자자리는 하루가 달아오른 오전 후반이 에너지가 가장 높습니다. 이 시간에 나누는 연락이 인상에 남습니다.
사자자리,금전운,절약보다 가치 있는 곳에 쓰는 것이 오늘 맞는 방식입니다.,오전 11시~오후 1시,사자자리는 하루가 달아오른 오전 후반이 에너지가 가장 높습니다. 이 시간에 나누는 연락이 인상에 남습니다.
사자자리,금전운,오늘 금전 걱정보다 자신의 능력을 믿는 것이 더 중요합니다.,오전 11시~오후 1시,사자자리는 하루가 달아오른 오전 후반이 에너지가 가장 높습니다. 이 시간에 나누는 연락이 인상에 남습니다.
사자자리,금전운,사자자리의 열정이 금전적 성과로 이어지는 날입니다.,오전 11시~오후 1시,사자자리는 하루가 달아오른 오전 후반이 에너지가 가장 높습니다. 이 시간에 나누는 연락이 인상에 남습니다.
사자자리,직장운,오늘 발표나 프레젠테이션에서 최고의 퍼포먼스를 낼 수 있는 날입니다.,오전 11시~오후 1시,사자자리는 하루가 달아오른 오전 후반이 에너지가 가장 높습니다. 이 시간에 나누는 연락이 인상에 남습니다.
사자자리,직장운,리더십이 자연스럽게 발휘되는 날입니다.,오전 11시~오후 1시,사자자리는 하루가 달아오른 오전 후반이 에너지가 가장 높습니다. 이 시간에 나누는 연락이 인상에 남습니다.
사자자리,직장운,오늘 창의적인 아이디어가 직장에서 빛을 발하는 날입니다.,오전 11시~오후 1시,사자자리는 하루가 달아오른 오전 후반이 에너지가 가장 높습니다. 이 시간에 나누는 연락이 인상에 남습니다.
사자자리,직장운,칭찬을 받는 날입니다. 그 에너지로 더 잘할 수 있습니다.,오전 11시~오후 1시,사자자리는 하루가 달아오른 오전 후반이 에너지가 가장 높습니다. 이 시간에 나누는 연락이 인상에 남습니다.
사자자리,직장운,오늘 팀을 이끄는 역할이 자연스럽게 맡겨지는 날입니다.,오전 11시~오후 1시,사자자리는 하루가 달아오른 오전 후반이 에너지가 가장 높습니다. 이 시간에 나누는 연락이 인상에 남습니다.
사자자리,직장운,자신의 능력을 보여주는 것이 오늘 가장 중요한 일입니다.,오전 11시~오후 1시,사자자리는 하루가 달아오른 오전 후반이 에너지가 가장 높습니다. 이 시간에 나누는 연락이 인상에 남습니다.
사자자리,직장운,오늘 동료와의 경쟁에서 사자자리가 앞서는 날입니다.,오전 11시~오후 1시,사자자리는 하루가 달아오른 오전 후반이 에너지가 가장 높습니다. 이 시간에 나누는 연락이 인상에 남습니다.
사자자리,직장운,업무에서 창의적인 접근이 좋은 결과를 내는 날입니다.,오전 11시~오후 1시,사자자리는 하루가 달아오른 오전 후반이 에너지가 가장 높습니다. 이 시간에 나누는 연락이 인상에 남습니다.
사자자리,직장운,오늘 인정받고 싶은 마음이 업무 동기부여가 되는 날입니다.,오전 11시~오후 1시,사자자리는 하루가 달아오른 오전 후반이 에너지가 가장 높습니다. 이 시간에 나누는 연락이 인상에 남습니다.
사자자리,직장운,새로운 프로젝트를 이끌기에 정확히 좋은 날입니다.,오전 11시~오후 1시,사자자리는 하루가 달아오른 오전 후반이 에너지가 가장 높습니다. 이 시간에 나누는 연락이 인상에 남습니다.
사자자리,직장운,오늘 고집을 내려놓으면 더 좋은 결과가 나오는 날입니다.,오전 11시~오후 1시,사자자리는 하루가 달아오른 오전 후반이 에너지가 가장 높습니다. 이 시간에 나누는 연락이 인상에 남습니다.
사자자리,직장운,사자자리의 에너지가 팀 전체에 활력을 주는 날입니다.,오전 11시~오후 1시,사자자리는 하루가 달아오른 오전 후반이 에너지가 가장 높습니다. 이 시간에 나누는 연락이 인상에 남습니다.
사자자리,직장운,오늘 자신의 강점을 최대한 활용하는 날입니다.,오전 11시~오후 1시,사자자리는 하루가 달아오른 오전 후반이 에너지가 가장 높습니다. 이 시간에 나누는 연락이 인상에 남습니다.
사자자리,직장운,업무에서 주목받는 일이 생기는 날입니다.,오전 11시~오후 1시,사자자리는 하루가 달아오른 오전 후반이 에너지가 가장 높습니다. 이 시간에 나누는 연락이 인상에 남습니다.
사자자리,직장운,오늘 열정이 결과로 나타나는 날입니다.,오전 11시~오후 1시,사자자리는 하루가 달아오른 오전 후반이 에너지가 가장 높습니다. 이 시간에 나누는 연락이 인상에 남습니다.
사자자리,직장운,번아웃 직전 신호가 오는 날입니다. 지금 잠깐 쉬시기 바랍니다.,오전 11시~오후 1시,사자자리는 하루가 달아오른 오전 후반이 에너지가 가장 높습니다. 이 시간에 나누는 연락이 인상에 남습니다.
사자자리,직장운,오늘 동료를 이끌고 격려하는 역할이 자연스러운 날입니다.,오전 11시~오후 1시,사자자리는 하루가 달아오른 오전 후반이 에너지가 가장 높습니다. 이 시간에 나누는 연락이 인상에 남습니다.
사자자리,직장운,새로운 도전이 기회가 되는 날입니다.,오전 11시~오후 1시,사자자리는 하루가 달아오른 오전 후반이 에너지가 가장 높습니다. 이 시간에 나누는 연락이 인상에 남습니다.
사자자리,직장운,오늘 업무에서 자신감이 최고 무기인 날입니다.,오전 11시~오후 1시,사자자리는 하루가 달아오른 오전 후반이 에너지가 가장 높습니다. 이 시간에 나누는 연락이 인상에 남습니다.
사자자리,직장운,사자자리의 카리스마가 중요한 미팅에서 빛나는 날입니다.,오전 11시~오후 1시,사자자리는 하루가 달아오른 오전 후반이 에너지가 가장 높습니다. 이 시간에 나누는 연락이 인상에 남습니다.
사자자리,건강운,에너지가 올라오는 날입니다. 운동이나 신체 활동을 즐기기 정확히 좋습니다.,오전 11시~오후 1시,사자자리는 하루가 달아오른 오전 후반이 에너지가 가장 높습니다. 이 시간에 나누는 연락이 인상에 남습니다.
사자자리,건강운,과도하게 에너지를 쓰는 날입니다. 회복을 위한 시간을 미리 확보하시기 바랍니다.,오전 11시~오후 1시,사자자리는 하루가 달아오른 오전 후반이 에너지가 가장 높습니다. 이 시간에 나누는 연락이 인상에 남습니다.
사자자리,건강운,오늘 심장 건강에 좋은 유산소 운동이 맞는 날입니다.,오전 11시~오후 1시,사자자리는 하루가 달아오른 오전 후반이 에너지가 가장 높습니다. 이 시간에 나누는 연락이 인상에 남습니다.
사자자리,건강운,번아웃이 올 수 있는 날입니다. 지금 멈추는 것이 더 현명합니다.,오전 11시~오후 1시,사자자리는 하루가 달아오른 오전 후반이 에너지가 가장 높습니다. 이 시간에 나누는 연락이 인상에 남습니다.
사자자리,건강운,자신을 사랑하는 것이 오늘 건강의 시작입니다.,오전 11시~오후 1시,사자자리는 하루가 달아오른 오전 후반이 에너지가 가장 높습니다. 이 시간에 나누는 연락이 인상에 남습니다.
사자자리,건강운,오늘 화려하게 에너지를 쓰기보다 차분하게 회복하는 날입니다.,오전 11시~오후 1시,사자자리는 하루가 달아오른 오전 후반이 에너지가 가장 높습니다. 이 시간에 나누는 연락이 인상에 남습니다.
사자자리,건강운,밝은 햇볕 아래에서 시간 보내는 것이 활력이 되는 날입니다.,오전 11시~오후 1시,사자자리는 하루가 달아오른 오전 후반이 에너지가 가장 높습니다. 이 시간에 나누는 연락이 인상에 남습니다.
사자자리,건강운,오늘 등이나 허리에 무리가 가지 않도록 자세를 체크하시기 바랍니다.,오전 11시~오후 1시,사자자리는 하루가 달아오른 오전 후반이 에너지가 가장 높습니다. 이 시간에 나누는 연락이 인상에 남습니다.
사자자리,건강운,사자자리는 스트레스가 심장이나 혈액순환에 영향을 주는 타입입니다. 오늘 마음을 편안하게요.,오전 11시~오후 1시,사자자리는 하루가 달아오른 오전 후반이 에너지가 가장 높습니다. 이 시간에 나누는 연락이 인상에 남습니다.
사자자리,건강운,오늘 충분한 수면이 최고의 에너지 보충입니다.,오전 11시~오후 1시,사자자리는 하루가 달아오른 오전 후반이 에너지가 가장 높습니다. 이 시간에 나누는 연락이 인상에 남습니다.
사자자리,건강운,활동적인 것이 몸에 맞는 날입니다. 춤이나 격렬한 운동도 좋습니다.,오전 11시~오후 1시,사자자리는 하루가 달아오른 오전 후반이 에너지가 가장 높습니다. 이 시간에 나누는 연락이 인상에 남습니다.
사자자리,건강운,오늘 자신을 위한 건강 투자를 해보시기 바랍니다. 몸이 보내는 신호에 귀 기울여보시기 바랍니다.,오전 11시~오후 1시,사자자리는 하루가 달아오른 오전 후반이 에너지가 가장 높습니다. 이 시간에 나누는 연락이 인상에 남습니다.
사자자리,건강운,오늘 혈당이나 체력 관리가 중요한 날입니다. 규칙적으로 먹습니다.,오전 11시~오후 1시,사자자리는 하루가 달아오른 오전 후반이 에너지가 가장 높습니다. 이 시간에 나누는 연락이 인상에 남습니다.
사자자리,건강운,스트레칭이나 요가가 오늘 특히 도움이 되는 날입니다.,오전 11시~오후 1시,사자자리는 하루가 달아오른 오전 후반이 에너지가 가장 높습니다. 이 시간에 나누는 연락이 인상에 남습니다.
사자자리,건강운,오늘 자기 자신을 충분히 돌보는 날입니다.,오전 11시~오후 1시,사자자리는 하루가 달아오른 오전 후반이 에너지가 가장 높습니다. 이 시간에 나누는 연락이 인상에 남습니다.
사자자리,건강운,거울 앞에서 자신을 긍정적으로 바라보는 것이 오늘 건강에도 좋습니다.,오전 11시~오후 1시,사자자리는 하루가 달아오른 오전 후반이 에너지가 가장 높습니다. 이 시간에 나누는 연락이 인상에 남습니다.
사자자리,건강운,쉬는 것도 사자자리에게는 용기가 필요한 일입니다. 오늘 그 용기를 내보시기 바랍니다.,오전 11시~오후 1시,사자자리는 하루가 달아오른 오전 후반이 에너지가 가장 높습니다. 이 시간에 나누는 연락이 인상에 남습니다.
사자자리,건강운,오늘 좋아하는 음악을 틀고 몸을 움직이는 것이 최고의 기분 전환입니다.,오전 11시~오후 1시,사자자리는 하루가 달아오른 오전 후반이 에너지가 가장 높습니다. 이 시간에 나누는 연락이 인상에 남습니다.
사자자리,건강운,오늘 무리해서 완벽하게 하려는 마음을 내려놓아야 몸이 편합니다.,오전 11시~오후 1시,사자자리는 하루가 달아오른 오전 후반이 에너지가 가장 높습니다. 이 시간에 나누는 연락이 인상에 남습니다.
사자자리,건강운,사자자리의 활기찬 에너지를 건강하게 발산하는 날입니다.,오전 11시~오후 1시,사자자리는 하루가 달아오른 오전 후반이 에너지가 가장 높습니다. 이 시간에 나누는 연락이 인상에 남습니다.
사자자리,대인운,오늘 자연스럽게 주목받는 날입니다. 사자자리의 존재감이 빛습니다.,오전 11시~오후 1시,사자자리는 하루가 달아오른 오전 후반이 에너지가 가장 높습니다. 이 시간에 나누는 연락이 인상에 남습니다.
사자자리,대인운,새로운 사람을 만나기 정확히 좋은 날입니다. 첫인상이 강하게 남습니다.,오전 11시~오후 1시,사자자리는 하루가 달아오른 오전 후반이 에너지가 가장 높습니다. 이 시간에 나누는 연락이 인상에 남습니다.
사자자리,대인운,오늘 주변 사람들이 사자자리의 열정에 이끌리는 날입니다.,오전 11시~오후 1시,사자자리는 하루가 달아오른 오전 후반이 에너지가 가장 높습니다. 이 시간에 나누는 연락이 인상에 남습니다.
사자자리,대인운,칭찬을 베푸는 날입니다. 사자자리가 주는 칭찬은 진심이 담겨 있습니다.,오전 11시~오후 1시,사자자리는 하루가 달아오른 오전 후반이 에너지가 가장 높습니다. 이 시간에 나누는 연락이 인상에 남습니다.
사자자리,대인운,오늘 리더 역할이 자연스럽게 나오는 날입니다.,오전 11시~오후 1시,사자자리는 하루가 달아오른 오전 후반이 에너지가 가장 높습니다. 이 시간에 나누는 연락이 인상에 남습니다.
사자자리,대인운,관계에서 자존심 때문에 갈등이 생길 수 있습니다. 먼저 손을 내미는 것이 더 강합니다.,오전 11시~오후 1시,사자자리는 하루가 달아오른 오전 후반이 에너지가 가장 높습니다. 이 시간에 나누는 연락이 인상에 남습니다.
사자자리,대인운,오늘 파티나 모임에서 자연스럽게 중심이 되는 날입니다.,오전 11시~오후 1시,사자자리는 하루가 달아오른 오전 후반이 에너지가 가장 높습니다. 이 시간에 나누는 연락이 인상에 남습니다.
사자자리,대인운,상대방도 인정받고 싶어한다는 걸 기억하는 날입니다.,오전 11시~오후 1시,사자자리는 하루가 달아오른 오전 후반이 에너지가 가장 높습니다. 이 시간에 나누는 연락이 인상에 남습니다.
사자자리,대인운,오늘 사람들에게 영감을 주는 말을 하게 되는 날입니다.,오전 11시~오후 1시,사자자리는 하루가 달아오른 오전 후반이 에너지가 가장 높습니다. 이 시간에 나누는 연락이 인상에 남습니다.
사자자리,대인운,관계에서 진심을 보여주는 것이 오늘 가장 강한 매력입니다.,오전 11시~오후 1시,사자자리는 하루가 달아오른 오전 후반이 에너지가 가장 높습니다. 이 시간에 나누는 연락이 인상에 남습니다.
사자자리,대인운,오늘 누군가의 든든한 지지자가 되어주는 날입니다.,오전 11시~오후 1시,사자자리는 하루가 달아오른 오전 후반이 에너지가 가장 높습니다. 이 시간에 나누는 연락이 인상에 남습니다.
사자자리,대인운,사자자리의 따뜻함이 주변을 밝히는 날입니다.,오전 11시~오후 1시,사자자리는 하루가 달아오른 오전 후반이 에너지가 가장 높습니다. 이 시간에 나누는 연락이 인상에 남습니다.
사자자리,대인운,오늘 새로운 인연이 시작되는 날입니다.,오전 11시~오후 1시,사자자리는 하루가 달아오른 오전 후반이 에너지가 가장 높습니다. 이 시간에 나누는 연락이 인상에 남습니다.
사자자리,대인운,관계에서 주는 것만큼 받는 것도 중요한 날입니다.,오전 11시~오후 1시,사자자리는 하루가 달아오른 오전 후반이 에너지가 가장 높습니다. 이 시간에 나누는 연락이 인상에 남습니다.
사자자리,대인운,오늘 사람들과 함께하는 것에서 에너지를 얻는 날입니다.,오전 11시~오후 1시,사자자리는 하루가 달아오른 오전 후반이 에너지가 가장 높습니다. 이 시간에 나누는 연락이 인상에 남습니다.
사자자리,대인운,드라마틱한 반응보다 차분한 대응이 오늘 더 좋은 결과를 만들습니다.,오전 11시~오후 1시,사자자리는 하루가 달아오른 오전 후반이 에너지가 가장 높습니다. 이 시간에 나누는 연락이 인상에 남습니다.
사자자리,대인운,오늘 당신의 유머가 모임을 즐겁게 만드는 날입니다.,오전 11시~오후 1시,사자자리는 하루가 달아오른 오전 후반이 에너지가 가장 높습니다. 이 시간에 나누는 연락이 인상에 남습니다.
사자자리,대인운,관계에서 솔직함이 빛을 발하는 날입니다.,오전 11시~오후 1시,사자자리는 하루가 달아오른 오전 후반이 에너지가 가장 높습니다. 이 시간에 나누는 연락이 인상에 남습니다.
사자자리,대인운,오늘 주변 사람들이 사자자리를 의지하고 싶어하는 날입니다.,오전 11시~오후 1시,사자자리는 하루가 달아오른 오전 후반이 에너지가 가장 높습니다. 이 시간에 나누는 연락이 인상에 남습니다.
사자자리,대인운,사자자리의 진심 어린 격려가 오늘 누군가에게 큰 힘이 되는 날입니다.,오전 11시~오후 1시,사자자리는 하루가 달아오른 오전 후반이 에너지가 가장 높습니다. 이 시간에 나누는 연락이 인상에 남습니다.
사자자리,행동운,오늘 두려움 없이 도전하는 날입니다. 사자자리는 행동에서 빛나는 타입입니다.,오전 11시~오후 1시,사자자리는 하루가 달아오른 오전 후반이 에너지가 가장 높습니다. 이 시간에 나누는 연락이 인상에 남습니다.
사자자리,행동운,먼저 시작하는 것이 오늘 가장 좋은 행동입니다.,오전 11시~오후 1시,사자자리는 하루가 달아오른 오전 후반이 에너지가 가장 높습니다. 이 시간에 나누는 연락이 인상에 남습니다.
사자자리,행동운,오늘 보여주는 것보다 실제로 하는 것에 집중하는 날입니다.,오전 11시~오후 1시,사자자리는 하루가 달아오른 오전 후반이 에너지가 가장 높습니다. 이 시간에 나누는 연락이 인상에 남습니다.
사자자리,행동운,창의적인 행동이 주목받는 날입니다.,오전 11시~오후 1시,사자자리는 하루가 달아오른 오전 후반이 에너지가 가장 높습니다. 이 시간에 나누는 연락이 인상에 남습니다.
사자자리,행동운,오늘 자신이 원하는 것을 명확히 하고 그것을 향해 움직이는 날입니다.,오전 11시~오후 1시,사자자리는 하루가 달아오른 오전 후반이 에너지가 가장 높습니다. 이 시간에 나누는 연락이 인상에 남습니다.
사자자리,행동운,에너지를 한 곳에 집중하는 행동이 오늘 가장 효과적입니다.,오전 11시~오후 1시,사자자리는 하루가 달아오른 오전 후반이 에너지가 가장 높습니다. 이 시간에 나누는 연락이 인상에 남습니다.
사자자리,행동운,오늘 고집을 내려놓는 행동이 더 큰 것을 얻게 합니다.,오전 11시~오후 1시,사자자리는 하루가 달아오른 오전 후반이 에너지가 가장 높습니다. 이 시간에 나누는 연락이 인상에 남습니다.
사자자리,행동운,무대에서 빛나는 행동을 하는 날입니다. 기회가 오면 잡으시기 바랍니다.,오전 11시~오후 1시,사자자리는 하루가 달아오른 오전 후반이 에너지가 가장 높습니다. 이 시간에 나누는 연락이 인상에 남습니다.
사자자리,행동운,오늘 자신을 위한 투자 행동이 장기적으로 빛을 발합니다.,오전 11시~오후 1시,사자자리는 하루가 달아오른 오전 후반이 에너지가 가장 높습니다. 이 시간에 나누는 연락이 인상에 남습니다.
사자자리,행동운,새로운 것을 시작하기 정확히 좋은 날입니다. 사자자리의 열정이 불을 붙여요.,오전 11시~오후 1시,사자자리는 하루가 달아오른 오전 후반이 에너지가 가장 높습니다. 이 시간에 나누는 연락이 인상에 남습니다.
사자자리,행동운,오늘 리더십을 발휘하는 행동이 자연스럽게 나오는 날입니다.,오전 11시~오후 1시,사자자리는 하루가 달아오른 오전 후반이 에너지가 가장 높습니다. 이 시간에 나누는 연락이 인상에 남습니다.
사자자리,행동운,칭찬과 격려를 먼저 건네는 행동이 오늘 관계를 빛나게 합니다.,오전 11시~오후 1시,사자자리는 하루가 달아오른 오전 후반이 에너지가 가장 높습니다. 이 시간에 나누는 연락이 인상에 남습니다.
사자자리,행동운,오늘 멈추고 쉬는 것도 용기 있는 행동입니다.,오전 11시~오후 1시,사자자리는 하루가 달아오른 오전 후반이 에너지가 가장 높습니다. 이 시간에 나누는 연락이 인상에 남습니다.
사자자리,행동운,자신의 성취를 당당하게 공유하는 날입니다.,오전 11시~오후 1시,사자자리는 하루가 달아오른 오전 후반이 에너지가 가장 높습니다. 이 시간에 나누는 연락이 인상에 남습니다.
사자자리,행동운,오늘 아이디어를 실행으로 옮기는 최적의 날입니다.,오전 11시~오후 1시,사자자리는 하루가 달아오른 오전 후반이 에너지가 가장 높습니다. 이 시간에 나누는 연락이 인상에 남습니다.
사자자리,행동운,번아웃 전에 멈추는 행동이 오늘 가장 현명한 선택입니다.,오전 11시~오후 1시,사자자리는 하루가 달아오른 오전 후반이 에너지가 가장 높습니다. 이 시간에 나누는 연락이 인상에 남습니다.
사자자리,행동운,오늘 사람들 앞에서 자신을 표현하는 것이 강점으로 작용합니다.,오전 11시~오후 1시,사자자리는 하루가 달아오른 오전 후반이 에너지가 가장 높습니다. 이 시간에 나누는 연락이 인상에 남습니다.
사자자리,행동운,행동 전에 한 번만 더 생각하는 것이 오늘 더 좋은 결과를 만들습니다.,오전 11시~오후 1시,사자자리는 하루가 달아오른 오전 후반이 에너지가 가장 높습니다. 이 시간에 나누는 연락이 인상에 남습니다.
사자자리,행동운,오늘 창의성을 행동으로 연결하는 날입니다.,오전 11시~오후 1시,사자자리는 하루가 달아오른 오전 후반이 에너지가 가장 높습니다. 이 시간에 나누는 연락이 인상에 남습니다.
사자자리,행동운,사자자리답게 당당하게 움직이는 날입니다.,오전 11시~오후 1시,사자자리는 하루가 달아오른 오전 후반이 에너지가 가장 높습니다. 이 시간에 나누는 연락이 인상에 남습니다.
처녀자리,총운,오늘 완벽하지 않아도 괜찮습니다. 80%에서 내보내는 연습을 오늘 해보시기 바랍니다. 나머지 20%는 다음 버전에서 합니다.,오전 9시~11시,처녀자리는 오전에 머리가 가장 잘 돌아갑니다. 중요한 연락은 이 시간에 보내는 게 가장 정확하게 전달됩니다.
처녀자리,총운,꼼꼼함이 빛나는 날입니다. 남들이 놓친 것을 처녀자리가 잡아내는 날입니다.,오전 9시~11시,처녀자리는 오전에 머리가 가장 잘 돌아갑니다. 중요한 연락은 이 시간에 보내는 게 가장 정확하게 전달됩니다.
처녀자리,총운,오늘 분석력이 특히 날카로운 날입니다. 중요한 결정을 내리기 좋습니다.,오전 9시~11시,처녀자리는 오전에 머리가 가장 잘 돌아갑니다. 중요한 연락은 이 시간에 보내는 게 가장 정확하게 전달됩니다.
처녀자리,총운,과도한 자기비판을 하는 날입니다. 오늘 자신에게 조금 더 너그러워보시기 바랍니다.,오전 9시~11시,처녀자리는 오전에 머리가 가장 잘 돌아갑니다. 중요한 연락은 이 시간에 보내는 게 가장 정확하게 전달됩니다.
처녀자리,총운,세부사항에 집중하다 전체 그림을 놓칠 수 있습니다. 오늘 가끔 한 발 물러서 보시기 바랍니다.,오전 9시~11시,처녀자리는 오전에 머리가 가장 잘 돌아갑니다. 중요한 연락은 이 시간에 보내는 게 가장 정확하게 전달됩니다.
처녀자리,총운,정리 정돈이 마음을 편하게 만드는 날입니다. 공간을 정리하면 생각도 정리됩니다.,오전 9시~11시,처녀자리는 오전에 머리가 가장 잘 돌아갑니다. 중요한 연락은 이 시간에 보내는 게 가장 정확하게 전달됩니다.
처녀자리,총운,오늘 꾸준히 해온 것들이 결실을 맺는 날입니다.,오전 9시~11시,처녀자리는 오전에 머리가 가장 잘 돌아갑니다. 중요한 연락은 이 시간에 보내는 게 가장 정확하게 전달됩니다.
처녀자리,총운,계획대로 잘 흘러가는 날입니다. 처녀자리의 준비성이 빛을 발합니다.,오전 9시~11시,처녀자리는 오전에 머리가 가장 잘 돌아갑니다. 중요한 연락은 이 시간에 보내는 게 가장 정확하게 전달됩니다.
처녀자리,총운,오늘 비판적 시각을 잠깐 내려놓고 있는 그대로 받아들여보시기 바랍니다.,오전 9시~11시,처녀자리는 오전에 머리가 가장 잘 돌아갑니다. 중요한 연락은 이 시간에 보내는 게 가장 정확하게 전달됩니다.
처녀자리,총운,성실함이 인정받는 날입니다.,오전 9시~11시,처녀자리는 오전에 머리가 가장 잘 돌아갑니다. 중요한 연락은 이 시간에 보내는 게 가장 정확하게 전달됩니다.
처녀자리,총운,오늘 작은 것에서 큰 만족을 찾는 날입니다.,오전 9시~11시,처녀자리는 오전에 머리가 가장 잘 돌아갑니다. 중요한 연락은 이 시간에 보내는 게 가장 정확하게 전달됩니다.
처녀자리,총운,세부사항을 챙기는 능력이 오늘 중요한 차이를 만들습니다.,오전 9시~11시,처녀자리는 오전에 머리가 가장 잘 돌아갑니다. 중요한 연락은 이 시간에 보내는 게 가장 정확하게 전달됩니다.
처녀자리,총운,오늘 자신의 능력을 과소평가하지 마시기 바랍니다. 처녀자리는 생각보다 훨씬 잘 해내고 있습니다.,오전 9시~11시,처녀자리는 오전에 머리가 가장 잘 돌아갑니다. 중요한 연락은 이 시간에 보내는 게 가장 정확하게 전달됩니다.
처녀자리,총운,루틴이 안정감을 주는 날입니다. 익숙한 것들로 하루를 채워보시기 바랍니다.,오전 9시~11시,처녀자리는 오전에 머리가 가장 잘 돌아갑니다. 중요한 연락은 이 시간에 보내는 게 가장 정확하게 전달됩니다.
처녀자리,총운,오늘 분석에 너무 오래 머물지 말고 실행으로 넘어가는 날입니다.,오전 9시~11시,처녀자리는 오전에 머리가 가장 잘 돌아갑니다. 중요한 연락은 이 시간에 보내는 게 가장 정확하게 전달됩니다.
처녀자리,총운,완벽한 계획보다 지금 시작하는 것이 오늘 더 맞습니다.,오전 9시~11시,처녀자리는 오전에 머리가 가장 잘 돌아갑니다. 중요한 연락은 이 시간에 보내는 게 가장 정확하게 전달됩니다.
처녀자리,총운,오늘 자신에게 잘했다는 말을 해주시기 바랍니다.,오전 9시~11시,처녀자리는 오전에 머리가 가장 잘 돌아갑니다. 중요한 연락은 이 시간에 보내는 게 가장 정확하게 전달됩니다.
처녀자리,총운,처녀자리의 관찰력이 오늘 중요한 것을 발견하는 날입니다.,오전 9시~11시,처녀자리는 오전에 머리가 가장 잘 돌아갑니다. 중요한 연락은 이 시간에 보내는 게 가장 정확하게 전달됩니다.
처녀자리,총운,오늘 세심함이 주변 사람들에게 감사받는 날입니다.,오전 9시~11시,처녀자리는 오전에 머리가 가장 잘 돌아갑니다. 중요한 연락은 이 시간에 보내는 게 가장 정확하게 전달됩니다.
처녀자리,총운,스스로를 믿는 것이 오늘 가장 강한 도구입니다.,오전 9시~11시,처녀자리는 오전에 머리가 가장 잘 돌아갑니다. 중요한 연락은 이 시간에 보내는 게 가장 정확하게 전달됩니다.
처녀자리,애정운,말보다 행동으로 마음을 전하는 날입니다. 처녀자리답게 세심한 배려를 보여주시기 바랍니다.,오전 9시~11시,처녀자리는 오전에 머리가 가장 잘 돌아갑니다. 중요한 연락은 이 시간에 보내는 게 가장 정확하게 전달됩니다.
처녀자리,애정운,오늘 상대방의 작은 것도 챙겨주는 것이 사랑의 표현입니다.,오전 9시~11시,처녀자리는 오전에 머리가 가장 잘 돌아갑니다. 중요한 연락은 이 시간에 보내는 게 가장 정확하게 전달됩니다.
처녀자리,애정운,완벽한 타이밍을 기다리지 말고 오늘 그냥 표현해보시기 바랍니다.,오전 9시~11시,처녀자리는 오전에 머리가 가장 잘 돌아갑니다. 중요한 연락은 이 시간에 보내는 게 가장 정확하게 전달됩니다.
처녀자리,애정운,상대방의 단점이 눈에 들어오는 날입니다. 그 시각을 잠깐 내려놓아보시기 바랍니다.,오전 9시~11시,처녀자리는 오전에 머리가 가장 잘 돌아갑니다. 중요한 연락은 이 시간에 보내는 게 가장 정확하게 전달됩니다.
처녀자리,애정운,오늘 솔직한 대화가 관계를 더 건강하게 만드는 날입니다.,오전 9시~11시,처녀자리는 오전에 머리가 가장 잘 돌아갑니다. 중요한 연락은 이 시간에 보내는 게 가장 정확하게 전달됩니다.
처녀자리,애정운,처녀자리는 천천히 마음을 열지만 한번 열면 깊습니다. 오늘 그 깊이를 보여줘도 됩니다.,오전 9시~11시,처녀자리는 오전에 머리가 가장 잘 돌아갑니다. 중요한 연락은 이 시간에 보내는 게 가장 정확하게 전달됩니다.
처녀자리,애정운,관계에서 과도하게 분석하지 않아도 되는 날입니다. 그냥 느껴보시기 바랍니다.,오전 9시~11시,처녀자리는 오전에 머리가 가장 잘 돌아갑니다. 중요한 연락은 이 시간에 보내는 게 가장 정확하게 전달됩니다.
처녀자리,애정운,오늘 상대방을 있는 그대로 받아들이는 연습을 해보시기 바랍니다.,오전 9시~11시,처녀자리는 오전에 머리가 가장 잘 돌아갑니다. 중요한 연락은 이 시간에 보내는 게 가장 정확하게 전달됩니다.
처녀자리,애정운,누군가를 위해 뭔가를 정성스럽게 준비하는 날입니다.,오전 9시~11시,처녀자리는 오전에 머리가 가장 잘 돌아갑니다. 중요한 연락은 이 시간에 보내는 게 가장 정확하게 전달됩니다.
처녀자리,애정운,오늘 먼저 다가가는 것이 의외로 잘 받아들여지는 날입니다.,오전 9시~11시,처녀자리는 오전에 머리가 가장 잘 돌아갑니다. 중요한 연락은 이 시간에 보내는 게 가장 정확하게 전달됩니다.
처녀자리,애정운,관계에서 너무 많이 챙기다 자신이 지치는 패턴을 오늘 의식해보시기 바랍니다.,오전 9시~11시,처녀자리는 오전에 머리가 가장 잘 돌아갑니다. 중요한 연락은 이 시간에 보내는 게 가장 정확하게 전달됩니다.
처녀자리,애정운,오늘 상대방의 노력을 알아봐주는 것이 큰 의미가 됩니다.,오전 9시~11시,처녀자리는 오전에 머리가 가장 잘 돌아갑니다. 중요한 연락은 이 시간에 보내는 게 가장 정확하게 전달됩니다.
처녀자리,애정운,처녀자리의 세심함이 오늘 관계에서 빛나는 날입니다.,오전 9시~11시,처녀자리는 오전에 머리가 가장 잘 돌아갑니다. 중요한 연락은 이 시간에 보내는 게 가장 정확하게 전달됩니다.
처녀자리,애정운,오늘 감사함을 표현하는 것이 관계를 따뜻하게 합니다.,오전 9시~11시,처녀자리는 오전에 머리가 가장 잘 돌아갑니다. 중요한 연락은 이 시간에 보내는 게 가장 정확하게 전달됩니다.
처녀자리,애정운,완벽한 사랑보다 진심 어린 사랑이 오늘 더 강합니다.,오전 9시~11시,처녀자리는 오전에 머리가 가장 잘 돌아갑니다. 중요한 연락은 이 시간에 보내는 게 가장 정확하게 전달됩니다.
처녀자리,애정운,오늘 자신을 사랑하는 것이 더 좋은 관계를 만드는 날입니다.,오전 9시~11시,처녀자리는 오전에 머리가 가장 잘 돌아갑니다. 중요한 연락은 이 시간에 보내는 게 가장 정확하게 전달됩니다.
처녀자리,애정운,관계에서 조급함을 내려놓는 날입니다.,오전 9시~11시,처녀자리는 오전에 머리가 가장 잘 돌아갑니다. 중요한 연락은 이 시간에 보내는 게 가장 정확하게 전달됩니다.
처녀자리,애정운,오늘 편지나 문자로 마음을 전하는 것이 잘 닿는 날입니다.,오전 9시~11시,처녀자리는 오전에 머리가 가장 잘 돌아갑니다. 중요한 연락은 이 시간에 보내는 게 가장 정확하게 전달됩니다.
처녀자리,애정운,상대방의 건강이나 컨디션을 챙겨주는 것이 처녀자리다운 사랑입니다.,오전 9시~11시,처녀자리는 오전에 머리가 가장 잘 돌아갑니다. 중요한 연락은 이 시간에 보내는 게 가장 정확하게 전달됩니다.
처녀자리,애정운,오늘 가까운 사람에게 솔직한 조언을 해주는 것이 사랑입니다.,오전 9시~11시,처녀자리는 오전에 머리가 가장 잘 돌아갑니다. 중요한 연락은 이 시간에 보내는 게 가장 정확하게 전달됩니다.
처녀자리,금전운,계획적인 소비가 빛나는 날입니다. 처녀자리의 꼼꼼한 금전 관리가 오늘 결실을 맺습니다.,오전 9시~11시,처녀자리는 오전에 머리가 가장 잘 돌아갑니다. 중요한 연락은 이 시간에 보내는 게 가장 정확하게 전달됩니다.
처녀자리,금전운,오늘 예산을 다시 점검하기 좋은 날입니다.,오전 9시~11시,처녀자리는 오전에 머리가 가장 잘 돌아갑니다. 중요한 연락은 이 시간에 보내는 게 가장 정확하게 전달됩니다.
처녀자리,금전운,작은 절약이 모이는 날입니다. 처녀자리의 알뜰함이 오늘 특히 발휘됩니다.,오전 9시~11시,처녀자리는 오전에 머리가 가장 잘 돌아갑니다. 중요한 연락은 이 시간에 보내는 게 가장 정확하게 전달됩니다.
처녀자리,금전운,오늘 충동구매가 거의 없는 날입니다. 처녀자리는 분석 후 소비하는 타입입니다.,오전 9시~11시,처녀자리는 오전에 머리가 가장 잘 돌아갑니다. 중요한 연락은 이 시간에 보내는 게 가장 정확하게 전달됩니다.
처녀자리,금전운,가계부나 예산 계획표를 세우기 좋은 날입니다.,오전 9시~11시,처녀자리는 오전에 머리가 가장 잘 돌아갑니다. 중요한 연락은 이 시간에 보내는 게 가장 정확하게 전달됩니다.
처녀자리,금전운,오늘 투자 관련 정보를 꼼꼼하게 검토하기 좋은 날입니다.,오전 9시~11시,처녀자리는 오전에 머리가 가장 잘 돌아갑니다. 중요한 연락은 이 시간에 보내는 게 가장 정확하게 전달됩니다.
처녀자리,금전운,예상치 못한 수입이 생기는 날입니다.,오전 9시~11시,처녀자리는 오전에 머리가 가장 잘 돌아갑니다. 중요한 연락은 이 시간에 보내는 게 가장 정확하게 전달됩니다.
처녀자리,금전운,금전 관련 서류를 정리하거나 확인하기 좋은 날입니다.,오전 9시~11시,처녀자리는 오전에 머리가 가장 잘 돌아갑니다. 중요한 연락은 이 시간에 보내는 게 가장 정확하게 전달됩니다.
처녀자리,금전운,오늘 가치 있는 것에 투자하는 것이 맞는 날입니다.,오전 9시~11시,처녀자리는 오전에 머리가 가장 잘 돌아갑니다. 중요한 연락은 이 시간에 보내는 게 가장 정확하게 전달됩니다.
처녀자리,금전운,소소한 지출이 생기지만 필요한 것들입니다.,오전 9시~11시,처녀자리는 오전에 머리가 가장 잘 돌아갑니다. 중요한 연락은 이 시간에 보내는 게 가장 정확하게 전달됩니다.
처녀자리,금전운,오늘 재정 목표를 다시 설정하기 좋은 날입니다.,오전 9시~11시,처녀자리는 오전에 머리가 가장 잘 돌아갑니다. 중요한 연락은 이 시간에 보내는 게 가장 정확하게 전달됩니다.
처녀자리,금전운,처녀자리의 분석력이 금전 결정에서 빛나는 날입니다.,오전 9시~11시,처녀자리는 오전에 머리가 가장 잘 돌아갑니다. 중요한 연락은 이 시간에 보내는 게 가장 정확하게 전달됩니다.
처녀자리,금전운,오늘 작은 것들이 쌓여서 큰 수입이 되는 흐름이 보이는 날입니다.,오전 9시~11시,처녀자리는 오전에 머리가 가장 잘 돌아갑니다. 중요한 연락은 이 시간에 보내는 게 가장 정확하게 전달됩니다.
처녀자리,금전운,금전 걱정을 숫자로 정리하면 훨씬 명확해지는 날입니다.,오전 9시~11시,처녀자리는 오전에 머리가 가장 잘 돌아갑니다. 중요한 연락은 이 시간에 보내는 게 가장 정확하게 전달됩니다.
처녀자리,금전운,오늘 절약보다 효율적인 지출에 집중하는 날입니다.,오전 9시~11시,처녀자리는 오전에 머리가 가장 잘 돌아갑니다. 중요한 연락은 이 시간에 보내는 게 가장 정확하게 전달됩니다.
처녀자리,금전운,오래된 구독이나 자동결제를 정리하기 정확히 좋은 날입니다.,오전 9시~11시,처녀자리는 오전에 머리가 가장 잘 돌아갑니다. 중요한 연락은 이 시간에 보내는 게 가장 정확하게 전달됩니다.
처녀자리,금전운,처녀자리의 꼼꼼함이 금전 실수를 예방하는 날입니다.,오전 9시~11시,처녀자리는 오전에 머리가 가장 잘 돌아갑니다. 중요한 연락은 이 시간에 보내는 게 가장 정확하게 전달됩니다.
처녀자리,금전운,오늘 건강 관련 지출은 아깝지 않은 투자입니다.,오전 9시~11시,처녀자리는 오전에 머리가 가장 잘 돌아갑니다. 중요한 연락은 이 시간에 보내는 게 가장 정확하게 전달됩니다.
처녀자리,금전운,장기 저축 계획을 세우기 좋은 날입니다.,오전 9시~11시,처녀자리는 오전에 머리가 가장 잘 돌아갑니다. 중요한 연락은 이 시간에 보내는 게 가장 정확하게 전달됩니다.
처녀자리,금전운,금전보다 시간 관리가 오늘 더 중요한 날입니다.,오전 9시~11시,처녀자리는 오전에 머리가 가장 잘 돌아갑니다. 중요한 연락은 이 시간에 보내는 게 가장 정확하게 전달됩니다.
처녀자리,직장운,오늘 꼼꼼함이 인정받는 날입니다. 처녀자리가 발견한 오류가 큰 문제를 막습니다.,오전 9시~11시,처녀자리는 오전에 머리가 가장 잘 돌아갑니다. 중요한 연락은 이 시간에 보내는 게 가장 정확하게 전달됩니다.
처녀자리,직장운,완벽하게 준비된 후에 시작하고 싶지만 오늘은 80%에서 시작해도 충분합니다.,오전 9시~11시,처녀자리는 오전에 머리가 가장 잘 돌아갑니다. 중요한 연락은 이 시간에 보내는 게 가장 정확하게 전달됩니다.
처녀자리,직장운,세부사항을 챙기는 업무에서 탁월한 결과를 내는 날입니다.,오전 9시~11시,처녀자리는 오전에 머리가 가장 잘 돌아갑니다. 중요한 연락은 이 시간에 보내는 게 가장 정확하게 전달됩니다.
처녀자리,직장운,오늘 분석이 필요한 과제에서 처녀자리가 독보적인 날입니다.,오전 9시~11시,처녀자리는 오전에 머리가 가장 잘 돌아갑니다. 중요한 연락은 이 시간에 보내는 게 가장 정확하게 전달됩니다.
처녀자리,직장운,자기비판이 강한 날입니다. 오늘은 자신이 한 것에 집중하고 못 한 것은 내일 합니다.,오전 9시~11시,처녀자리는 오전에 머리가 가장 잘 돌아갑니다. 중요한 연락은 이 시간에 보내는 게 가장 정확하게 전달됩니다.
처녀자리,직장운,오늘 팀 내에서 신뢰받는 역할을 맡게 되는 날입니다.,오전 9시~11시,처녀자리는 오전에 머리가 가장 잘 돌아갑니다. 중요한 연락은 이 시간에 보내는 게 가장 정확하게 전달됩니다.
처녀자리,직장운,업무 마감이 잘 지켜지는 날입니다. 처녀자리의 계획성이 빛습니다.,오전 9시~11시,처녀자리는 오전에 머리가 가장 잘 돌아갑니다. 중요한 연락은 이 시간에 보내는 게 가장 정확하게 전달됩니다.
처녀자리,직장운,오늘 개선할 점을 발견하는 날입니다. 그 개선이 전체를 더 좋게 만들습니다.,오전 9시~11시,처녀자리는 오전에 머리가 가장 잘 돌아갑니다. 중요한 연락은 이 시간에 보내는 게 가장 정확하게 전달됩니다.
처녀자리,직장운,새로운 방식보다 검증된 방식이 오늘 더 좋은 결과를 내요.,오전 9시~11시,처녀자리는 오전에 머리가 가장 잘 돌아갑니다. 중요한 연락은 이 시간에 보내는 게 가장 정확하게 전달됩니다.
처녀자리,직장운,오늘 혼자 집중해서 일할 때 최고의 결과가 나오는 날입니다.,오전 9시~11시,처녀자리는 오전에 머리가 가장 잘 돌아갑니다. 중요한 연락은 이 시간에 보내는 게 가장 정확하게 전달됩니다.
처녀자리,직장운,상사나 클라이언트의 피드백을 개선 기회로 받아들이는 날입니다.,오전 9시~11시,처녀자리는 오전에 머리가 가장 잘 돌아갑니다. 중요한 연락은 이 시간에 보내는 게 가장 정확하게 전달됩니다.
처녀자리,직장운,처녀자리의 성실함이 오늘 주변에 영향을 미치는 날입니다.,오전 9시~11시,처녀자리는 오전에 머리가 가장 잘 돌아갑니다. 중요한 연락은 이 시간에 보내는 게 가장 정확하게 전달됩니다.
처녀자리,직장운,오늘 업무에서 실수가 적은 날입니다. 처녀자리의 꼼꼼함 덕분입니다.,오전 9시~11시,처녀자리는 오전에 머리가 가장 잘 돌아갑니다. 중요한 연락은 이 시간에 보내는 게 가장 정확하게 전달됩니다.
처녀자리,직장운,새로운 기술이나 방법을 익히기 좋은 날입니다.,오전 9시~11시,처녀자리는 오전에 머리가 가장 잘 돌아갑니다. 중요한 연락은 이 시간에 보내는 게 가장 정확하게 전달됩니다.
처녀자리,직장운,오늘 업무 효율을 높이는 아이디어가 떠오르는 날입니다.,오전 9시~11시,처녀자리는 오전에 머리가 가장 잘 돌아갑니다. 중요한 연락은 이 시간에 보내는 게 가장 정확하게 전달됩니다.
처녀자리,직장운,완벽주의가 오늘 발목을 잡을 수 있습니다. 충분히 좋은 것으로 진행합니다.,오전 9시~11시,처녀자리는 오전에 머리가 가장 잘 돌아갑니다. 중요한 연락은 이 시간에 보내는 게 가장 정확하게 전달됩니다.
처녀자리,직장운,오늘 문서 작업이나 정리가 필요한 업무에서 탁월한 날입니다.,오전 9시~11시,처녀자리는 오전에 머리가 가장 잘 돌아갑니다. 중요한 연락은 이 시간에 보내는 게 가장 정확하게 전달됩니다.
처녀자리,직장운,세심한 배려가 팀워크를 높이는 날입니다.,오전 9시~11시,처녀자리는 오전에 머리가 가장 잘 돌아갑니다. 중요한 연락은 이 시간에 보내는 게 가장 정확하게 전달됩니다.
처녀자리,직장운,오늘 업무에서 중요한 디테일을 잡아내는 날입니다.,오전 9시~11시,처녀자리는 오전에 머리가 가장 잘 돌아갑니다. 중요한 연락은 이 시간에 보내는 게 가장 정확하게 전달됩니다.
처녀자리,직장운,처녀자리의 분석력이 복잡한 문제를 해결하는 날입니다.,오전 9시~11시,처녀자리는 오전에 머리가 가장 잘 돌아갑니다. 중요한 연락은 이 시간에 보내는 게 가장 정확하게 전달됩니다.
처녀자리,건강운,스트레스가 소화기에 가는 날입니다. 따뜻한 음식과 충분한 물이 도움이 됩니다.,오전 9시~11시,처녀자리는 오전에 머리가 가장 잘 돌아갑니다. 중요한 연락은 이 시간에 보내는 게 가장 정확하게 전달됩니다.
처녀자리,건강운,규칙적인 루틴이 가장 중요한 날입니다. 처녀자리는 루틴에서 건강을 찾는 타입입니다.,오전 9시~11시,처녀자리는 오전에 머리가 가장 잘 돌아갑니다. 중요한 연락은 이 시간에 보내는 게 가장 정확하게 전달됩니다.
처녀자리,건강운,오늘 과도한 자기비판이 건강에 영향을 주는 날입니다. 자신에게 너그러워보시기 바랍니다.,오전 9시~11시,처녀자리는 오전에 머리가 가장 잘 돌아갑니다. 중요한 연락은 이 시간에 보내는 게 가장 정확하게 전달됩니다.
처녀자리,건강운,소화기 건강에 좋은 음식을 먹는 날입니다. 자극적인 음식을 피하시기 바랍니다.,오전 9시~11시,처녀자리는 오전에 머리가 가장 잘 돌아갑니다. 중요한 연락은 이 시간에 보내는 게 가장 정확하게 전달됩니다.
처녀자리,건강운,오늘 충분한 수면이 가장 중요한 건강 관리입니다.,오전 9시~11시,처녀자리는 오전에 머리가 가장 잘 돌아갑니다. 중요한 연락은 이 시간에 보내는 게 가장 정확하게 전달됩니다.
처녀자리,건강운,복부 스트레칭이나 요가가 오늘 특히 도움이 되는 날입니다.,오전 9시~11시,처녀자리는 오전에 머리가 가장 잘 돌아갑니다. 중요한 연락은 이 시간에 보내는 게 가장 정확하게 전달됩니다.
처녀자리,건강운,건강 관련 정보를 꼼꼼하게 확인하는 날입니다. 처녀자리의 분석력이 건강에서도 쓰여요.,오전 9시~11시,처녀자리는 오전에 머리가 가장 잘 돌아갑니다. 중요한 연락은 이 시간에 보내는 게 가장 정확하게 전달됩니다.
처녀자리,건강운,오늘 규칙적인 식사가 에너지를 유지하는 핵심입니다.,오전 9시~11시,처녀자리는 오전에 머리가 가장 잘 돌아갑니다. 중요한 연락은 이 시간에 보내는 게 가장 정확하게 전달됩니다.
처녀자리,건강운,완벽한 건강 루틴보다 지금 할 수 있는 것부터 하는 날입니다.,오전 9시~11시,처녀자리는 오전에 머리가 가장 잘 돌아갑니다. 중요한 연락은 이 시간에 보내는 게 가장 정확하게 전달됩니다.
처녀자리,건강운,오늘 소소한 증상도 무시하지 말고 확인하는 날입니다.,오전 9시~11시,처녀자리는 오전에 머리가 가장 잘 돌아갑니다. 중요한 연락은 이 시간에 보내는 게 가장 정확하게 전달됩니다.
처녀자리,건강운,신선한 채소와 과일을 더 챙겨 먹는 날입니다.,오전 9시~11시,처녀자리는 오전에 머리가 가장 잘 돌아갑니다. 중요한 연락은 이 시간에 보내는 게 가장 정확하게 전달됩니다.
처녀자리,건강운,오늘 정리정돈이 스트레스를 줄이는 데 도움이 됩니다.,오전 9시~11시,처녀자리는 오전에 머리가 가장 잘 돌아갑니다. 중요한 연락은 이 시간에 보내는 게 가장 정확하게 전달됩니다.
처녀자리,건강운,처녀자리는 몸의 변화를 잘 감지하는 타입입니다. 오늘 그 신호에 귀 기울여보시기 바랍니다.,오전 9시~11시,처녀자리는 오전에 머리가 가장 잘 돌아갑니다. 중요한 연락은 이 시간에 보내는 게 가장 정확하게 전달됩니다.
처녀자리,건강운,오늘 걷기가 소화에도 정신 건강에도 도움이 되는 날입니다.,오전 9시~11시,처녀자리는 오전에 머리가 가장 잘 돌아갑니다. 중요한 연락은 이 시간에 보내는 게 가장 정확하게 전달됩니다.
처녀자리,건강운,자신을 너무 혹독하게 몰아붙이지 않는 것이 오늘 건강의 핵심입니다.,오전 9시~11시,처녀자리는 오전에 머리가 가장 잘 돌아갑니다. 중요한 연락은 이 시간에 보내는 게 가장 정확하게 전달됩니다.
처녀자리,건강운,오늘 충분히 쉬는 것도 건강 관리입니다. 완벽하게 하지 않아도 됩니다.,오전 9시~11시,처녀자리는 오전에 머리가 가장 잘 돌아갑니다. 중요한 연락은 이 시간에 보내는 게 가장 정확하게 전달됩니다.
처녀자리,건강운,음식을 천천히 씹어 먹는 것이 오늘 특히 소화에 도움이 됩니다.,오전 9시~11시,처녀자리는 오전에 머리가 가장 잘 돌아갑니다. 중요한 연락은 이 시간에 보내는 게 가장 정확하게 전달됩니다.
처녀자리,건강운,손 씻기나 위생 관리가 오늘 특히 중요한 날입니다.,오전 9시~11시,처녀자리는 오전에 머리가 가장 잘 돌아갑니다. 중요한 연락은 이 시간에 보내는 게 가장 정확하게 전달됩니다.
처녀자리,건강운,오늘 자신에게 좋은 것을 해주는 것이 건강의 시작입니다.,오전 9시~11시,처녀자리는 오전에 머리가 가장 잘 돌아갑니다. 중요한 연락은 이 시간에 보내는 게 가장 정확하게 전달됩니다.
처녀자리,건강운,처녀자리의 꼼꼼함이 건강 관리에서 강점인 날입니다.,오전 9시~11시,처녀자리는 오전에 머리가 가장 잘 돌아갑니다. 중요한 연락은 이 시간에 보내는 게 가장 정확하게 전달됩니다.
처녀자리,대인운,세심한 배려가 오늘 주변 사람들에게 크게 닿는 날입니다.,오전 9시~11시,처녀자리는 오전에 머리가 가장 잘 돌아갑니다. 중요한 연락은 이 시간에 보내는 게 가장 정확하게 전달됩니다.
처녀자리,대인운,오늘 누군가의 말을 끝까지 들어주는 것이 관계를 깊게 하는 날입니다.,오전 9시~11시,처녀자리는 오전에 머리가 가장 잘 돌아갑니다. 중요한 연락은 이 시간에 보내는 게 가장 정확하게 전달됩니다.
처녀자리,대인운,비판보다 지지가 오늘 관계에서 더 효과적입니다.,오전 9시~11시,처녀자리는 오전에 머리가 가장 잘 돌아갑니다. 중요한 연락은 이 시간에 보내는 게 가장 정확하게 전달됩니다.
처녀자리,대인운,처녀자리의 조언이 오늘 특히 유용하게 받아들여지는 날입니다.,오전 9시~11시,처녀자리는 오전에 머리가 가장 잘 돌아갑니다. 중요한 연락은 이 시간에 보내는 게 가장 정확하게 전달됩니다.
처녀자리,대인운,오늘 상대방의 노력을 알아봐주는 것이 관계를 따뜻하게 합니다.,오전 9시~11시,처녀자리는 오전에 머리가 가장 잘 돌아갑니다. 중요한 연락은 이 시간에 보내는 게 가장 정확하게 전달됩니다.
처녀자리,대인운,완벽하지 않은 사람도 받아들이는 연습을 하는 날입니다.,오전 9시~11시,처녀자리는 오전에 머리가 가장 잘 돌아갑니다. 중요한 연락은 이 시간에 보내는 게 가장 정확하게 전달됩니다.
처녀자리,대인운,오늘 정직한 피드백이 관계를 더 건강하게 만드는 날입니다.,오전 9시~11시,처녀자리는 오전에 머리가 가장 잘 돌아갑니다. 중요한 연락은 이 시간에 보내는 게 가장 정확하게 전달됩니다.
처녀자리,대인운,새로운 사람과의 만남에서 처녀자리의 세심함이 빛나는 날입니다.,오전 9시~11시,처녀자리는 오전에 머리가 가장 잘 돌아갑니다. 중요한 연락은 이 시간에 보내는 게 가장 정확하게 전달됩니다.
처녀자리,대인운,오늘 주변 사람들이 처녀자리의 신중함에 신뢰를 보내는 날입니다.,오전 9시~11시,처녀자리는 오전에 머리가 가장 잘 돌아갑니다. 중요한 연락은 이 시간에 보내는 게 가장 정확하게 전달됩니다.
처녀자리,대인운,관계에서 너무 많이 분석하지 않는 연습을 하는 날입니다.,오전 9시~11시,처녀자리는 오전에 머리가 가장 잘 돌아갑니다. 중요한 연락은 이 시간에 보내는 게 가장 정확하게 전달됩니다.
처녀자리,대인운,오늘 조용한 자리에서 깊은 대화를 나누기 좋은 날입니다.,오전 9시~11시,처녀자리는 오전에 머리가 가장 잘 돌아갑니다. 중요한 연락은 이 시간에 보내는 게 가장 정확하게 전달됩니다.
처녀자리,대인운,처녀자리의 관찰력이 관계에서 중요한 것을 포착하는 날입니다.,오전 9시~11시,처녀자리는 오전에 머리가 가장 잘 돌아갑니다. 중요한 연락은 이 시간에 보내는 게 가장 정확하게 전달됩니다.
처녀자리,대인운,오늘 상대방의 단점보다 장점에 집중하는 날입니다.,오전 9시~11시,처녀자리는 오전에 머리가 가장 잘 돌아갑니다. 중요한 연락은 이 시간에 보내는 게 가장 정확하게 전달됩니다.
처녀자리,대인운,작은 것을 챙겨주는 처녀자리의 배려가 오늘 사람들을 감동시키는 날입니다.,오전 9시~11시,처녀자리는 오전에 머리가 가장 잘 돌아갑니다. 중요한 연락은 이 시간에 보내는 게 가장 정확하게 전달됩니다.
처녀자리,대인운,오늘 솔직한 대화가 관계를 더 건강하게 만드는 날입니다.,오전 9시~11시,처녀자리는 오전에 머리가 가장 잘 돌아갑니다. 중요한 연락은 이 시간에 보내는 게 가장 정확하게 전달됩니다.
처녀자리,대인운,관계에서 완벽함을 요구하지 않는 것이 오늘 더 좋은 관계를 만들습니다.,오전 9시~11시,처녀자리는 오전에 머리가 가장 잘 돌아갑니다. 중요한 연락은 이 시간에 보내는 게 가장 정확하게 전달됩니다.
처녀자리,대인운,오늘 도움을 받는 것도 관계의 일부임을 기억하는 날입니다.,오전 9시~11시,처녀자리는 오전에 머리가 가장 잘 돌아갑니다. 중요한 연락은 이 시간에 보내는 게 가장 정확하게 전달됩니다.
처녀자리,대인운,처녀자리의 성실함이 오늘 인간관계에서 신뢰를 쌓는 날입니다.,오전 9시~11시,처녀자리는 오전에 머리가 가장 잘 돌아갑니다. 중요한 연락은 이 시간에 보내는 게 가장 정확하게 전달됩니다.
처녀자리,대인운,오늘 가까운 사람에게 감사를 표현하는 날입니다.,오전 9시~11시,처녀자리는 오전에 머리가 가장 잘 돌아갑니다. 중요한 연락은 이 시간에 보내는 게 가장 정확하게 전달됩니다.
처녀자리,대인운,처녀자리가 주변을 꼼꼼하게 챙기는 것이 오늘 빛나는 날입니다.,오전 9시~11시,처녀자리는 오전에 머리가 가장 잘 돌아갑니다. 중요한 연락은 이 시간에 보내는 게 가장 정확하게 전달됩니다.
처녀자리,행동운,80%에서 내보내는 연습을 오늘 하는 날입니다. 완벽보다 완성이 오늘 더 중요합니다.,오전 9시~11시,처녀자리는 오전에 머리가 가장 잘 돌아갑니다. 중요한 연락은 이 시간에 보내는 게 가장 정확하게 전달됩니다.
처녀자리,행동운,오늘 분석에서 실행으로 넘어가는 날입니다.,오전 9시~11시,처녀자리는 오전에 머리가 가장 잘 돌아갑니다. 중요한 연락은 이 시간에 보내는 게 가장 정확하게 전달됩니다.
처녀자리,행동운,리스트를 만들고 하나씩 지워나가는 것이 오늘 가장 만족스러운 행동입니다.,오전 9시~11시,처녀자리는 오전에 머리가 가장 잘 돌아갑니다. 중요한 연락은 이 시간에 보내는 게 가장 정확하게 전달됩니다.
처녀자리,행동운,오늘 완벽한 계획보다 지금 시작하는 것이 더 맞습니다.,오전 9시~11시,처녀자리는 오전에 머리가 가장 잘 돌아갑니다. 중요한 연락은 이 시간에 보내는 게 가장 정확하게 전달됩니다.
처녀자리,행동운,정리정돈을 하는 것이 오늘 하루를 가볍게 시작하는 방법입니다.,오전 9시~11시,처녀자리는 오전에 머리가 가장 잘 돌아갑니다. 중요한 연락은 이 시간에 보내는 게 가장 정확하게 전달됩니다.
처녀자리,행동운,오늘 세부사항을 챙기는 행동이 나중에 큰 차이를 만들습니다.,오전 9시~11시,처녀자리는 오전에 머리가 가장 잘 돌아갑니다. 중요한 연락은 이 시간에 보내는 게 가장 정확하게 전달됩니다.
처녀자리,행동운,자기비판보다 자기 격려를 먼저 하는 날입니다.,오전 9시~11시,처녀자리는 오전에 머리가 가장 잘 돌아갑니다. 중요한 연락은 이 시간에 보내는 게 가장 정확하게 전달됩니다.
처녀자리,행동운,오늘 루틴을 지키는 것이 가장 좋은 행동입니다.,오전 9시~11시,처녀자리는 오전에 머리가 가장 잘 돌아갑니다. 중요한 연락은 이 시간에 보내는 게 가장 정확하게 전달됩니다.
처녀자리,행동운,처녀자리가 개선할 점을 발견했다면 오늘 바로 적용해보시기 바랍니다.,오전 9시~11시,처녀자리는 오전에 머리가 가장 잘 돌아갑니다. 중요한 연락은 이 시간에 보내는 게 가장 정확하게 전달됩니다.
처녀자리,행동운,오늘 꼼꼼하게 확인하는 행동 하나가 실수를 예방합니다.,오전 9시~11시,처녀자리는 오전에 머리가 가장 잘 돌아갑니다. 중요한 연락은 이 시간에 보내는 게 가장 정확하게 전달됩니다.
처녀자리,행동운,정보를 정리하고 정돈하는 것이 오늘 에너지가 되는 날입니다.,오전 9시~11시,처녀자리는 오전에 머리가 가장 잘 돌아갑니다. 중요한 연락은 이 시간에 보내는 게 가장 정확하게 전달됩니다.
처녀자리,행동운,오늘 하나를 완벽하게 끝내는 것이 여러 개를 시작하는 것보다 나습니다.,오전 9시~11시,처녀자리는 오전에 머리가 가장 잘 돌아갑니다. 중요한 연락은 이 시간에 보내는 게 가장 정확하게 전달됩니다.
처녀자리,행동운,건강을 위한 작은 행동 하나를 오늘 시작하는 날입니다.,오전 9시~11시,처녀자리는 오전에 머리가 가장 잘 돌아갑니다. 중요한 연락은 이 시간에 보내는 게 가장 정확하게 전달됩니다.
처녀자리,행동운,오늘 도움을 요청하는 것도 용기 있는 행동입니다.,오전 9시~11시,처녀자리는 오전에 머리가 가장 잘 돌아갑니다. 중요한 연락은 이 시간에 보내는 게 가장 정확하게 전달됩니다.
처녀자리,행동운,처녀자리의 꼼꼼함이 행동에서 결과를 만드는 날입니다.,오전 9시~11시,처녀자리는 오전에 머리가 가장 잘 돌아갑니다. 중요한 연락은 이 시간에 보내는 게 가장 정확하게 전달됩니다.
처녀자리,행동운,오늘 미루던 서류 정리나 확인을 해보시기 바랍니다.,오전 9시~11시,처녀자리는 오전에 머리가 가장 잘 돌아갑니다. 중요한 연락은 이 시간에 보내는 게 가장 정확하게 전달됩니다.
처녀자리,행동운,자신이 잘한 것을 먼저 인정하는 행동이 오늘 에너지를 만들습니다.,오전 9시~11시,처녀자리는 오전에 머리가 가장 잘 돌아갑니다. 중요한 연락은 이 시간에 보내는 게 가장 정확하게 전달됩니다.
처녀자리,행동운,오늘 천천히 하더라도 정확하게 하는 것이 더 좋은 날입니다.,오전 9시~11시,처녀자리는 오전에 머리가 가장 잘 돌아갑니다. 중요한 연락은 이 시간에 보내는 게 가장 정확하게 전달됩니다.
처녀자리,행동운,새로운 습관을 시작하기 좋은 날입니다. 작은 것부터요.,오전 9시~11시,처녀자리는 오전에 머리가 가장 잘 돌아갑니다. 중요한 연락은 이 시간에 보내는 게 가장 정확하게 전달됩니다.
처녀자리,행동운,오늘 완성한 것을 스스로 인정해주는 것이 가장 중요한 행동입니다.,오전 9시~11시,처녀자리는 오전에 머리가 가장 잘 돌아갑니다. 중요한 연락은 이 시간에 보내는 게 가장 정확하게 전달됩니다.
천칭자리,총운,균형이 흔들리는 날입니다. 모든 것을 맞추려 하지 말고 오늘 가장 중요한 하나에 집중해보시기 바랍니다.,오후 3시~6시,천칭자리는 오후에 사람 에너지가 올라오는 타입입니다. 이 시간대가 가장 자연스럽게 대화가 열립니다.
천칭자리,총운,결정해야 하는 일이 있다면 오늘 기한을 정해서 결정해보시기 바랍니다. 천칭자리는 결정 후가 결정 전보다 훨씬 편한 타입입니다.,오후 3시~6시,천칭자리는 오후에 사람 에너지가 올라오는 타입입니다. 이 시간대가 가장 자연스럽게 대화가 열립니다.
천칭자리,총운,오늘 조화로운 환경이 에너지를 올려주는 날입니다. 공간을 예쁘게 정리해보시기 바랍니다.,오후 3시~6시,천칭자리는 오후에 사람 에너지가 올라오는 타입입니다. 이 시간대가 가장 자연스럽게 대화가 열립니다.
천칭자리,총운,심미안이 빛나는 날입니다. 아름다운 것에서 영감을 얻는 날입니다.,오후 3시~6시,천칭자리는 오후에 사람 에너지가 올라오는 타입입니다. 이 시간대가 가장 자연스럽게 대화가 열립니다.
천칭자리,총운,오늘 공정함을 추구하는 천칭자리의 태도가 주변에 좋은 영향을 미쳐요.,오후 3시~6시,천칭자리는 오후에 사람 에너지가 올라오는 타입입니다. 이 시간대가 가장 자연스럽게 대화가 열립니다.
천칭자리,총운,갈등을 피하려는 마음이 드는 날입니다. 오늘은 그 마음을 따라가보시기 바랍니다.,오후 3시~6시,천칭자리는 오후에 사람 에너지가 올라오는 타입입니다. 이 시간대가 가장 자연스럽게 대화가 열립니다.
천칭자리,총운,오늘 다양한 선택지를 탐색하는 것이 즐거운 날입니다.,오후 3시~6시,천칭자리는 오후에 사람 에너지가 올라오는 타입입니다. 이 시간대가 가장 자연스럽게 대화가 열립니다.
천칭자리,총운,누군가를 위해 중재 역할을 하게 되는 날입니다.,오후 3시~6시,천칭자리는 오후에 사람 에너지가 올라오는 타입입니다. 이 시간대가 가장 자연스럽게 대화가 열립니다.
천칭자리,총운,오늘 균형 잡힌 시각이 중요한 결정에 도움이 됩니다.,오후 3시~6시,천칭자리는 오후에 사람 에너지가 올라오는 타입입니다. 이 시간대가 가장 자연스럽게 대화가 열립니다.
천칭자리,총운,천칭자리의 사교성이 오늘 빛나는 날입니다.,오후 3시~6시,천칭자리는 오후에 사람 에너지가 올라오는 타입입니다. 이 시간대가 가장 자연스럽게 대화가 열립니다.
천칭자리,총운,오늘 아름다움에서 영감을 받는 날입니다.,오후 3시~6시,천칭자리는 오후에 사람 에너지가 올라오는 타입입니다. 이 시간대가 가장 자연스럽게 대화가 열립니다.
천칭자리,총운,균형이 맞는 날입니다. 안정적으로 흘러갑니다.,오후 3시~6시,천칭자리는 오후에 사람 에너지가 올라오는 타입입니다. 이 시간대가 가장 자연스럽게 대화가 열립니다.
천칭자리,총운,오늘 타인의 의견을 들어보는 것이 더 나은 결정을 만드는 날입니다.,오후 3시~6시,천칭자리는 오후에 사람 에너지가 올라오는 타입입니다. 이 시간대가 가장 자연스럽게 대화가 열립니다.
천칭자리,총운,우유부단함이 나오는 날입니다. 오늘 정확히 하나만 결정해보시기 바랍니다.,오후 3시~6시,천칭자리는 오후에 사람 에너지가 올라오는 타입입니다. 이 시간대가 가장 자연스럽게 대화가 열립니다.
천칭자리,총운,공평하게 판단하는 능력이 오늘 가장 빛나는 날입니다.,오후 3시~6시,천칭자리는 오후에 사람 에너지가 올라오는 타입입니다. 이 시간대가 가장 자연스럽게 대화가 열립니다.
천칭자리,총운,오늘 자신이 원하는 것을 명확히 하는 날입니다.,오후 3시~6시,천칭자리는 오후에 사람 에너지가 올라오는 타입입니다. 이 시간대가 가장 자연스럽게 대화가 열립니다.
천칭자리,총운,천칭자리의 균형감각이 오늘 상황을 안정시키는 날입니다.,오후 3시~6시,천칭자리는 오후에 사람 에너지가 올라오는 타입입니다. 이 시간대가 가장 자연스럽게 대화가 열립니다.
천칭자리,총운,오늘 미루던 결정 하나를 드디어 내리는 날입니다.,오후 3시~6시,천칭자리는 오후에 사람 에너지가 올라오는 타입입니다. 이 시간대가 가장 자연스럽게 대화가 열립니다.
천칭자리,총운,관계에서 공평함을 추구하는 것이 오늘 빛나는 날입니다.,오후 3시~6시,천칭자리는 오후에 사람 에너지가 올라오는 타입입니다. 이 시간대가 가장 자연스럽게 대화가 열립니다.
천칭자리,총운,오늘 주변 환경을 아름답게 만드는 것이 에너지가 되는 날입니다.,오후 3시~6시,천칭자리는 오후에 사람 에너지가 올라오는 타입입니다. 이 시간대가 가장 자연스럽게 대화가 열립니다.
천칭자리,애정운,오늘 관계에서 먼저 양보하는 것이 결국 더 많은 것을 얻게 하는 날입니다.,오후 3시~6시,천칭자리는 오후에 사람 에너지가 올라오는 타입입니다. 이 시간대가 가장 자연스럽게 대화가 열립니다.
천칭자리,애정운,오늘 말하지 못했던 것을 표현하기 좋은 날입니다.,오후 3시~6시,천칭자리는 오후에 사람 에너지가 올라오는 타입입니다. 이 시간대가 가장 자연스럽게 대화가 열립니다.
천칭자리,애정운,상대방의 입장도 들어보고 싶은 날입니다. 천칭자리의 공정함이 관계를 더 깊게 합니다.,오후 3시~6시,천칭자리는 오후에 사람 에너지가 올라오는 타입입니다. 이 시간대가 가장 자연스럽게 대화가 열립니다.
천칭자리,애정운,오늘 부드러운 표현이 가장 잘 전달되는 날입니다.,오후 3시~6시,천칭자리는 오후에 사람 에너지가 올라오는 타입입니다. 이 시간대가 가장 자연스럽게 대화가 열립니다.
천칭자리,애정운,관계에서 균형을 찾는 날입니다. 너무 한쪽으로 치우치지 않게요.,오후 3시~6시,천칭자리는 오후에 사람 에너지가 올라오는 타입입니다. 이 시간대가 가장 자연스럽게 대화가 열립니다.
천칭자리,애정운,오늘 로맨틱한 분위기가 자연스럽게 만들어지는 날입니다.,오후 3시~6시,천칭자리는 오후에 사람 에너지가 올라오는 타입입니다. 이 시간대가 가장 자연스럽게 대화가 열립니다.
천칭자리,애정운,상대방에게 선택권을 주는 것이 오늘 관계를 편안하게 합니다.,오후 3시~6시,천칭자리는 오후에 사람 에너지가 올라오는 타입입니다. 이 시간대가 가장 자연스럽게 대화가 열립니다.
천칭자리,애정운,오늘 갈등보다 조화를 선택하는 것이 더 좋은 날입니다.,오후 3시~6시,천칭자리는 오후에 사람 에너지가 올라오는 타입입니다. 이 시간대가 가장 자연스럽게 대화가 열립니다.
천칭자리,애정운,진심 어린 한 마디가 오늘 관계를 따뜻하게 합니다.,오후 3시~6시,천칭자리는 오후에 사람 에너지가 올라오는 타입입니다. 이 시간대가 가장 자연스럽게 대화가 열립니다.
천칭자리,애정운,새로운 인연이 시작되는 날입니다. 천칭자리의 매력이 발산됩니다.,오후 3시~6시,천칭자리는 오후에 사람 에너지가 올라오는 타입입니다. 이 시간대가 가장 자연스럽게 대화가 열립니다.
천칭자리,애정운,오늘 오랫동안 참아온 말을 꺼낼 수 있는 타이밍입니다.,오후 3시~6시,천칭자리는 오후에 사람 에너지가 올라오는 타입입니다. 이 시간대가 가장 자연스럽게 대화가 열립니다.
천칭자리,애정운,함께 아름다운 것을 경험하는 것이 최고의 데이트입니다.,오후 3시~6시,천칭자리는 오후에 사람 에너지가 올라오는 타입입니다. 이 시간대가 가장 자연스럽게 대화가 열립니다.
천칭자리,애정운,오늘 상대방과의 대화에서 공통점을 발견하는 날입니다.,오후 3시~6시,천칭자리는 오후에 사람 에너지가 올라오는 타입입니다. 이 시간대가 가장 자연스럽게 대화가 열립니다.
천칭자리,애정운,관계에서 양보하는 것과 포기하는 것을 구분하는 날입니다.,오후 3시~6시,천칭자리는 오후에 사람 에너지가 올라오는 타입입니다. 이 시간대가 가장 자연스럽게 대화가 열립니다.
천칭자리,애정운,오늘 사랑받고 있다는 느낌이 드는 날입니다.,오후 3시~6시,천칭자리는 오후에 사람 에너지가 올라오는 타입입니다. 이 시간대가 가장 자연스럽게 대화가 열립니다.
천칭자리,애정운,표현하지 않으면 모르는 날입니다. 오늘 먼저 말해보시기 바랍니다.,오후 3시~6시,천칭자리는 오후에 사람 에너지가 올라오는 타입입니다. 이 시간대가 가장 자연스럽게 대화가 열립니다.
천칭자리,애정운,천칭자리의 배려가 오늘 관계에서 빛나는 날입니다.,오후 3시~6시,천칭자리는 오후에 사람 에너지가 올라오는 타입입니다. 이 시간대가 가장 자연스럽게 대화가 열립니다.
천칭자리,애정운,오늘 함께 결정하는 것이 관계를 더 가깝게 합니다.,오후 3시~6시,천칭자리는 오후에 사람 에너지가 올라오는 타입입니다. 이 시간대가 가장 자연스럽게 대화가 열립니다.
천칭자리,애정운,오래된 관계에서 새로운 따뜻함을 발견하는 날입니다.,오후 3시~6시,천칭자리는 오후에 사람 에너지가 올라오는 타입입니다. 이 시간대가 가장 자연스럽게 대화가 열립니다.
천칭자리,애정운,오늘 아름다운 곳에서 함께하는 것이 최고입니다.,오후 3시~6시,천칭자리는 오후에 사람 에너지가 올라오는 타입입니다. 이 시간대가 가장 자연스럽게 대화가 열립니다.
천칭자리,금전운,균형 잡힌 소비가 오늘 맞는 날입니다. 너무 아끼지도 너무 쓰지도 않는 날입니다.,오후 3시~6시,천칭자리는 오후에 사람 에너지가 올라오는 타입입니다. 이 시간대가 가장 자연스럽게 대화가 열립니다.
천칭자리,금전운,오늘 아름다운 것에 돈을 쓰는 것이 만족감을 주는 날입니다.,오후 3시~6시,천칭자리는 오후에 사람 에너지가 올라오는 타입입니다. 이 시간대가 가장 자연스럽게 대화가 열립니다.
천칭자리,금전운,충동구매보다 비교하고 선택하는 날입니다.,오후 3시~6시,천칭자리는 오후에 사람 에너지가 올라오는 타입입니다. 이 시간대가 가장 자연스럽게 대화가 열립니다.
천칭자리,금전운,오늘 금전 관련 균형을 점검하기 좋은 날입니다.,오후 3시~6시,천칭자리는 오후에 사람 에너지가 올라오는 타입입니다. 이 시간대가 가장 자연스럽게 대화가 열립니다.
천칭자리,금전운,새로운 재테크 방법을 알아보기 좋은 날입니다.,오후 3시~6시,천칭자리는 오후에 사람 에너지가 올라오는 타입입니다. 이 시간대가 가장 자연스럽게 대화가 열립니다.
천칭자리,금전운,오늘 둘 중 하나를 선택하기 어려운 소비 결정이 생기는 날입니다.,오후 3시~6시,천칭자리는 오후에 사람 에너지가 올라오는 타입입니다. 이 시간대가 가장 자연스럽게 대화가 열립니다.
천칭자리,금전운,예쁜 것에 약한 천칭자리의 충동을 오늘 한 번 참아보시기 바랍니다.,오후 3시~6시,천칭자리는 오후에 사람 에너지가 올라오는 타입입니다. 이 시간대가 가장 자연스럽게 대화가 열립니다.
천칭자리,금전운,오늘 수입과 지출의 균형이 맞는 안정적인 날입니다.,오후 3시~6시,천칭자리는 오후에 사람 에너지가 올라오는 타입입니다. 이 시간대가 가장 자연스럽게 대화가 열립니다.
천칭자리,금전운,공정한 거래가 이루어지는 날입니다.,오후 3시~6시,천칭자리는 오후에 사람 에너지가 올라오는 타입입니다. 이 시간대가 가장 자연스럽게 대화가 열립니다.
천칭자리,금전운,오늘 누군가와 나누는 소비가 만족감을 주는 날입니다.,오후 3시~6시,천칭자리는 오후에 사람 에너지가 올라오는 타입입니다. 이 시간대가 가장 자연스럽게 대화가 열립니다.
천칭자리,금전운,환경이나 미적 가치에 투자하는 것이 오늘 맞는 날입니다.,오후 3시~6시,천칭자리는 오후에 사람 에너지가 올라오는 타입입니다. 이 시간대가 가장 자연스럽게 대화가 열립니다.
천칭자리,금전운,오늘 오래 고민해온 구매 결정을 내리는 날입니다.,오후 3시~6시,천칭자리는 오후에 사람 에너지가 올라오는 타입입니다. 이 시간대가 가장 자연스럽게 대화가 열립니다.
천칭자리,금전운,수입 흐름이 안정적인 날입니다.,오후 3시~6시,천칭자리는 오후에 사람 에너지가 올라오는 타입입니다. 이 시간대가 가장 자연스럽게 대화가 열립니다.
천칭자리,금전운,오늘 금전 계획에서 균형을 잡는 날입니다.,오후 3시~6시,천칭자리는 오후에 사람 에너지가 올라오는 타입입니다. 이 시간대가 가장 자연스럽게 대화가 열립니다.
천칭자리,금전운,아름다운 것에 투자하는 것이 오늘 정당한 지출입니다.,오후 3시~6시,천칭자리는 오후에 사람 에너지가 올라오는 타입입니다. 이 시간대가 가장 자연스럽게 대화가 열립니다.
천칭자리,금전운,오늘 절약보다 현명한 소비가 더 중요한 날입니다.,오후 3시~6시,천칭자리는 오후에 사람 에너지가 올라오는 타입입니다. 이 시간대가 가장 자연스럽게 대화가 열립니다.
천칭자리,금전운,금전 관련 결정을 파트너와 함께 이야기하는 날입니다.,오후 3시~6시,천칭자리는 오후에 사람 에너지가 올라오는 타입입니다. 이 시간대가 가장 자연스럽게 대화가 열립니다.
천칭자리,금전운,오늘 소소한 지출이 기분을 좋게 만드는 날입니다.,오후 3시~6시,천칭자리는 오후에 사람 에너지가 올라오는 타입입니다. 이 시간대가 가장 자연스럽게 대화가 열립니다.
천칭자리,금전운,장기적인 재정 균형을 생각하는 날입니다.,오후 3시~6시,천칭자리는 오후에 사람 에너지가 올라오는 타입입니다. 이 시간대가 가장 자연스럽게 대화가 열립니다.
천칭자리,금전운,오늘 금전 걱정보다 가능성에 집중하는 날입니다.,오후 3시~6시,천칭자리는 오후에 사람 에너지가 올라오는 타입입니다. 이 시간대가 가장 자연스럽게 대화가 열립니다.
천칭자리,직장운,오늘 팀 내 조화를 만드는 역할이 자연스럽게 나오는 날입니다.,오후 3시~6시,천칭자리는 오후에 사람 에너지가 올라오는 타입입니다. 이 시간대가 가장 자연스럽게 대화가 열립니다.
천칭자리,직장운,갈등 중재에서 천칭자리가 빛나는 날입니다.,오후 3시~6시,천칭자리는 오후에 사람 에너지가 올라오는 타입입니다. 이 시간대가 가장 자연스럽게 대화가 열립니다.
천칭자리,직장운,오늘 협업에서 최고의 결과를 내는 날입니다.,오후 3시~6시,천칭자리는 오후에 사람 에너지가 올라오는 타입입니다. 이 시간대가 가장 자연스럽게 대화가 열립니다.
천칭자리,직장운,공정한 판단이 필요한 상황에서 천칭자리가 신뢰받는 날입니다.,오후 3시~6시,천칭자리는 오후에 사람 에너지가 올라오는 타입입니다. 이 시간대가 가장 자연스럽게 대화가 열립니다.
천칭자리,직장운,오늘 결정을 내려야 하는 업무가 있다면 기한을 정해서 하시기 바랍니다.,오후 3시~6시,천칭자리는 오후에 사람 에너지가 올라오는 타입입니다. 이 시간대가 가장 자연스럽게 대화가 열립니다.
천칭자리,직장운,업무 환경을 아름답게 만드는 것이 오늘 집중력을 높여요.,오후 3시~6시,천칭자리는 오후에 사람 에너지가 올라오는 타입입니다. 이 시간대가 가장 자연스럽게 대화가 열립니다.
천칭자리,직장운,오늘 모든 사람의 의견을 듣고 싶어서 결정이 늦어질 수 있습니다.,오후 3시~6시,천칭자리는 오후에 사람 에너지가 올라오는 타입입니다. 이 시간대가 가장 자연스럽게 대화가 열립니다.
천칭자리,직장운,팀워크가 빛나는 날입니다.,오후 3시~6시,천칭자리는 오후에 사람 에너지가 올라오는 타입입니다. 이 시간대가 가장 자연스럽게 대화가 열립니다.
천칭자리,직장운,오늘 업무에서 공정함을 발휘하는 것이 신뢰를 쌓습니다.,오후 3시~6시,천칭자리는 오후에 사람 에너지가 올라오는 타입입니다. 이 시간대가 가장 자연스럽게 대화가 열립니다.
천칭자리,직장운,새로운 아이디어를 팀과 공유하기 좋은 날입니다.,오후 3시~6시,천칭자리는 오후에 사람 에너지가 올라오는 타입입니다. 이 시간대가 가장 자연스럽게 대화가 열립니다.
천칭자리,직장운,오늘 협상이나 중재가 필요한 상황에서 천칭자리가 최고입니다.,오후 3시~6시,천칭자리는 오후에 사람 에너지가 올라오는 타입입니다. 이 시간대가 가장 자연스럽게 대화가 열립니다.
천칭자리,직장운,업무 균형이 잡히는 날입니다. 과부하 없이 안정적으로 흘러갑니다.,오후 3시~6시,천칭자리는 오후에 사람 에너지가 올라오는 타입입니다. 이 시간대가 가장 자연스럽게 대화가 열립니다.
천칭자리,직장운,오늘 창의적인 업무에서 심미안이 빛나는 날입니다.,오후 3시~6시,천칭자리는 오후에 사람 에너지가 올라오는 타입입니다. 이 시간대가 가장 자연스럽게 대화가 열립니다.
천칭자리,직장운,동료와의 관계가 원만한 날입니다.,오후 3시~6시,천칭자리는 오후에 사람 에너지가 올라오는 타입입니다. 이 시간대가 가장 자연스럽게 대화가 열립니다.
천칭자리,직장운,오늘 여러 선택지 중 최선을 고르는 업무에서 탁월합니다.,오후 3시~6시,천칭자리는 오후에 사람 에너지가 올라오는 타입입니다. 이 시간대가 가장 자연스럽게 대화가 열립니다.
천칭자리,직장운,팀 내 갈등을 해결하는 역할을 하게 되는 날입니다.,오후 3시~6시,천칭자리는 오후에 사람 에너지가 올라오는 타입입니다. 이 시간대가 가장 자연스럽게 대화가 열립니다.
천칭자리,직장운,오늘 우아하고 세련된 방식으로 업무를 처리하는 날입니다.,오후 3시~6시,천칭자리는 오후에 사람 에너지가 올라오는 타입입니다. 이 시간대가 가장 자연스럽게 대화가 열립니다.
천칭자리,직장운,결정 전 충분히 검토하는 것이 오늘 더 좋은 결과를 만들습니다.,오후 3시~6시,천칭자리는 오후에 사람 에너지가 올라오는 타입입니다. 이 시간대가 가장 자연스럽게 대화가 열립니다.
천칭자리,직장운,오늘 업무에서 균형 잡힌 시각이 좋은 판단을 만들습니다.,오후 3시~6시,천칭자리는 오후에 사람 에너지가 올라오는 타입입니다. 이 시간대가 가장 자연스럽게 대화가 열립니다.
천칭자리,직장운,천칭자리의 사교성이 오늘 직장에서 빛나는 날입니다.,오후 3시~6시,천칭자리는 오후에 사람 에너지가 올라오는 타입입니다. 이 시간대가 가장 자연스럽게 대화가 열립니다.
천칭자리,건강운,오늘 균형 잡힌 식사가 특히 중요한 날입니다.,오후 3시~6시,천칭자리는 오후에 사람 에너지가 올라오는 타입입니다. 이 시간대가 가장 자연스럽게 대화가 열립니다.
천칭자리,건강운,아름다운 환경에서 운동하는 것이 오늘 더 즐거운 날입니다.,오후 3시~6시,천칭자리는 오후에 사람 에너지가 올라오는 타입입니다. 이 시간대가 가장 자연스럽게 대화가 열립니다.
천칭자리,건강운,신체 균형을 잡는 운동이 오늘 잘 맞습니다. 요가나 필라테스가 좋습니다.,오후 3시~6시,천칭자리는 오후에 사람 에너지가 올라오는 타입입니다. 이 시간대가 가장 자연스럽게 대화가 열립니다.
천칭자리,건강운,오늘 과로를 조심하는 날입니다. 균형 있게 쉬시기 바랍니다.,오후 3시~6시,천칭자리는 오후에 사람 에너지가 올라오는 타입입니다. 이 시간대가 가장 자연스럽게 대화가 열립니다.
천칭자리,건강운,감정이 억눌릴 때 몸으로 나오는 날입니다. 표현해보시기 바랍니다.,오후 3시~6시,천칭자리는 오후에 사람 에너지가 올라오는 타입입니다. 이 시간대가 가장 자연스럽게 대화가 열립니다.
천칭자리,건강운,오늘 신선한 공기와 아름다운 환경이 활력이 됩니다.,오후 3시~6시,천칭자리는 오후에 사람 에너지가 올라오는 타입입니다. 이 시간대가 가장 자연스럽게 대화가 열립니다.
천칭자리,건강운,허리나 신장 건강에 주의하는 날입니다.,오후 3시~6시,천칭자리는 오후에 사람 에너지가 올라오는 타입입니다. 이 시간대가 가장 자연스럽게 대화가 열립니다.
천칭자리,건강운,오늘 충분한 수면이 균형을 유지하는 핵심입니다.,오후 3시~6시,천칭자리는 오후에 사람 에너지가 올라오는 타입입니다. 이 시간대가 가장 자연스럽게 대화가 열립니다.
천칭자리,건강운,스트레스가 몸의 균형을 흔드는 날입니다. 마음 관리가 먼저입니다.,오후 3시~6시,천칭자리는 오후에 사람 에너지가 올라오는 타입입니다. 이 시간대가 가장 자연스럽게 대화가 열립니다.
천칭자리,건강운,오늘 좋아하는 것을 먹는 것이 기분을 올려주는 날입니다.,오후 3시~6시,천칭자리는 오후에 사람 에너지가 올라오는 타입입니다. 이 시간대가 가장 자연스럽게 대화가 열립니다.
천칭자리,건강운,아름다운 곳을 산책하는 것이 오늘 최고의 운동입니다.,오후 3시~6시,천칭자리는 오후에 사람 에너지가 올라오는 타입입니다. 이 시간대가 가장 자연스럽게 대화가 열립니다.
천칭자리,건강운,오늘 혼자 있는 시간이 균형을 회복하는 데 도움이 됩니다.,오후 3시~6시,천칭자리는 오후에 사람 에너지가 올라오는 타입입니다. 이 시간대가 가장 자연스럽게 대화가 열립니다.
천칭자리,건강운,천칭자리는 파트너와 함께할 때 더 건강해지는 타입입니다.,오후 3시~6시,천칭자리는 오후에 사람 에너지가 올라오는 타입입니다. 이 시간대가 가장 자연스럽게 대화가 열립니다.
천칭자리,건강운,오늘 무리하지 않고 적당하게 활동하는 날입니다.,오후 3시~6시,천칭자리는 오후에 사람 에너지가 올라오는 타입입니다. 이 시간대가 가장 자연스럽게 대화가 열립니다.
천칭자리,건강운,균형 잡힌 영양 섭취가 오늘 특히 중요합니다.,오후 3시~6시,천칭자리는 오후에 사람 에너지가 올라오는 타입입니다. 이 시간대가 가장 자연스럽게 대화가 열립니다.
천칭자리,건강운,오늘 뷰티 관리나 외적인 것을 챙기는 것이 기분에 영향을 줍니다.,오후 3시~6시,천칭자리는 오후에 사람 에너지가 올라오는 타입입니다. 이 시간대가 가장 자연스럽게 대화가 열립니다.
천칭자리,건강운,스트레칭이나 가벼운 운동이 오늘 균형을 유지해줍니다.,오후 3시~6시,천칭자리는 오후에 사람 에너지가 올라오는 타입입니다. 이 시간대가 가장 자연스럽게 대화가 열립니다.
천칭자리,건강운,오늘 물을 충분히 마시는 날입니다.,오후 3시~6시,천칭자리는 오후에 사람 에너지가 올라오는 타입입니다. 이 시간대가 가장 자연스럽게 대화가 열립니다.
천칭자리,건강운,몸의 좌우 균형을 점검해보는 날입니다.,오후 3시~6시,천칭자리는 오후에 사람 에너지가 올라오는 타입입니다. 이 시간대가 가장 자연스럽게 대화가 열립니다.
천칭자리,건강운,자신을 아름답게 가꾸는 것이 오늘 건강과 연결되는 날입니다.,오후 3시~6시,천칭자리는 오후에 사람 에너지가 올라오는 타입입니다. 이 시간대가 가장 자연스럽게 대화가 열립니다.
천칭자리,대인운,오늘 새로운 사람과의 첫 만남이 좋은 날입니다.,오후 3시~6시,천칭자리는 오후에 사람 에너지가 올라오는 타입입니다. 이 시간대가 가장 자연스럽게 대화가 열립니다.
천칭자리,대인운,주변 사람들과 조화로운 관계를 만드는 날입니다.,오후 3시~6시,천칭자리는 오후에 사람 에너지가 올라오는 타입입니다. 이 시간대가 가장 자연스럽게 대화가 열립니다.
천칭자리,대인운,오늘 갈등을 중재하는 역할을 자연스럽게 맡게 되는 날입니다.,오후 3시~6시,천칭자리는 오후에 사람 에너지가 올라오는 타입입니다. 이 시간대가 가장 자연스럽게 대화가 열립니다.
천칭자리,대인운,천칭자리의 사교성이 오늘 빛나는 날입니다.,오후 3시~6시,천칭자리는 오후에 사람 에너지가 올라오는 타입입니다. 이 시간대가 가장 자연스럽게 대화가 열립니다.
천칭자리,대인운,오늘 공정한 태도가 사람들에게 신뢰를 주는 날입니다.,오후 3시~6시,천칭자리는 오후에 사람 에너지가 올라오는 타입입니다. 이 시간대가 가장 자연스럽게 대화가 열립니다.
천칭자리,대인운,관계에서 아름다운 것을 나누는 것이 연결을 만드는 날입니다.,오후 3시~6시,천칭자리는 오후에 사람 에너지가 올라오는 타입입니다. 이 시간대가 가장 자연스럽게 대화가 열립니다.
천칭자리,대인운,오늘 다양한 사람들과의 교류에서 에너지를 얻는 날입니다.,오후 3시~6시,천칭자리는 오후에 사람 에너지가 올라오는 타입입니다. 이 시간대가 가장 자연스럽게 대화가 열립니다.
천칭자리,대인운,파트너나 가까운 사람과의 균형이 중요한 날입니다.,오후 3시~6시,천칭자리는 오후에 사람 에너지가 올라오는 타입입니다. 이 시간대가 가장 자연스럽게 대화가 열립니다.
천칭자리,대인운,오늘 솔직한 대화가 관계를 더 건강하게 만드는 날입니다.,오후 3시~6시,천칭자리는 오후에 사람 에너지가 올라오는 타입입니다. 이 시간대가 가장 자연스럽게 대화가 열립니다.
천칭자리,대인운,공통된 취향에서 새로운 인연이 시작되는 날입니다.,오후 3시~6시,천칭자리는 오후에 사람 에너지가 올라오는 타입입니다. 이 시간대가 가장 자연스럽게 대화가 열립니다.
천칭자리,대인운,오늘 상대방의 의견을 충분히 들어주는 것이 관계를 깊게 합니다.,오후 3시~6시,천칭자리는 오후에 사람 에너지가 올라오는 타입입니다. 이 시간대가 가장 자연스럽게 대화가 열립니다.
천칭자리,대인운,함께 아름다운 것을 보거나 경험하는 것이 좋은 관계를 만드는 날입니다.,오후 3시~6시,천칭자리는 오후에 사람 에너지가 올라오는 타입입니다. 이 시간대가 가장 자연스럽게 대화가 열립니다.
천칭자리,대인운,오늘 자신의 의견도 표현하는 연습을 하는 날입니다.,오후 3시~6시,천칭자리는 오후에 사람 에너지가 올라오는 타입입니다. 이 시간대가 가장 자연스럽게 대화가 열립니다.
천칭자리,대인운,천칭자리의 배려가 오늘 주변 사람들을 편안하게 하는 날입니다.,오후 3시~6시,천칭자리는 오후에 사람 에너지가 올라오는 타입입니다. 이 시간대가 가장 자연스럽게 대화가 열립니다.
천칭자리,대인운,관계에서 균형을 유지하는 것이 오늘 가장 중요한 날입니다.,오후 3시~6시,천칭자리는 오후에 사람 에너지가 올라오는 타입입니다. 이 시간대가 가장 자연스럽게 대화가 열립니다.
천칭자리,대인운,오늘 갈등을 피하기보다 대화로 해결하는 날입니다.,오후 3시~6시,천칭자리는 오후에 사람 에너지가 올라오는 타입입니다. 이 시간대가 가장 자연스럽게 대화가 열립니다.
천칭자리,대인운,사람들 사이에서 자연스럽게 분위기를 조율하는 날입니다.,오후 3시~6시,천칭자리는 오후에 사람 에너지가 올라오는 타입입니다. 이 시간대가 가장 자연스럽게 대화가 열립니다.
천칭자리,대인운,오늘 상대방과 공정한 대화를 나누는 날입니다.,오후 3시~6시,천칭자리는 오후에 사람 에너지가 올라오는 타입입니다. 이 시간대가 가장 자연스럽게 대화가 열립니다.
천칭자리,대인운,천칭자리의 미적 감각이 대화 소재가 되는 날입니다.,오후 3시~6시,천칭자리는 오후에 사람 에너지가 올라오는 타입입니다. 이 시간대가 가장 자연스럽게 대화가 열립니다.
천칭자리,대인운,오늘 인간관계에서 균형과 조화가 빛나는 날입니다.,오후 3시~6시,천칭자리는 오후에 사람 에너지가 올라오는 타입입니다. 이 시간대가 가장 자연스럽게 대화가 열립니다.
천칭자리,행동운,오늘 결정해야 한다면 두 가지를 비교하고 기한을 정해서 선택하는 것이 가장 좋습니다.,오후 3시~6시,천칭자리는 오후에 사람 에너지가 올라오는 타입입니다. 이 시간대가 가장 자연스럽게 대화가 열립니다.
천칭자리,행동운,균형을 찾는 행동이 오늘 가장 맞습니다.,오후 3시~6시,천칭자리는 오후에 사람 에너지가 올라오는 타입입니다. 이 시간대가 가장 자연스럽게 대화가 열립니다.
천칭자리,행동운,아름다운 것을 만들거나 경험하는 행동이 오늘 에너지가 됩니다.,오후 3시~6시,천칭자리는 오후에 사람 에너지가 올라오는 타입입니다. 이 시간대가 가장 자연스럽게 대화가 열립니다.
천칭자리,행동운,오늘 중재나 조율이 필요한 상황에서 적극적으로 나서보시기 바랍니다.,오후 3시~6시,천칭자리는 오후에 사람 에너지가 올라오는 타입입니다. 이 시간대가 가장 자연스럽게 대화가 열립니다.
천칭자리,행동운,공정한 판단이 필요한 순간에 용기 있게 말하는 날입니다.,오후 3시~6시,천칭자리는 오후에 사람 에너지가 올라오는 타입입니다. 이 시간대가 가장 자연스럽게 대화가 열립니다.
천칭자리,행동운,오늘 관계에서 먼저 화해의 손을 내밀어보시기 바랍니다.,오후 3시~6시,천칭자리는 오후에 사람 에너지가 올라오는 타입입니다. 이 시간대가 가장 자연스럽게 대화가 열립니다.
천칭자리,행동운,우유부단함을 깨는 행동 하나를 오늘 해보는 날입니다.,오후 3시~6시,천칭자리는 오후에 사람 에너지가 올라오는 타입입니다. 이 시간대가 가장 자연스럽게 대화가 열립니다.
천칭자리,행동운,오늘 주변을 아름답게 꾸미는 것이 기분을 바꾸는 행동입니다.,오후 3시~6시,천칭자리는 오후에 사람 에너지가 올라오는 타입입니다. 이 시간대가 가장 자연스럽게 대화가 열립니다.
천칭자리,행동운,갈등을 피하기보다 대화로 해결하는 행동이 오늘 더 좋습니다.,오후 3시~6시,천칭자리는 오후에 사람 에너지가 올라오는 타입입니다. 이 시간대가 가장 자연스럽게 대화가 열립니다.
천칭자리,행동운,오늘 파트너와 함께 결정하는 행동이 관계를 강하게 합니다.,오후 3시~6시,천칭자리는 오후에 사람 에너지가 올라오는 타입입니다. 이 시간대가 가장 자연스럽게 대화가 열립니다.
천칭자리,행동운,천천히 균형 잡힌 행동이 오늘 가장 효과적입니다.,오후 3시~6시,천칭자리는 오후에 사람 에너지가 올라오는 타입입니다. 이 시간대가 가장 자연스럽게 대화가 열립니다.
천칭자리,행동운,오늘 표현하지 않으면 모르는 것들을 행동으로 보여주는 날입니다.,오후 3시~6시,천칭자리는 오후에 사람 에너지가 올라오는 타입입니다. 이 시간대가 가장 자연스럽게 대화가 열립니다.
천칭자리,행동운,균형 잡힌 일과 휴식의 배분이 오늘 가장 중요한 행동입니다.,오후 3시~6시,천칭자리는 오후에 사람 에너지가 올라오는 타입입니다. 이 시간대가 가장 자연스럽게 대화가 열립니다.
천칭자리,행동운,오늘 아름다운 경험을 만드는 것에 시간을 쓰는 날입니다.,오후 3시~6시,천칭자리는 오후에 사람 에너지가 올라오는 타입입니다. 이 시간대가 가장 자연스럽게 대화가 열립니다.
천칭자리,행동운,오늘 공정한 판단을 내리는 행동이 나중에 신뢰를 만들습니다.,오후 3시~6시,천칭자리는 오후에 사람 에너지가 올라오는 타입입니다. 이 시간대가 가장 자연스럽게 대화가 열립니다.
천칭자리,행동운,말보다 행동으로 균형을 보여주는 날입니다.,오후 3시~6시,천칭자리는 오후에 사람 에너지가 올라오는 타입입니다. 이 시간대가 가장 자연스럽게 대화가 열립니다.
천칭자리,행동운,오늘 결정 전 마지막으로 한 번만 더 생각하고 행동하시기 바랍니다.,오후 3시~6시,천칭자리는 오후에 사람 에너지가 올라오는 타입입니다. 이 시간대가 가장 자연스럽게 대화가 열립니다.
천칭자리,행동운,천칭자리의 심미안이 행동으로 나타나는 날입니다.,오후 3시~6시,천칭자리는 오후에 사람 에너지가 올라오는 타입입니다. 이 시간대가 가장 자연스럽게 대화가 열립니다.
천칭자리,행동운,오늘 공평하게 행동하는 것이 가장 강한 신뢰를 만들습니다.,오후 3시~6시,천칭자리는 오후에 사람 에너지가 올라오는 타입입니다. 이 시간대가 가장 자연스럽게 대화가 열립니다.
천칭자리,행동운,균형 잡힌 행동이 오늘 결과를 만들습니다.,오후 3시~6시,천칭자리는 오후에 사람 에너지가 올라오는 타입입니다. 이 시간대가 가장 자연스럽게 대화가 열립니다.
전갈자리,총운,오늘 직관이 특히 날카로운 날입니다. 논리보다 감각이 먼저인 날입니다.,밤 9시~11시,전갈자리는 밤에 진심이 나오는 타입입니다. 깊은 연락은 밤 시간대가 가장 잘 통합니다.
전갈자리,총운,집착하고 있는 것이 있다면 오늘 잠깐 내려놓는 연습을 해보시기 바랍니다.,밤 9시~11시,전갈자리는 밤에 진심이 나오는 타입입니다. 깊은 연락은 밤 시간대가 가장 잘 통합니다.
전갈자리,총운,강렬한 에너지가 올라오는 날입니다. 그 에너지를 창의적인 것에 써보시기 바랍니다.,밤 9시~11시,전갈자리는 밤에 진심이 나오는 타입입니다. 깊은 연락은 밤 시간대가 가장 잘 통합니다.
전갈자리,총운,변화에 강한 전갈자리의 능력이 오늘 빛나는 날입니다.,밤 9시~11시,전갈자리는 밤에 진심이 나오는 타입입니다. 깊은 연락은 밤 시간대가 가장 잘 통합니다.
전갈자리,총운,오늘 숨겨진 것을 발견하는 날입니다. 전갈자리의 통찰력이 중요한 것을 잡아내요.,밤 9시~11시,전갈자리는 밤에 진심이 나오는 타입입니다. 깊은 연락은 밤 시간대가 가장 잘 통합니다.
전갈자리,총운,비밀을 지키는 것이 오늘 신뢰를 만드는 날입니다.,밤 9시~11시,전갈자리는 밤에 진심이 나오는 타입입니다. 깊은 연락은 밤 시간대가 가장 잘 통합니다.
전갈자리,총운,오늘 깊은 곳에서 에너지가 올라오는 날입니다.,밤 9시~11시,전갈자리는 밤에 진심이 나오는 타입입니다. 깊은 연락은 밤 시간대가 가장 잘 통합니다.
전갈자리,총운,의심을 잠깐 내려놓고 믿어보는 연습을 하는 날입니다.,밤 9시~11시,전갈자리는 밤에 진심이 나오는 타입입니다. 깊은 연락은 밤 시간대가 가장 잘 통합니다.
전갈자리,총운,오늘 전갈자리의 집중력이 최고조인 날입니다.,밤 9시~11시,전갈자리는 밤에 진심이 나오는 타입입니다. 깊은 연락은 밤 시간대가 가장 잘 통합니다.
전갈자리,총운,변화가 두렵지만 그 너머에 더 좋은 것이 기다리고 있습니다.,밤 9시~11시,전갈자리는 밤에 진심이 나오는 타입입니다. 깊은 연락은 밤 시간대가 가장 잘 통합니다.
전갈자리,총운,오늘 직관을 믿고 움직이는 날입니다.,밤 9시~11시,전갈자리는 밤에 진심이 나오는 타입입니다. 깊은 연락은 밤 시간대가 가장 잘 통합니다.
전갈자리,총운,숨겨진 진실이 드러나는 날입니다.,밤 9시~11시,전갈자리는 밤에 진심이 나오는 타입입니다. 깊은 연락은 밤 시간대가 가장 잘 통합니다.
전갈자리,총운,오늘 감정을 조금 더 솔직하게 표현해보시기 바랍니다.,밤 9시~11시,전갈자리는 밤에 진심이 나오는 타입입니다. 깊은 연락은 밤 시간대가 가장 잘 통합니다.
전갈자리,총운,전갈자리의 강인함이 오늘 도전을 이겨내게 합니다.,밤 9시~11시,전갈자리는 밤에 진심이 나오는 타입입니다. 깊은 연락은 밤 시간대가 가장 잘 통합니다.
전갈자리,총운,오늘 깊게 집중하는 것이 최고의 결과를 만드는 날입니다.,밤 9시~11시,전갈자리는 밤에 진심이 나오는 타입입니다. 깊은 연락은 밤 시간대가 가장 잘 통합니다.
전갈자리,총운,집착을 내려놓으면 더 자유로워지는 날입니다.,밤 9시~11시,전갈자리는 밤에 진심이 나오는 타입입니다. 깊은 연락은 밤 시간대가 가장 잘 통합니다.
전갈자리,총운,오늘 직관이 중요한 결정을 이끄는 날입니다.,밤 9시~11시,전갈자리는 밤에 진심이 나오는 타입입니다. 깊은 연락은 밤 시간대가 가장 잘 통합니다.
전갈자리,총운,전갈자리의 변화 적응력이 오늘 강점입니다.,밤 9시~11시,전갈자리는 밤에 진심이 나오는 타입입니다. 깊은 연락은 밤 시간대가 가장 잘 통합니다.
전갈자리,총운,오늘 깊은 생각에서 중요한 통찰을 얻는 날입니다.,밤 9시~11시,전갈자리는 밤에 진심이 나오는 타입입니다. 깊은 연락은 밤 시간대가 가장 잘 통합니다.
전갈자리,총운,강렬한 하루지만 그 안에서 자신의 힘을 발견하는 날입니다.,밤 9시~11시,전갈자리는 밤에 진심이 나오는 타입입니다. 깊은 연락은 밤 시간대가 가장 잘 통합니다.
전갈자리,애정운,오늘 깊은 연결이 강화되는 날입니다. 전갈자리는 강렬하게 사랑하는 타입입니다.,밤 9시~11시,전갈자리는 밤에 진심이 나오는 타입입니다. 깊은 연락은 밤 시간대가 가장 잘 통합니다.
전갈자리,애정운,집착과 사랑의 경계를 오늘 생각해보는 날입니다.,밤 9시~11시,전갈자리는 밤에 진심이 나오는 타입입니다. 깊은 연락은 밤 시간대가 가장 잘 통합니다.
전갈자리,애정운,오늘 신뢰가 더 깊어지는 날입니다.,밤 9시~11시,전갈자리는 밤에 진심이 나오는 타입입니다. 깊은 연락은 밤 시간대가 가장 잘 통합니다.
전갈자리,애정운,감정을 표현하는 것이 오늘 관계를 더 강하게 합니다.,밤 9시~11시,전갈자리는 밤에 진심이 나오는 타입입니다. 깊은 연락은 밤 시간대가 가장 잘 통합니다.
전갈자리,애정운,오늘 상대방의 내면을 더 잘 이해하게 되는 날입니다.,밤 9시~11시,전갈자리는 밤에 진심이 나오는 타입입니다. 깊은 연락은 밤 시간대가 가장 잘 통합니다.
전갈자리,애정운,의심보다 믿음을 선택하는 날입니다.,밤 9시~11시,전갈자리는 밤에 진심이 나오는 타입입니다. 깊은 연락은 밤 시간대가 가장 잘 통합니다.
전갈자리,애정운,오늘 강렬한 감정이 올라오는 날입니다. 그 감정을 잘 다뤄보시기 바랍니다.,밤 9시~11시,전갈자리는 밤에 진심이 나오는 타입입니다. 깊은 연락은 밤 시간대가 가장 잘 통합니다.
전갈자리,애정운,오래된 관계에서 새로운 깊이를 발견하는 날입니다.,밤 9시~11시,전갈자리는 밤에 진심이 나오는 타입입니다. 깊은 연락은 밤 시간대가 가장 잘 통합니다.
전갈자리,애정운,오늘 솔직한 대화가 관계를 변화시키는 날입니다.,밤 9시~11시,전갈자리는 밤에 진심이 나오는 타입입니다. 깊은 연락은 밤 시간대가 가장 잘 통합니다.
전갈자리,애정운,전갈자리의 충성심이 오늘 빛나는 날입니다.,밤 9시~11시,전갈자리는 밤에 진심이 나오는 타입입니다. 깊은 연락은 밤 시간대가 가장 잘 통합니다.
전갈자리,애정운,감정을 쌓아두지 말고 오늘 꺼내보시기 바랍니다.,밤 9시~11시,전갈자리는 밤에 진심이 나오는 타입입니다. 깊은 연락은 밤 시간대가 가장 잘 통합니다.
전갈자리,애정운,오늘 상대방의 진심을 느끼는 날입니다.,밤 9시~11시,전갈자리는 밤에 진심이 나오는 타입입니다. 깊은 연락은 밤 시간대가 가장 잘 통합니다.
전갈자리,애정운,질투나 집착이 올라온다면 그 감정의 원인을 들여다보시기 바랍니다.,밤 9시~11시,전갈자리는 밤에 진심이 나오는 타입입니다. 깊은 연락은 밤 시간대가 가장 잘 통합니다.
전갈자리,애정운,오늘 깊은 연결이 새로운 시작이 되는 날입니다.,밤 9시~11시,전갈자리는 밤에 진심이 나오는 타입입니다. 깊은 연락은 밤 시간대가 가장 잘 통합니다.
전갈자리,애정운,전갈자리다운 강렬한 사랑이 오늘 빛나는 날입니다.,밤 9시~11시,전갈자리는 밤에 진심이 나오는 타입입니다. 깊은 연락은 밤 시간대가 가장 잘 통합니다.
전갈자리,애정운,오늘 관계에서 변화가 더 강한 것을 만들습니다.,밤 9시~11시,전갈자리는 밤에 진심이 나오는 타입입니다. 깊은 연락은 밤 시간대가 가장 잘 통합니다.
전갈자리,애정운,깊은 감정을 나누는 대화를 하기 좋은 날입니다.,밤 9시~11시,전갈자리는 밤에 진심이 나오는 타입입니다. 깊은 연락은 밤 시간대가 가장 잘 통합니다.
전갈자리,애정운,오늘 신뢰를 확인하는 날입니다.,밤 9시~11시,전갈자리는 밤에 진심이 나오는 타입입니다. 깊은 연락은 밤 시간대가 가장 잘 통합니다.
전갈자리,애정운,감정을 감추기보다 표현하는 것이 오늘 관계를 강하게 합니다.,밤 9시~11시,전갈자리는 밤에 진심이 나오는 타입입니다. 깊은 연락은 밤 시간대가 가장 잘 통합니다.
전갈자리,애정운,오늘 전갈자리의 진심이 상대방에게 깊이 닿는 날입니다.,밤 9시~11시,전갈자리는 밤에 진심이 나오는 타입입니다. 깊은 연락은 밤 시간대가 가장 잘 통합니다.
전갈자리,금전운,오늘 직관으로 금전 기회를 포착하는 날입니다.,밤 9시~11시,전갈자리는 밤에 진심이 나오는 타입입니다. 깊은 연락은 밤 시간대가 가장 잘 통합니다.
전갈자리,금전운,숨겨진 수입원이 드러나는 날입니다. 놓치지 마시기 바랍니다.,밤 9시~11시,전갈자리는 밤에 진심이 나오는 타입입니다. 깊은 연락은 밤 시간대가 가장 잘 통합니다.
전갈자리,금전운,오늘 투자 관련 정보를 날카롭게 분석하는 날입니다.,밤 9시~11시,전갈자리는 밤에 진심이 나오는 타입입니다. 깊은 연락은 밤 시간대가 가장 잘 통합니다.
전갈자리,금전운,집착하는 금전 목표가 있다면 오늘 실현 가능성을 점검해보시기 바랍니다.,밤 9시~11시,전갈자리는 밤에 진심이 나오는 타입입니다. 깊은 연락은 밤 시간대가 가장 잘 통합니다.
전갈자리,금전운,오늘 비공개 정보가 금전적 기회로 이어지는 날입니다.,밤 9시~11시,전갈자리는 밤에 진심이 나오는 타입입니다. 깊은 연락은 밤 시간대가 가장 잘 통합니다.
전갈자리,금전운,숨겨진 비용이 있는지 꼼꼼하게 확인하는 날입니다.,밤 9시~11시,전갈자리는 밤에 진심이 나오는 타입입니다. 깊은 연락은 밤 시간대가 가장 잘 통합니다.
전갈자리,금전운,오늘 금전 직관이 정확한 날입니다.,밤 9시~11시,전갈자리는 밤에 진심이 나오는 타입입니다. 깊은 연락은 밤 시간대가 가장 잘 통합니다.
전갈자리,금전운,오래된 금전 문제가 해결되는 날입니다.,밤 9시~11시,전갈자리는 밤에 진심이 나오는 타입입니다. 깊은 연락은 밤 시간대가 가장 잘 통합니다.
전갈자리,금전운,오늘 과감한 금전 결정보다 신중한 것이 맞습니다.,밤 9시~11시,전갈자리는 밤에 진심이 나오는 타입입니다. 깊은 연락은 밤 시간대가 가장 잘 통합니다.
전갈자리,금전운,변화가 금전 흐름을 바꾸는 날입니다.,밤 9시~11시,전갈자리는 밤에 진심이 나오는 타입입니다. 깊은 연락은 밤 시간대가 가장 잘 통합니다.
전갈자리,금전운,오늘 투자에서 숨겨진 가치를 발견하는 날입니다.,밤 9시~11시,전갈자리는 밤에 진심이 나오는 타입입니다. 깊은 연락은 밤 시간대가 가장 잘 통합니다.
전갈자리,금전운,금전 흐름이 강화되는 날입니다.,밤 9시~11시,전갈자리는 밤에 진심이 나오는 타입입니다. 깊은 연락은 밤 시간대가 가장 잘 통합니다.
전갈자리,금전운,오늘 예상치 못한 곳에서 수입이 생기는 날입니다.,밤 9시~11시,전갈자리는 밤에 진심이 나오는 타입입니다. 깊은 연락은 밤 시간대가 가장 잘 통합니다.
전갈자리,금전운,집착하는 소비 패턴을 들여다보는 날입니다.,밤 9시~11시,전갈자리는 밤에 진심이 나오는 타입입니다. 깊은 연락은 밤 시간대가 가장 잘 통합니다.
전갈자리,금전운,오늘 금전 직관을 믿고 결정하는 날입니다.,밤 9시~11시,전갈자리는 밤에 진심이 나오는 타입입니다. 깊은 연락은 밤 시간대가 가장 잘 통합니다.
전갈자리,금전운,변화를 통해 금전이 더 좋아지는 흐름입니다.,밤 9시~11시,전갈자리는 밤에 진심이 나오는 타입입니다. 깊은 연락은 밤 시간대가 가장 잘 통합니다.
전갈자리,금전운,오늘 금전 관련 비밀이 밝혀지는 날입니다.,밤 9시~11시,전갈자리는 밤에 진심이 나오는 타입입니다. 깊은 연락은 밤 시간대가 가장 잘 통합니다.
전갈자리,금전운,전갈자리의 날카로운 분석이 좋은 금전 결정을 만들습니다.,밤 9시~11시,전갈자리는 밤에 진심이 나오는 타입입니다. 깊은 연락은 밤 시간대가 가장 잘 통합니다.
전갈자리,금전운,오늘 작은 투자가 큰 수익으로 이어지는 씨앗이 되는 날입니다.,밤 9시~11시,전갈자리는 밤에 진심이 나오는 타입입니다. 깊은 연락은 밤 시간대가 가장 잘 통합니다.
전갈자리,금전운,금전보다 가치에 집중하는 날입니다.,밤 9시~11시,전갈자리는 밤에 진심이 나오는 타입입니다. 깊은 연락은 밤 시간대가 가장 잘 통합니다.
전갈자리,직장운,오늘 집중력이 최고조인 날입니다. 전갈자리의 집중력이 업무에서 놀라운 결과를 만들습니다.,밤 9시~11시,전갈자리는 밤에 진심이 나오는 타입입니다. 깊은 연락은 밤 시간대가 가장 잘 통합니다.
전갈자리,직장운,숨겨진 정보나 진실을 파악하는 업무에서 탁월한 날입니다.,밤 9시~11시,전갈자리는 밤에 진심이 나오는 타입입니다. 깊은 연락은 밤 시간대가 가장 잘 통합니다.
전갈자리,직장운,오늘 목표를 향한 강렬한 집중이 빛나는 날입니다.,밤 9시~11시,전갈자리는 밤에 진심이 나오는 타입입니다. 깊은 연락은 밤 시간대가 가장 잘 통합니다.
전갈자리,직장운,복잡한 문제를 꿰뚫어 보는 날입니다.,밤 9시~11시,전갈자리는 밤에 진심이 나오는 타입입니다. 깊은 연락은 밤 시간대가 가장 잘 통합니다.
전갈자리,직장운,오늘 비공개 정보를 다루는 업무에서 신뢰받는 날입니다.,밤 9시~11시,전갈자리는 밤에 진심이 나오는 타입입니다. 깊은 연락은 밤 시간대가 가장 잘 통합니다.
전갈자리,직장운,집착과 집중의 경계를 지키면서 일하는 날입니다.,밤 9시~11시,전갈자리는 밤에 진심이 나오는 타입입니다. 깊은 연락은 밤 시간대가 가장 잘 통합니다.
전갈자리,직장운,오늘 변화를 이끄는 역할이 자연스럽게 나오는 날입니다.,밤 9시~11시,전갈자리는 밤에 진심이 나오는 타입입니다. 깊은 연락은 밤 시간대가 가장 잘 통합니다.
전갈자리,직장운,전갈자리의 통찰력이 중요한 결정에서 빛나는 날입니다.,밤 9시~11시,전갈자리는 밤에 진심이 나오는 타입입니다. 깊은 연락은 밤 시간대가 가장 잘 통합니다.
전갈자리,직장운,오늘 어려운 업무를 끝까지 해내는 날입니다.,밤 9시~11시,전갈자리는 밤에 진심이 나오는 타입입니다. 깊은 연락은 밤 시간대가 가장 잘 통합니다.
전갈자리,직장운,심층적인 분석이 필요한 업무에서 탁월한 날입니다.,밤 9시~11시,전갈자리는 밤에 진심이 나오는 타입입니다. 깊은 연락은 밤 시간대가 가장 잘 통합니다.
전갈자리,직장운,오늘 숨겨진 문제를 발견하고 해결하는 날입니다.,밤 9시~11시,전갈자리는 밤에 진심이 나오는 타입입니다. 깊은 연락은 밤 시간대가 가장 잘 통합니다.
전갈자리,직장운,전갈자리의 변화 적응력이 직장에서 강점이 되는 날입니다.,밤 9시~11시,전갈자리는 밤에 진심이 나오는 타입입니다. 깊은 연락은 밤 시간대가 가장 잘 통합니다.
전갈자리,직장운,오늘 직장에서 신뢰할 수 있는 역할을 맡는 날입니다.,밤 9시~11시,전갈자리는 밤에 진심이 나오는 타입입니다. 깊은 연락은 밤 시간대가 가장 잘 통합니다.
전갈자리,직장운,깊이 있는 업무에서 최고의 결과를 내는 날입니다.,밤 9시~11시,전갈자리는 밤에 진심이 나오는 타입입니다. 깊은 연락은 밤 시간대가 가장 잘 통합니다.
전갈자리,직장운,오늘 강렬한 집중이 성과를 만드는 날입니다.,밤 9시~11시,전갈자리는 밤에 진심이 나오는 타입입니다. 깊은 연락은 밤 시간대가 가장 잘 통합니다.
전갈자리,직장운,변화가 업무에서 기회로 이어지는 날입니다.,밤 9시~11시,전갈자리는 밤에 진심이 나오는 타입입니다. 깊은 연락은 밤 시간대가 가장 잘 통합니다.
전갈자리,직장운,오늘 직관으로 업무 방향을 잡는 날입니다.,밤 9시~11시,전갈자리는 밤에 진심이 나오는 타입입니다. 깊은 연락은 밤 시간대가 가장 잘 통합니다.
전갈자리,직장운,복잡한 프로젝트에서 전갈자리가 빛나는 날입니다.,밤 9시~11시,전갈자리는 밤에 진심이 나오는 타입입니다. 깊은 연락은 밤 시간대가 가장 잘 통합니다.
전갈자리,직장운,오늘 숨겨진 능력이 발휘되는 날입니다.,밤 9시~11시,전갈자리는 밤에 진심이 나오는 타입입니다. 깊은 연락은 밤 시간대가 가장 잘 통합니다.
전갈자리,직장운,전갈자리의 강인함이 어려운 업무를 이겨내게 하는 날입니다.,밤 9시~11시,전갈자리는 밤에 진심이 나오는 타입입니다. 깊은 연락은 밤 시간대가 가장 잘 통합니다.
전갈자리,건강운,감정이 몸으로 나오는 날입니다. 스트레스를 건강하게 풀어내야 합니다.,밤 9시~11시,전갈자리는 밤에 진심이 나오는 타입입니다. 깊은 연락은 밤 시간대가 가장 잘 통합니다.
전갈자리,건강운,오늘 깊은 수면이 특히 중요한 날입니다.,밤 9시~11시,전갈자리는 밤에 진심이 나오는 타입입니다. 깊은 연락은 밤 시간대가 가장 잘 통합니다.
전갈자리,건강운,강렬한 운동이 오늘 스트레스 해소에 좋은 날입니다.,밤 9시~11시,전갈자리는 밤에 진심이 나오는 타입입니다. 깊은 연락은 밤 시간대가 가장 잘 통합니다.
전갈자리,건강운,감정을 쌓아두면 몸에 영향을 주는 날입니다.,밤 9시~11시,전갈자리는 밤에 진심이 나오는 타입입니다. 깊은 연락은 밤 시간대가 가장 잘 통합니다.
전갈자리,건강운,오늘 물 가까이에서 시간 보내는 것이 치유가 됩니다.,밤 9시~11시,전갈자리는 밤에 진심이 나오는 타입입니다. 깊은 연락은 밤 시간대가 가장 잘 통합니다.
전갈자리,건강운,생식기나 비뇨기 건강에 주의하는 날입니다.,밤 9시~11시,전갈자리는 밤에 진심이 나오는 타입입니다. 깊은 연락은 밤 시간대가 가장 잘 통합니다.
전갈자리,건강운,오늘 감정을 표현하는 것이 건강을 지키는 날입니다.,밤 9시~11시,전갈자리는 밤에 진심이 나오는 타입입니다. 깊은 연락은 밤 시간대가 가장 잘 통합니다.
전갈자리,건강운,전갈자리는 재생 능력이 강한 타입입니다. 오늘도 회복할 수 있습니다.,밤 9시~11시,전갈자리는 밤에 진심이 나오는 타입입니다. 깊은 연락은 밤 시간대가 가장 잘 통합니다.
전갈자리,건강운,오늘 집착하는 습관을 내려놓는 것이 건강을 좋게 합니다.,밤 9시~11시,전갈자리는 밤에 진심이 나오는 타입입니다. 깊은 연락은 밤 시간대가 가장 잘 통합니다.
전갈자리,건강운,강도 높은 운동 후 충분한 휴식이 중요한 날입니다.,밤 9시~11시,전갈자리는 밤에 진심이 나오는 타입입니다. 깊은 연락은 밤 시간대가 가장 잘 통합니다.
전갈자리,건강운,오늘 숨겨진 신체 신호에 귀 기울이는 날입니다.,밤 9시~11시,전갈자리는 밤에 진심이 나오는 타입입니다. 깊은 연락은 밤 시간대가 가장 잘 통합니다.
전갈자리,건강운,정화와 해독이 오늘 몸에 좋은 날입니다. 물을 많이 마셔요.,밤 9시~11시,전갈자리는 밤에 진심이 나오는 타입입니다. 깊은 연락은 밤 시간대가 가장 잘 통합니다.
전갈자리,건강운,오늘 변화가 건강에도 긍정적 영향을 주는 날입니다.,밤 9시~11시,전갈자리는 밤에 진심이 나오는 타입입니다. 깊은 연락은 밤 시간대가 가장 잘 통합니다.
전갈자리,건강운,감정을 억누르지 말고 건강하게 표현하는 날입니다.,밤 9시~11시,전갈자리는 밤에 진심이 나오는 타입입니다. 깊은 연락은 밤 시간대가 가장 잘 통합니다.
전갈자리,건강운,오늘 전갈자리의 강인한 회복력이 발휘되는 날입니다.,밤 9시~11시,전갈자리는 밤에 진심이 나오는 타입입니다. 깊은 연락은 밤 시간대가 가장 잘 통합니다.
전갈자리,건강운,밤 시간의 건강 루틴이 오늘 특히 중요합니다.,밤 9시~11시,전갈자리는 밤에 진심이 나오는 타입입니다. 깊은 연락은 밤 시간대가 가장 잘 통합니다.
전갈자리,건강운,오늘 심층적인 이완이 필요한 날입니다. 명상이나 깊은 호흡을 해보시기 바랍니다.,밤 9시~11시,전갈자리는 밤에 진심이 나오는 타입입니다. 깊은 연락은 밤 시간대가 가장 잘 통합니다.
전갈자리,건강운,감정 에너지가 신체 에너지를 좌우하는 날입니다.,밤 9시~11시,전갈자리는 밤에 진심이 나오는 타입입니다. 깊은 연락은 밤 시간대가 가장 잘 통합니다.
전갈자리,건강운,오늘 자신을 너그럽게 대하는 것이 건강의 시작입니다.,밤 9시~11시,전갈자리는 밤에 진심이 나오는 타입입니다. 깊은 연락은 밤 시간대가 가장 잘 통합니다.
전갈자리,건강운,전갈자리의 변화 적응력이 건강에서도 빛나는 날입니다.,밤 9시~11시,전갈자리는 밤에 진심이 나오는 타입입니다. 깊은 연락은 밤 시간대가 가장 잘 통합니다.
전갈자리,대인운,오늘 깊은 연결이 생기는 날입니다. 전갈자리는 표면적인 관계보다 깊은 관계를 추구합니다.,밤 9시~11시,전갈자리는 밤에 진심이 나오는 타입입니다. 깊은 연락은 밤 시간대가 가장 잘 통합니다.
전갈자리,대인운,오늘 신뢰할 수 있는 사람과의 대화가 에너지를 충전합니다.,밤 9시~11시,전갈자리는 밤에 진심이 나오는 타입입니다. 깊은 연락은 밤 시간대가 가장 잘 통합니다.
전갈자리,대인운,새로운 사람을 관찰하는 전갈자리의 능력이 오늘 빛나는 날입니다.,밤 9시~11시,전갈자리는 밤에 진심이 나오는 타입입니다. 깊은 연락은 밤 시간대가 가장 잘 통합니다.
전갈자리,대인운,오늘 상대방의 진심을 느끼는 날입니다.,밤 9시~11시,전갈자리는 밤에 진심이 나오는 타입입니다. 깊은 연락은 밤 시간대가 가장 잘 통합니다.
전갈자리,대인운,의심을 내려놓고 열린 마음으로 사람을 만나는 날입니다.,밤 9시~11시,전갈자리는 밤에 진심이 나오는 타입입니다. 깊은 연락은 밤 시간대가 가장 잘 통합니다.
전갈자리,대인운,오늘 진실된 관계가 더 강해지는 날입니다.,밤 9시~11시,전갈자리는 밤에 진심이 나오는 타입입니다. 깊은 연락은 밤 시간대가 가장 잘 통합니다.
전갈자리,대인운,전갈자리의 충성심이 오늘 인간관계에서 빛나는 날입니다.,밤 9시~11시,전갈자리는 밤에 진심이 나오는 타입입니다. 깊은 연락은 밤 시간대가 가장 잘 통합니다.
전갈자리,대인운,오늘 누군가의 비밀을 지켜주는 것이 깊은 신뢰를 만들습니다.,밤 9시~11시,전갈자리는 밤에 진심이 나오는 타입입니다. 깊은 연락은 밤 시간대가 가장 잘 통합니다.
전갈자리,대인운,깊은 대화를 나누기 좋은 날입니다.,밤 9시~11시,전갈자리는 밤에 진심이 나오는 타입입니다. 깊은 연락은 밤 시간대가 가장 잘 통합니다.
전갈자리,대인운,오늘 주변 사람들의 진심을 느끼는 날입니다.,밤 9시~11시,전갈자리는 밤에 진심이 나오는 타입입니다. 깊은 연락은 밤 시간대가 가장 잘 통합니다.
전갈자리,대인운,관계에서 집착보다 자유를 주는 것이 오늘 더 좋습니다.,밤 9시~11시,전갈자리는 밤에 진심이 나오는 타입입니다. 깊은 연락은 밤 시간대가 가장 잘 통합니다.
전갈자리,대인운,오늘 신뢰가 깊어지는 관계 이벤트가 생기는 날입니다.,밤 9시~11시,전갈자리는 밤에 진심이 나오는 타입입니다. 깊은 연락은 밤 시간대가 가장 잘 통합니다.
전갈자리,대인운,전갈자리의 통찰이 인간관계에서도 발휘되는 날입니다.,밤 9시~11시,전갈자리는 밤에 진심이 나오는 타입입니다. 깊은 연락은 밤 시간대가 가장 잘 통합니다.
전갈자리,대인운,오늘 솔직한 감정 표현이 관계를 더 깊게 만드는 날입니다.,밤 9시~11시,전갈자리는 밤에 진심이 나오는 타입입니다. 깊은 연락은 밤 시간대가 가장 잘 통합니다.
전갈자리,대인운,숨겨진 감정을 나누는 것이 오늘 관계를 변화시키는 날입니다.,밤 9시~11시,전갈자리는 밤에 진심이 나오는 타입입니다. 깊은 연락은 밤 시간대가 가장 잘 통합니다.
전갈자리,대인운,오늘 강렬한 연결이 시작되는 날입니다.,밤 9시~11시,전갈자리는 밤에 진심이 나오는 타입입니다. 깊은 연락은 밤 시간대가 가장 잘 통합니다.
전갈자리,대인운,전갈자리가 오늘 누군가에게 큰 영향을 주는 날입니다.,밤 9시~11시,전갈자리는 밤에 진심이 나오는 타입입니다. 깊은 연락은 밤 시간대가 가장 잘 통합니다.
전갈자리,대인운,오늘 관계에서 변화를 두려워하지 않는 날입니다.,밤 9시~11시,전갈자리는 밤에 진심이 나오는 타입입니다. 깊은 연락은 밤 시간대가 가장 잘 통합니다.
전갈자리,대인운,깊은 곳에서 연결되는 새로운 인연이 시작되는 날입니다.,밤 9시~11시,전갈자리는 밤에 진심이 나오는 타입입니다. 깊은 연락은 밤 시간대가 가장 잘 통합니다.
전갈자리,대인운,오늘 전갈자리의 강렬한 존재감이 주변을 이끄는 날입니다.,밤 9시~11시,전갈자리는 밤에 진심이 나오는 타입입니다. 깊은 연락은 밤 시간대가 가장 잘 통합니다.
전갈자리,행동운,오늘 직관이 이끄는 행동이 정답인 날입니다.,밤 9시~11시,전갈자리는 밤에 진심이 나오는 타입입니다. 깊은 연락은 밤 시간대가 가장 잘 통합니다.
전갈자리,행동운,집착을 내려놓는 행동이 오늘 자유를 주는 날입니다.,밤 9시~11시,전갈자리는 밤에 진심이 나오는 타입입니다. 깊은 연락은 밤 시간대가 가장 잘 통합니다.
전갈자리,행동운,오늘 변화를 받아들이는 행동이 새로운 기회를 만들습니다.,밤 9시~11시,전갈자리는 밤에 진심이 나오는 타입입니다. 깊은 연락은 밤 시간대가 가장 잘 통합니다.
전갈자리,행동운,강렬한 집중을 하나의 목표에 쏟는 행동이 오늘 맞습니다.,밤 9시~11시,전갈자리는 밤에 진심이 나오는 타입입니다. 깊은 연락은 밤 시간대가 가장 잘 통합니다.
전갈자리,행동운,오늘 숨겨진 것을 드러내는 행동이 중요한 날입니다.,밤 9시~11시,전갈자리는 밤에 진심이 나오는 타입입니다. 깊은 연락은 밤 시간대가 가장 잘 통합니다.
전갈자리,행동운,감정을 표현하는 행동이 오늘 자신을 해방시키는 날입니다.,밤 9시~11시,전갈자리는 밤에 진심이 나오는 타입입니다. 깊은 연락은 밤 시간대가 가장 잘 통합니다.
전갈자리,행동운,전갈자리답게 끝까지 해내는 행동이 오늘 빛나는 날입니다.,밤 9시~11시,전갈자리는 밤에 진심이 나오는 타입입니다. 깊은 연락은 밤 시간대가 가장 잘 통합니다.
전갈자리,행동운,오늘 변화를 주도하는 행동이 가장 강합니다.,밤 9시~11시,전갈자리는 밤에 진심이 나오는 타입입니다. 깊은 연락은 밤 시간대가 가장 잘 통합니다.
전갈자리,행동운,의심 대신 확인하는 행동을 하는 날입니다.,밤 9시~11시,전갈자리는 밤에 진심이 나오는 타입입니다. 깊은 연락은 밤 시간대가 가장 잘 통합니다.
전갈자리,행동운,오늘 깊이 있는 행동 하나가 큰 변화를 만들습니다.,밤 9시~11시,전갈자리는 밤에 진심이 나오는 타입입니다. 깊은 연락은 밤 시간대가 가장 잘 통합니다.
전갈자리,행동운,집중력을 발휘하는 행동이 오늘 최고의 결과를 만들습니다.,밤 9시~11시,전갈자리는 밤에 진심이 나오는 타입입니다. 깊은 연락은 밤 시간대가 가장 잘 통합니다.
전갈자리,행동운,오늘 포기하지 않는 행동이 전갈자리의 강점입니다.,밤 9시~11시,전갈자리는 밤에 진심이 나오는 타입입니다. 깊은 연락은 밤 시간대가 가장 잘 통합니다.
전갈자리,행동운,새로운 시작을 위한 행동을 하기 좋은 날입니다.,밤 9시~11시,전갈자리는 밤에 진심이 나오는 타입입니다. 깊은 연락은 밤 시간대가 가장 잘 통합니다.
전갈자리,행동운,오늘 직관을 행동으로 옮기는 것이 정답입니다.,밤 9시~11시,전갈자리는 밤에 진심이 나오는 타입입니다. 깊은 연락은 밤 시간대가 가장 잘 통합니다.
전갈자리,행동운,숨겨진 능력을 꺼내는 행동이 오늘 필요한 날입니다.,밤 9시~11시,전갈자리는 밤에 진심이 나오는 타입입니다. 깊은 연락은 밤 시간대가 가장 잘 통합니다.
전갈자리,행동운,오늘 강인함을 행동으로 보여주는 날입니다.,밤 9시~11시,전갈자리는 밤에 진심이 나오는 타입입니다. 깊은 연락은 밤 시간대가 가장 잘 통합니다.
전갈자리,행동운,변화에 맞춰 유연하게 행동하는 날입니다.,밤 9시~11시,전갈자리는 밤에 진심이 나오는 타입입니다. 깊은 연락은 밤 시간대가 가장 잘 통합니다.
전갈자리,행동운,오늘 깊은 생각에서 나온 행동이 가장 효과적입니다.,밤 9시~11시,전갈자리는 밤에 진심이 나오는 타입입니다. 깊은 연락은 밤 시간대가 가장 잘 통합니다.
전갈자리,행동운,전갈자리의 강인한 의지가 행동으로 나타나는 날입니다.,밤 9시~11시,전갈자리는 밤에 진심이 나오는 타입입니다. 깊은 연락은 밤 시간대가 가장 잘 통합니다.
전갈자리,행동운,오늘 새로운 단계로 나아가는 행동을 하는 날입니다.,밤 9시~11시,전갈자리는 밤에 진심이 나오는 타입입니다. 깊은 연락은 밤 시간대가 가장 잘 통합니다.
사수자리,총운,오늘 자유롭게 움직이고 싶은 에너지가 올라오는 날입니다. 그 에너지를 방향 있게 써보시기 바랍니다.,오후 2시~5시,사수자리는 오후에 에너지가 올라오는 타입입니다. 이 시간대 연락이 가장 활기차게 이어집니다.
사수자리,총운,새로운 모험이 시작되는 날입니다. 사수자리의 탐험 정신이 빛습니다.,오후 2시~5시,사수자리는 오후에 에너지가 올라오는 타입입니다. 이 시간대 연락이 가장 활기차게 이어집니다.
사수자리,총운,오늘 낙관적인 에너지가 주변을 밝히는 날입니다.,오후 2시~5시,사수자리는 오후에 에너지가 올라오는 타입입니다. 이 시간대 연락이 가장 활기차게 이어집니다.
사수자리,총운,계획보다 즉흥이 더 잘 맞는 날입니다.,오후 2시~5시,사수자리는 오후에 에너지가 올라오는 타입입니다. 이 시간대 연락이 가장 활기차게 이어집니다.
사수자리,총운,오늘 큰 그림을 보는 능력이 중요한 통찰을 만들습니다.,오후 2시~5시,사수자리는 오후에 에너지가 올라오는 타입입니다. 이 시간대 연락이 가장 활기차게 이어집니다.
사수자리,총운,자유로움이 오늘 가장 중요한 에너지원입니다.,오후 2시~5시,사수자리는 오후에 에너지가 올라오는 타입입니다. 이 시간대 연락이 가장 활기차게 이어집니다.
사수자리,총운,오늘 새로운 것을 배우고 싶은 욕구가 강한 날입니다.,오후 2시~5시,사수자리는 오후에 에너지가 올라오는 타입입니다. 이 시간대 연락이 가장 활기차게 이어집니다.
사수자리,총운,모험을 두려워하지 않는 사수자리의 용기가 오늘 빛습니다.,오후 2시~5시,사수자리는 오후에 에너지가 올라오는 타입입니다. 이 시간대 연락이 가장 활기차게 이어집니다.
사수자리,총운,오늘 과감하게 시도하는 것이 정답인 날입니다.,오후 2시~5시,사수자리는 오후에 에너지가 올라오는 타입입니다. 이 시간대 연락이 가장 활기차게 이어집니다.
사수자리,총운,낙관주의가 주변 사람들에게 영향을 미치는 날입니다.,오후 2시~5시,사수자리는 오후에 에너지가 올라오는 타입입니다. 이 시간대 연락이 가장 활기차게 이어집니다.
사수자리,총운,오늘 작은 것에도 의미를 찾는 철학적인 날입니다.,오후 2시~5시,사수자리는 오후에 에너지가 올라오는 타입입니다. 이 시간대 연락이 가장 활기차게 이어집니다.
사수자리,총운,새로운 방향이 열리는 날입니다.,오후 2시~5시,사수자리는 오후에 에너지가 올라오는 타입입니다. 이 시간대 연락이 가장 활기차게 이어집니다.
사수자리,총운,오늘 사수자리의 직관이 새로운 기회를 포착하는 날입니다.,오후 2시~5시,사수자리는 오후에 에너지가 올라오는 타입입니다. 이 시간대 연락이 가장 활기차게 이어집니다.
사수자리,총운,자유롭게 생각하고 행동하는 것이 오늘 최고의 전략입니다.,오후 2시~5시,사수자리는 오후에 에너지가 올라오는 타입입니다. 이 시간대 연락이 가장 활기차게 이어집니다.
사수자리,총운,오늘 넓은 시각이 중요한 날입니다.,오후 2시~5시,사수자리는 오후에 에너지가 올라오는 타입입니다. 이 시간대 연락이 가장 활기차게 이어집니다.
사수자리,총운,속박보다 자유를 선택하는 것이 오늘 맞는 날입니다.,오후 2시~5시,사수자리는 오후에 에너지가 올라오는 타입입니다. 이 시간대 연락이 가장 활기차게 이어집니다.
사수자리,총운,사수자리의 모험심이 오늘 새로운 것을 만들습니다.,오후 2시~5시,사수자리는 오후에 에너지가 올라오는 타입입니다. 이 시간대 연락이 가장 활기차게 이어집니다.
사수자리,총운,오늘 목표를 크게 세우는 것이 더 좋은 날입니다.,오후 2시~5시,사수자리는 오후에 에너지가 올라오는 타입입니다. 이 시간대 연락이 가장 활기차게 이어집니다.
사수자리,총운,낙관적인 에너지가 오늘 힘든 상황을 이겨내게 합니다.,오후 2시~5시,사수자리는 오후에 에너지가 올라오는 타입입니다. 이 시간대 연락이 가장 활기차게 이어집니다.
사수자리,총운,오늘 새로운 경험이 삶을 풍요롭게 만드는 날입니다.,오후 2시~5시,사수자리는 오후에 에너지가 올라오는 타입입니다. 이 시간대 연락이 가장 활기차게 이어집니다.
사수자리,애정운,자유로운 관계가 오늘 더 설레는 날입니다.,오후 2시~5시,사수자리는 오후에 에너지가 올라오는 타입입니다. 이 시간대 연락이 가장 활기차게 이어집니다.
사수자리,애정운,오늘 새로운 사람과의 만남이 모험이 되는 날입니다.,오후 2시~5시,사수자리는 오후에 에너지가 올라오는 타입입니다. 이 시간대 연락이 가장 활기차게 이어집니다.
사수자리,애정운,솔직한 표현이 오늘 관계를 빛나게 합니다.,오후 2시~5시,사수자리는 오후에 에너지가 올라오는 타입입니다. 이 시간대 연락이 가장 활기차게 이어집니다.
사수자리,애정운,구속감 없이 자연스럽게 흘러가는 관계가 오늘 맞습니다.,오후 2시~5시,사수자리는 오후에 에너지가 올라오는 타입입니다. 이 시간대 연락이 가장 활기차게 이어집니다.
사수자리,애정운,오늘 상대방의 자유도 존중해주는 날입니다.,오후 2시~5시,사수자리는 오후에 에너지가 올라오는 타입입니다. 이 시간대 연락이 가장 활기차게 이어집니다.
사수자리,애정운,함께 새로운 것을 경험하는 것이 최고의 데이트입니다.,오후 2시~5시,사수자리는 오후에 에너지가 올라오는 타입입니다. 이 시간대 연락이 가장 활기차게 이어집니다.
사수자리,애정운,오늘 솔직한 대화가 관계를 더 건강하게 만드는 날입니다.,오후 2시~5시,사수자리는 오후에 에너지가 올라오는 타입입니다. 이 시간대 연락이 가장 활기차게 이어집니다.
사수자리,애정운,사수자리의 낙관적인 에너지가 관계를 밝게 만드는 날입니다.,오후 2시~5시,사수자리는 오후에 에너지가 올라오는 타입입니다. 이 시간대 연락이 가장 활기차게 이어집니다.
사수자리,애정운,오늘 멀리 있는 사람과의 연결이 이어지는 날입니다.,오후 2시~5시,사수자리는 오후에 에너지가 올라오는 타입입니다. 이 시간대 연락이 가장 활기차게 이어집니다.
사수자리,애정운,모험적인 데이트 아이디어가 오늘 관계를 설레게 합니다.,오후 2시~5시,사수자리는 오후에 에너지가 올라오는 타입입니다. 이 시간대 연락이 가장 활기차게 이어집니다.
사수자리,애정운,오늘 자신의 꿈과 목표를 나누는 대화가 관계를 깊게 합니다.,오후 2시~5시,사수자리는 오후에 에너지가 올라오는 타입입니다. 이 시간대 연락이 가장 활기차게 이어집니다.
사수자리,애정운,오늘 관계에서 자유와 연결의 균형을 찾는 날입니다.,오후 2시~5시,사수자리는 오후에 에너지가 올라오는 타입입니다. 이 시간대 연락이 가장 활기차게 이어집니다.
사수자리,애정운,사수자리의 유머가 관계를 가볍고 즐겁게 만드는 날입니다.,오후 2시~5시,사수자리는 오후에 에너지가 올라오는 타입입니다. 이 시간대 연락이 가장 활기차게 이어집니다.
사수자리,애정운,오늘 진심 어린 말 한마디가 관계를 따뜻하게 합니다.,오후 2시~5시,사수자리는 오후에 에너지가 올라오는 타입입니다. 이 시간대 연락이 가장 활기차게 이어집니다.
사수자리,애정운,새로운 경험을 함께 만들어가는 것이 오늘 사랑입니다.,오후 2시~5시,사수자리는 오후에 에너지가 올라오는 타입입니다. 이 시간대 연락이 가장 활기차게 이어집니다.
사수자리,애정운,오늘 속박보다 자유를 줄 때 관계가 더 강해지는 날입니다.,오후 2시~5시,사수자리는 오후에 에너지가 올라오는 타입입니다. 이 시간대 연락이 가장 활기차게 이어집니다.
사수자리,애정운,사수자리의 낙관주의가 관계의 문제를 해결하는 날입니다.,오후 2시~5시,사수자리는 오후에 에너지가 올라오는 타입입니다. 이 시간대 연락이 가장 활기차게 이어집니다.
사수자리,애정운,오늘 먼 곳에 있는 사람에게 연락해보시기 바랍니다.,오후 2시~5시,사수자리는 오후에 에너지가 올라오는 타입입니다. 이 시간대 연락이 가장 활기차게 이어집니다.
사수자리,애정운,함께 새로운 곳을 탐험하는 것이 오늘 가장 좋은 시간입니다.,오후 2시~5시,사수자리는 오후에 에너지가 올라오는 타입입니다. 이 시간대 연락이 가장 활기차게 이어집니다.
사수자리,애정운,오늘 사수자리의 솔직함이 관계에서 빛나는 날입니다.,오후 2시~5시,사수자리는 오후에 에너지가 올라오는 타입입니다. 이 시간대 연락이 가장 활기차게 이어집니다.
사수자리,금전운,오늘 큰 그림을 보는 금전 결정이 맞는 날입니다.,오후 2시~5시,사수자리는 오후에 에너지가 올라오는 타입입니다. 이 시간대 연락이 가장 활기차게 이어집니다.
사수자리,금전운,새로운 수입 기회가 여행이나 학습에서 나오는 날입니다.,오후 2시~5시,사수자리는 오후에 에너지가 올라오는 타입입니다. 이 시간대 연락이 가장 활기차게 이어집니다.
사수자리,금전운,오늘 충동적인 큰 지출을 조심하는 날입니다.,오후 2시~5시,사수자리는 오후에 에너지가 올라오는 타입입니다. 이 시간대 연락이 가장 활기차게 이어집니다.
사수자리,금전운,금전보다 경험에 투자하는 것이 오늘 더 의미 있습니다.,오후 2시~5시,사수자리는 오후에 에너지가 올라오는 타입입니다. 이 시간대 연락이 가장 활기차게 이어집니다.
사수자리,금전운,오늘 외국이나 먼 곳과 관련된 금전 기회가 생기는 날입니다.,오후 2시~5시,사수자리는 오후에 에너지가 올라오는 타입입니다. 이 시간대 연락이 가장 활기차게 이어집니다.
사수자리,금전운,낙관적인 금전 전망이 오늘 힘이 되는 날입니다.,오후 2시~5시,사수자리는 오후에 에너지가 올라오는 타입입니다. 이 시간대 연락이 가장 활기차게 이어집니다.
사수자리,금전운,오늘 큰 수입 목표를 설정하기 좋은 날입니다.,오후 2시~5시,사수자리는 오후에 에너지가 올라오는 타입입니다. 이 시간대 연락이 가장 활기차게 이어집니다.
사수자리,금전운,계획 없는 지출을 조심하는 날입니다.,오후 2시~5시,사수자리는 오후에 에너지가 올라오는 타입입니다. 이 시간대 연락이 가장 활기차게 이어집니다.
사수자리,금전운,오늘 금전 관련 새로운 정보를 얻는 날입니다.,오후 2시~5시,사수자리는 오후에 에너지가 올라오는 타입입니다. 이 시간대 연락이 가장 활기차게 이어집니다.
사수자리,금전운,자유로운 수입 방식에 관심이 생기는 날입니다.,오후 2시~5시,사수자리는 오후에 에너지가 올라오는 타입입니다. 이 시간대 연락이 가장 활기차게 이어집니다.
사수자리,금전운,오늘 투자 기회가 보이는 날입니다. 충분히 검토하시기 바랍니다.,오후 2시~5시,사수자리는 오후에 에너지가 올라오는 타입입니다. 이 시간대 연락이 가장 활기차게 이어집니다.
사수자리,금전운,금전 흐름이 확장되는 느낌이 드는 날입니다.,오후 2시~5시,사수자리는 오후에 에너지가 올라오는 타입입니다. 이 시간대 연락이 가장 활기차게 이어집니다.
사수자리,금전운,오늘 작은 금액보다 큰 가능성에 집중하는 날입니다.,오후 2시~5시,사수자리는 오후에 에너지가 올라오는 타입입니다. 이 시간대 연락이 가장 활기차게 이어집니다.
사수자리,금전운,사수자리의 낙관주의가 금전 기회를 만드는 날입니다.,오후 2시~5시,사수자리는 오후에 에너지가 올라오는 타입입니다. 이 시간대 연락이 가장 활기차게 이어집니다.
사수자리,금전운,오늘 학습이나 자기 개발에 투자하는 것이 금전적으로 맞습니다.,오후 2시~5시,사수자리는 오후에 에너지가 올라오는 타입입니다. 이 시간대 연락이 가장 활기차게 이어집니다.
사수자리,금전운,예상치 못한 수입이 생기는 날입니다.,오후 2시~5시,사수자리는 오후에 에너지가 올라오는 타입입니다. 이 시간대 연락이 가장 활기차게 이어집니다.
사수자리,금전운,오늘 금전 걱정보다 가능성에 집중하는 날입니다.,오후 2시~5시,사수자리는 오후에 에너지가 올라오는 타입입니다. 이 시간대 연락이 가장 활기차게 이어집니다.
사수자리,금전운,자유로운 방식으로 돈을 버는 아이디어가 떠오르는 날입니다.,오후 2시~5시,사수자리는 오후에 에너지가 올라오는 타입입니다. 이 시간대 연락이 가장 활기차게 이어집니다.
사수자리,금전운,오늘 큰 그림을 위한 작은 저축이 의미 있는 날입니다.,오후 2시~5시,사수자리는 오후에 에너지가 올라오는 타입입니다. 이 시간대 연락이 가장 활기차게 이어집니다.
사수자리,금전운,금전적 자유를 향한 한 걸음을 내딛는 날입니다.,오후 2시~5시,사수자리는 오후에 에너지가 올라오는 타입입니다. 이 시간대 연락이 가장 활기차게 이어집니다.
사수자리,직장운,오늘 큰 아이디어를 제안하기 좋은 날입니다.,오후 2시~5시,사수자리는 오후에 에너지가 올라오는 타입입니다. 이 시간대 연락이 가장 활기차게 이어집니다.
사수자리,직장운,새로운 프로젝트나 모험적인 업무에서 사수자리가 빛나는 날입니다.,오후 2시~5시,사수자리는 오후에 에너지가 올라오는 타입입니다. 이 시간대 연락이 가장 활기차게 이어집니다.
사수자리,직장운,오늘 낙관적인 에너지가 팀에 활기를 불어넣는 날입니다.,오후 2시~5시,사수자리는 오후에 에너지가 올라오는 타입입니다. 이 시간대 연락이 가장 활기차게 이어집니다.
사수자리,직장운,세부 마무리보다 방향 설정이 오늘 더 중요한 날입니다.,오후 2시~5시,사수자리는 오후에 에너지가 올라오는 타입입니다. 이 시간대 연락이 가장 활기차게 이어집니다.
사수자리,직장운,오늘 넓은 시각으로 업무를 바라보는 것이 가장 좋은 접근입니다.,오후 2시~5시,사수자리는 오후에 에너지가 올라오는 타입입니다. 이 시간대 연락이 가장 활기차게 이어집니다.
사수자리,직장운,자유로운 업무 방식이 오늘 더 좋은 결과를 만들습니다.,오후 2시~5시,사수자리는 오후에 에너지가 올라오는 타입입니다. 이 시간대 연락이 가장 활기차게 이어집니다.
사수자리,직장운,오늘 국제적이거나 먼 것과 관련된 업무에서 탁월한 날입니다.,오후 2시~5시,사수자리는 오후에 에너지가 올라오는 타입입니다. 이 시간대 연락이 가장 활기차게 이어집니다.
사수자리,직장운,사수자리의 철학적 시각이 중요한 결정에서 빛나는 날입니다.,오후 2시~5시,사수자리는 오후에 에너지가 올라오는 타입입니다. 이 시간대 연락이 가장 활기차게 이어집니다.
사수자리,직장운,오늘 새로운 방식을 시도하는 것이 오히려 더 좋은 결과를 내요.,오후 2시~5시,사수자리는 오후에 에너지가 올라오는 타입입니다. 이 시간대 연락이 가장 활기차게 이어집니다.
사수자리,직장운,직관으로 업무 방향을 잡는 사수자리의 능력이 오늘 정확한 날입니다.,오후 2시~5시,사수자리는 오후에 에너지가 올라오는 타입입니다. 이 시간대 연락이 가장 활기차게 이어집니다.
사수자리,직장운,오늘 규칙보다 자유로운 접근이 혁신을 만드는 날입니다.,오후 2시~5시,사수자리는 오후에 에너지가 올라오는 타입입니다. 이 시간대 연락이 가장 활기차게 이어집니다.
사수자리,직장운,배움이 업무로 이어지는 날입니다.,오후 2시~5시,사수자리는 오후에 에너지가 올라오는 타입입니다. 이 시간대 연락이 가장 활기차게 이어집니다.
사수자리,직장운,오늘 업무에서 큰 비전을 제시하는 날입니다.,오후 2시~5시,사수자리는 오후에 에너지가 올라오는 타입입니다. 이 시간대 연락이 가장 활기차게 이어집니다.
사수자리,직장운,사수자리의 낙관주의가 어려운 업무를 이겨내게 하는 날입니다.,오후 2시~5시,사수자리는 오후에 에너지가 올라오는 타입입니다. 이 시간대 연락이 가장 활기차게 이어집니다.
사수자리,직장운,오늘 다양한 가능성을 탐색하는 것이 좋은 결정을 만들습니다.,오후 2시~5시,사수자리는 오후에 에너지가 올라오는 타입입니다. 이 시간대 연락이 가장 활기차게 이어집니다.
사수자리,직장운,자유롭게 생각하는 것이 오늘 창의적인 해결책을 만들습니다.,오후 2시~5시,사수자리는 오후에 에너지가 올라오는 타입입니다. 이 시간대 연락이 가장 활기차게 이어집니다.
사수자리,직장운,오늘 업무에서 모험적인 시도가 성공하는 날입니다.,오후 2시~5시,사수자리는 오후에 에너지가 올라오는 타입입니다. 이 시간대 연락이 가장 활기차게 이어집니다.
사수자리,직장운,큰 그림을 보는 능력이 오늘 팀에 도움이 되는 날입니다.,오후 2시~5시,사수자리는 오후에 에너지가 올라오는 타입입니다. 이 시간대 연락이 가장 활기차게 이어집니다.
사수자리,직장운,오늘 긍정적인 에너지가 업무 성과를 높이는 날입니다.,오후 2시~5시,사수자리는 오후에 에너지가 올라오는 타입입니다. 이 시간대 연락이 가장 활기차게 이어집니다.
사수자리,직장운,사수자리의 직관적인 판단이 오늘 중요한 업무 결정을 이끄는 날입니다.,오후 2시~5시,사수자리는 오후에 에너지가 올라오는 타입입니다. 이 시간대 연락이 가장 활기차게 이어집니다.
사수자리,건강운,오늘 야외 활동이 최고의 에너지 충전입니다.,오후 2시~5시,사수자리는 오후에 에너지가 올라오는 타입입니다. 이 시간대 연락이 가장 활기차게 이어집니다.
사수자리,건강운,사수자리는 과도한 활동 후 방전되는 타입입니다. 오늘 회복을 챙기시기 바랍니다.,오후 2시~5시,사수자리는 오후에 에너지가 올라오는 타입입니다. 이 시간대 연락이 가장 활기차게 이어집니다.
사수자리,건강운,오늘 허리나 엉덩이 건강에 주의하는 날입니다.,오후 2시~5시,사수자리는 오후에 에너지가 올라오는 타입입니다. 이 시간대 연락이 가장 활기차게 이어집니다.
사수자리,건강운,자유로운 신체 활동이 오늘 건강에 가장 좋습니다.,오후 2시~5시,사수자리는 오후에 에너지가 올라오는 타입입니다. 이 시간대 연락이 가장 활기차게 이어집니다.
사수자리,건강운,오늘 과식이나 과음을 조심하는 날입니다.,오후 2시~5시,사수자리는 오후에 에너지가 올라오는 타입입니다. 이 시간대 연락이 가장 활기차게 이어집니다.
사수자리,건강운,새로운 운동을 시도하기 정확히 좋은 날입니다.,오후 2시~5시,사수자리는 오후에 에너지가 올라오는 타입입니다. 이 시간대 연락이 가장 활기차게 이어집니다.
사수자리,건강운,야외에서의 운동이 오늘 특히 즐거운 날입니다.,오후 2시~5시,사수자리는 오후에 에너지가 올라오는 타입입니다. 이 시간대 연락이 가장 활기차게 이어집니다.
사수자리,건강운,오늘 몸이 보내는 과로 신호에 귀 기울이시기 바랍니다.,오후 2시~5시,사수자리는 오후에 에너지가 올라오는 타입입니다. 이 시간대 연락이 가장 활기차게 이어집니다.
사수자리,건강운,낙관적인 마음이 건강에도 영향을 주는 날입니다.,오후 2시~5시,사수자리는 오후에 에너지가 올라오는 타입입니다. 이 시간대 연락이 가장 활기차게 이어집니다.
사수자리,건강운,오늘 모험적인 스포츠나 활동이 에너지를 올려줍니다.,오후 2시~5시,사수자리는 오후에 에너지가 올라오는 타입입니다. 이 시간대 연락이 가장 활기차게 이어집니다.
사수자리,건강운,충분한 수면이 오늘 특히 중요한 날입니다.,오후 2시~5시,사수자리는 오후에 에너지가 올라오는 타입입니다. 이 시간대 연락이 가장 활기차게 이어집니다.
사수자리,건강운,오늘 여행이나 새로운 환경이 건강을 회복시키는 날입니다.,오후 2시~5시,사수자리는 오후에 에너지가 올라오는 타입입니다. 이 시간대 연락이 가장 활기차게 이어집니다.
사수자리,건강운,규칙적인 운동을 시작하기 좋은 날입니다.,오후 2시~5시,사수자리는 오후에 에너지가 올라오는 타입입니다. 이 시간대 연락이 가장 활기차게 이어집니다.
사수자리,건강운,오늘 스트레칭이 허리 건강을 지켜주는 날입니다.,오후 2시~5시,사수자리는 오후에 에너지가 올라오는 타입입니다. 이 시간대 연락이 가장 활기차게 이어집니다.
사수자리,건강운,낙관적인 에너지가 면역력에도 영향을 주는 날입니다.,오후 2시~5시,사수자리는 오후에 에너지가 올라오는 타입입니다. 이 시간대 연락이 가장 활기차게 이어집니다.
사수자리,건강운,오늘 자연 속에서 시간을 보내면 몸과 마음이 회복되는 날입니다.,오후 2시~5시,사수자리는 오후에 에너지가 올라오는 타입입니다. 이 시간대 연락이 가장 활기차게 이어집니다.
사수자리,건강운,음식의 다양성이 오늘 즐거움이 되는 날입니다.,오후 2시~5시,사수자리는 오후에 에너지가 올라오는 타입입니다. 이 시간대 연락이 가장 활기차게 이어집니다.
사수자리,건강운,오늘 과도한 목표보다 즐기면서 건강을 유지하는 날입니다.,오후 2시~5시,사수자리는 오후에 에너지가 올라오는 타입입니다. 이 시간대 연락이 가장 활기차게 이어집니다.
사수자리,건강운,신체적 자유를 느끼는 활동이 오늘 최고의 건강법입니다.,오후 2시~5시,사수자리는 오후에 에너지가 올라오는 타입입니다. 이 시간대 연락이 가장 활기차게 이어집니다.
사수자리,건강운,사수자리의 강한 회복력이 오늘도 발휘되는 날입니다.,오후 2시~5시,사수자리는 오후에 에너지가 올라오는 타입입니다. 이 시간대 연락이 가장 활기차게 이어집니다.
사수자리,대인운,오늘 다양한 사람들과 교류하는 에너지가 올라오는 날입니다.,오후 2시~5시,사수자리는 오후에 에너지가 올라오는 타입입니다. 이 시간대 연락이 가장 활기차게 이어집니다.
사수자리,대인운,새로운 사람과의 만남에서 모험이 시작되는 날입니다.,오후 2시~5시,사수자리는 오후에 에너지가 올라오는 타입입니다. 이 시간대 연락이 가장 활기차게 이어집니다.
사수자리,대인운,사수자리의 솔직함이 오늘 관계를 신선하게 만드는 날입니다.,오후 2시~5시,사수자리는 오후에 에너지가 올라오는 타입입니다. 이 시간대 연락이 가장 활기차게 이어집니다.
사수자리,대인운,오늘 다양한 배경의 사람들과 연결되는 날입니다.,오후 2시~5시,사수자리는 오후에 에너지가 올라오는 타입입니다. 이 시간대 연락이 가장 활기차게 이어집니다.
사수자리,대인운,자유롭고 열린 태도가 오늘 좋은 인연을 불러오는 날입니다.,오후 2시~5시,사수자리는 오후에 에너지가 올라오는 타입입니다. 이 시간대 연락이 가장 활기차게 이어집니다.
사수자리,대인운,오늘 먼 곳에 있는 사람과의 연결이 생기는 날입니다.,오후 2시~5시,사수자리는 오후에 에너지가 올라오는 타입입니다. 이 시간대 연락이 가장 활기차게 이어집니다.
사수자리,대인운,사수자리의 유머가 오늘 모임을 밝게 만드는 날입니다.,오후 2시~5시,사수자리는 오후에 에너지가 올라오는 타입입니다. 이 시간대 연락이 가장 활기차게 이어집니다.
사수자리,대인운,오늘 가르치거나 나누는 것에서 관계가 깊어지는 날입니다.,오후 2시~5시,사수자리는 오후에 에너지가 올라오는 타입입니다. 이 시간대 연락이 가장 활기차게 이어집니다.
사수자리,대인운,다양한 관점을 나누는 대화가 오늘 에너지가 되는 날입니다.,오후 2시~5시,사수자리는 오후에 에너지가 올라오는 타입입니다. 이 시간대 연락이 가장 활기차게 이어집니다.
사수자리,대인운,오늘 주변 사람들에게 영감을 주는 날입니다.,오후 2시~5시,사수자리는 오후에 에너지가 올라오는 타입입니다. 이 시간대 연락이 가장 활기차게 이어집니다.
사수자리,대인운,솔직하고 자유로운 소통이 오늘 관계를 풍요롭게 합니다.,오후 2시~5시,사수자리는 오후에 에너지가 올라오는 타입입니다. 이 시간대 연락이 가장 활기차게 이어집니다.
사수자리,대인운,오늘 새로운 모임이나 커뮤니티에 합류하기 좋은 날입니다.,오후 2시~5시,사수자리는 오후에 에너지가 올라오는 타입입니다. 이 시간대 연락이 가장 활기차게 이어집니다.
사수자리,대인운,사수자리의 낙관주의가 힘든 사람에게 희망이 되는 날입니다.,오후 2시~5시,사수자리는 오후에 에너지가 올라오는 타입입니다. 이 시간대 연락이 가장 활기차게 이어집니다.
사수자리,대인운,오늘 대화에서 중요한 인생의 통찰을 나누는 날입니다.,오후 2시~5시,사수자리는 오후에 에너지가 올라오는 타입입니다. 이 시간대 연락이 가장 활기차게 이어집니다.
사수자리,대인운,다양한 사람들과의 교류에서 새로운 아이디어를 얻는 날입니다.,오후 2시~5시,사수자리는 오후에 에너지가 올라오는 타입입니다. 이 시간대 연락이 가장 활기차게 이어집니다.
사수자리,대인운,오늘 자유로운 관계에서 더 깊은 연결이 생기는 날입니다.,오후 2시~5시,사수자리는 오후에 에너지가 올라오는 타입입니다. 이 시간대 연락이 가장 활기차게 이어집니다.
사수자리,대인운,사수자리의 철학적 대화가 오늘 누군가에게 도움이 되는 날입니다.,오후 2시~5시,사수자리는 오후에 에너지가 올라오는 타입입니다. 이 시간대 연락이 가장 활기차게 이어집니다.
사수자리,대인운,오늘 주변 사람들과 함께하는 모험이 즐거운 날입니다.,오후 2시~5시,사수자리는 오후에 에너지가 올라오는 타입입니다. 이 시간대 연락이 가장 활기차게 이어집니다.
사수자리,대인운,새로운 곳에서 새로운 사람을 만나는 것이 오늘 최고의 경험입니다.,오후 2시~5시,사수자리는 오후에 에너지가 올라오는 타입입니다. 이 시간대 연락이 가장 활기차게 이어집니다.
사수자리,대인운,오늘 사수자리의 열린 마음이 좋은 관계를 만드는 날입니다.,오후 2시~5시,사수자리는 오후에 에너지가 올라오는 타입입니다. 이 시간대 연락이 가장 활기차게 이어집니다.
사수자리,행동운,오늘 새로운 것을 시작하기 정확히 좋은 날입니다.,오후 2시~5시,사수자리는 오후에 에너지가 올라오는 타입입니다. 이 시간대 연락이 가장 활기차게 이어집니다.
사수자리,행동운,자유롭게 움직이는 행동이 오늘 가장 잘 맞습니다.,오후 2시~5시,사수자리는 오후에 에너지가 올라오는 타입입니다. 이 시간대 연락이 가장 활기차게 이어집니다.
사수자리,행동운,오늘 직관을 믿고 바로 행동하는 날입니다.,오후 2시~5시,사수자리는 오후에 에너지가 올라오는 타입입니다. 이 시간대 연락이 가장 활기차게 이어집니다.
사수자리,행동운,큰 목표를 향한 첫 걸음을 내딛는 날입니다.,오후 2시~5시,사수자리는 오후에 에너지가 올라오는 타입입니다. 이 시간대 연락이 가장 활기차게 이어집니다.
사수자리,행동운,오늘 모험적인 선택이 오히려 더 좋은 결과를 만들습니다.,오후 2시~5시,사수자리는 오후에 에너지가 올라오는 타입입니다. 이 시간대 연락이 가장 활기차게 이어집니다.
사수자리,행동운,계획 없이 움직여도 되는 날입니다. 사수자리는 즉흥에서 빛습니다.,오후 2시~5시,사수자리는 오후에 에너지가 올라오는 타입입니다. 이 시간대 연락이 가장 활기차게 이어집니다.
사수자리,행동운,오늘 배우는 행동 하나가 나중에 큰 자산이 되는 날입니다.,오후 2시~5시,사수자리는 오후에 에너지가 올라오는 타입입니다. 이 시간대 연락이 가장 활기차게 이어집니다.
사수자리,행동운,자유를 선택하는 용기 있는 행동이 오늘 맞습니다.,오후 2시~5시,사수자리는 오후에 에너지가 올라오는 타입입니다. 이 시간대 연락이 가장 활기차게 이어집니다.
사수자리,행동운,오늘 한계를 넘어서는 행동을 시도하는 날입니다.,오후 2시~5시,사수자리는 오후에 에너지가 올라오는 타입입니다. 이 시간대 연락이 가장 활기차게 이어집니다.
사수자리,행동운,낙관적인 마음으로 시작하는 행동이 오늘 성공을 만들습니다.,오후 2시~5시,사수자리는 오후에 에너지가 올라오는 타입입니다. 이 시간대 연락이 가장 활기차게 이어집니다.
사수자리,행동운,오늘 새로운 곳으로 이동하거나 탐험하는 행동이 에너지를 올립니다.,오후 2시~5시,사수자리는 오후에 에너지가 올라오는 타입입니다. 이 시간대 연락이 가장 활기차게 이어집니다.
사수자리,행동운,여행이나 새로운 경험을 계획하는 것이 오늘 즐거운 행동입니다.,오후 2시~5시,사수자리는 오후에 에너지가 올라오는 타입입니다. 이 시간대 연락이 가장 활기차게 이어집니다.
사수자리,행동운,오늘 큰 그림을 그리는 행동이 방향을 명확하게 합니다.,오후 2시~5시,사수자리는 오후에 에너지가 올라오는 타입입니다. 이 시간대 연락이 가장 활기차게 이어집니다.
사수자리,행동운,사수자리답게 당당하게 도전하는 행동이 오늘 빛나는 날입니다.,오후 2시~5시,사수자리는 오후에 에너지가 올라오는 타입입니다. 이 시간대 연락이 가장 활기차게 이어집니다.
사수자리,행동운,오늘 배움을 행동으로 연결하는 날입니다.,오후 2시~5시,사수자리는 오후에 에너지가 올라오는 타입입니다. 이 시간대 연락이 가장 활기차게 이어집니다.
사수자리,행동운,자유로운 발상을 실행으로 옮기는 것이 오늘 최고의 행동입니다.,오후 2시~5시,사수자리는 오후에 에너지가 올라오는 타입입니다. 이 시간대 연락이 가장 활기차게 이어집니다.
사수자리,행동운,오늘 규칙을 넘어서는 창의적인 행동이 인정받는 날입니다.,오후 2시~5시,사수자리는 오후에 에너지가 올라오는 타입입니다. 이 시간대 연락이 가장 활기차게 이어집니다.
사수자리,행동운,사수자리의 직관적인 행동이 오늘 정답이 되는 날입니다.,오후 2시~5시,사수자리는 오후에 에너지가 올라오는 타입입니다. 이 시간대 연락이 가장 활기차게 이어집니다.
사수자리,행동운,오늘 목표를 향해 과감하게 움직이는 날입니다.,오후 2시~5시,사수자리는 오후에 에너지가 올라오는 타입입니다. 이 시간대 연락이 가장 활기차게 이어집니다.
사수자리,행동운,새로운 모험의 첫 페이지를 오늘 쓰는 날입니다.,오후 2시~5시,사수자리는 오후에 에너지가 올라오는 타입입니다. 이 시간대 연락이 가장 활기차게 이어집니다.
염소자리,총운,오늘 목표를 향해 한 걸음씩 나아가는 날입니다. 염소자리는 결국 올라가는 타입입니다.,오전 8시~10시,염소자리는 이른 오전에 집중력이 최고입니다. 중요한 연락은 이 시간에 처리하는 게 가장 효과적입니다.
염소자리,총운,꾸준함이 오늘 결실을 맺는 날입니다.,오전 8시~10시,염소자리는 이른 오전에 집중력이 최고입니다. 중요한 연락은 이 시간에 처리하는 게 가장 효과적입니다.
염소자리,총운,일이 중심이 되는 날입니다. 그 에너지를 자신에게도 써보시기 바랍니다.,오전 8시~10시,염소자리는 이른 오전에 집중력이 최고입니다. 중요한 연락은 이 시간에 처리하는 게 가장 효과적입니다.
염소자리,총운,오늘 계획을 다시 점검하기 좋은 날입니다.,오전 8시~10시,염소자리는 이른 오전에 집중력이 최고입니다. 중요한 연락은 이 시간에 처리하는 게 가장 효과적입니다.
염소자리,총운,인내심이 가장 강한 무기인 날입니다.,오전 8시~10시,염소자리는 이른 오전에 집중력이 최고입니다. 중요한 연락은 이 시간에 처리하는 게 가장 효과적입니다.
염소자리,총운,오늘 결과가 드디어 보이기 시작하는 날입니다.,오전 8시~10시,염소자리는 이른 오전에 집중력이 최고입니다. 중요한 연락은 이 시간에 처리하는 게 가장 효과적입니다.
염소자리,총운,책임감이 오늘 주변에서 인정받는 날입니다.,오전 8시~10시,염소자리는 이른 오전에 집중력이 최고입니다. 중요한 연락은 이 시간에 처리하는 게 가장 효과적입니다.
염소자리,총운,오늘 쉬어가는 것도 목표의 일부입니다.,오전 8시~10시,염소자리는 이른 오전에 집중력이 최고입니다. 중요한 연락은 이 시간에 처리하는 게 가장 효과적입니다.
염소자리,총운,장기 목표를 향한 작은 진전이 오늘 의미 있는 날입니다.,오전 8시~10시,염소자리는 이른 오전에 집중력이 최고입니다. 중요한 연락은 이 시간에 처리하는 게 가장 효과적입니다.
염소자리,총운,염소자리의 실행력이 오늘 중요한 일을 해결하는 날입니다.,오전 8시~10시,염소자리는 이른 오전에 집중력이 최고입니다. 중요한 연락은 이 시간에 처리하는 게 가장 효과적입니다.
염소자리,총운,오늘 안정적인 흐름이 이어지는 날입니다.,오전 8시~10시,염소자리는 이른 오전에 집중력이 최고입니다. 중요한 연락은 이 시간에 처리하는 게 가장 효과적입니다.
염소자리,총운,성실함이 결과로 나타나는 날입니다.,오전 8시~10시,염소자리는 이른 오전에 집중력이 최고입니다. 중요한 연락은 이 시간에 처리하는 게 가장 효과적입니다.
염소자리,총운,오늘 혼자 집중하면 놀라운 결과가 나오는 날입니다.,오전 8시~10시,염소자리는 이른 오전에 집중력이 최고입니다. 중요한 연락은 이 시간에 처리하는 게 가장 효과적입니다.
염소자리,총운,목표를 위해 불필요한 것을 정리하는 날입니다.,오전 8시~10시,염소자리는 이른 오전에 집중력이 최고입니다. 중요한 연락은 이 시간에 처리하는 게 가장 효과적입니다.
염소자리,총운,오늘 염소자리의 인내가 드디어 빛을 발하는 날입니다.,오전 8시~10시,염소자리는 이른 오전에 집중력이 최고입니다. 중요한 연락은 이 시간에 처리하는 게 가장 효과적입니다.
염소자리,총운,야망이 현실로 이어지는 날입니다.,오전 8시~10시,염소자리는 이른 오전에 집중력이 최고입니다. 중요한 연락은 이 시간에 처리하는 게 가장 효과적입니다.
염소자리,총운,오늘 현실적인 계획이 가장 강한 도구입니다.,오전 8시~10시,염소자리는 이른 오전에 집중력이 최고입니다. 중요한 연락은 이 시간에 처리하는 게 가장 효과적입니다.
염소자리,총운,염소자리의 강인함이 어려운 상황을 이겨내게 하는 날입니다.,오전 8시~10시,염소자리는 이른 오전에 집중력이 최고입니다. 중요한 연락은 이 시간에 처리하는 게 가장 효과적입니다.
염소자리,총운,오늘 일과 삶의 균형을 점검하는 날입니다.,오전 8시~10시,염소자리는 이른 오전에 집중력이 최고입니다. 중요한 연락은 이 시간에 처리하는 게 가장 효과적입니다.
염소자리,총운,꾸준히 쌓아온 것들이 오늘 드디어 눈에 보이는 날입니다.,오전 8시~10시,염소자리는 이른 오전에 집중력이 최고입니다. 중요한 연락은 이 시간에 처리하는 게 가장 효과적입니다.
염소자리,애정운,오늘 천천히 신뢰를 쌓는 관계가 더 깊어지는 날입니다.,오전 8시~10시,염소자리는 이른 오전에 집중력이 최고입니다. 중요한 연락은 이 시간에 처리하는 게 가장 효과적입니다.
염소자리,애정운,감정 표현이 서툴더라도 오늘 한 번 시도해보시기 바랍니다.,오전 8시~10시,염소자리는 이른 오전에 집중력이 최고입니다. 중요한 연락은 이 시간에 처리하는 게 가장 효과적입니다.
염소자리,애정운,안정적인 관계가 오늘 특히 소중한 날입니다.,오전 8시~10시,염소자리는 이른 오전에 집중력이 최고입니다. 중요한 연락은 이 시간에 처리하는 게 가장 효과적입니다.
염소자리,애정운,파트너에게 현실적인 지원을 하는 것이 오늘 사랑입니다.,오전 8시~10시,염소자리는 이른 오전에 집중력이 최고입니다. 중요한 연락은 이 시간에 처리하는 게 가장 효과적입니다.
염소자리,애정운,오늘 관계에서 책임감이 매력으로 느껴지는 날입니다.,오전 8시~10시,염소자리는 이른 오전에 집중력이 최고입니다. 중요한 연락은 이 시간에 처리하는 게 가장 효과적입니다.
염소자리,애정운,말보다 행동으로 보여주는 것이 염소자리의 사랑입니다.,오전 8시~10시,염소자리는 이른 오전에 집중력이 최고입니다. 중요한 연락은 이 시간에 처리하는 게 가장 효과적입니다.
염소자리,애정운,오늘 오래된 관계가 더 단단해지는 날입니다.,오전 8시~10시,염소자리는 이른 오전에 집중력이 최고입니다. 중요한 연락은 이 시간에 처리하는 게 가장 효과적입니다.
염소자리,애정운,일에만 집중하다 관계를 놓치지 않도록 오늘 주의해보시기 바랍니다.,오전 8시~10시,염소자리는 이른 오전에 집중력이 최고입니다. 중요한 연락은 이 시간에 처리하는 게 가장 효과적입니다.
염소자리,애정운,오늘 파트너의 목표를 응원하는 것이 관계를 강하게 합니다.,오전 8시~10시,염소자리는 이른 오전에 집중력이 최고입니다. 중요한 연락은 이 시간에 처리하는 게 가장 효과적입니다.
염소자리,애정운,감정을 솔직하게 나누는 것이 오늘 관계의 열쇠입니다.,오전 8시~10시,염소자리는 이른 오전에 집중력이 최고입니다. 중요한 연락은 이 시간에 처리하는 게 가장 효과적입니다.
염소자리,애정운,오늘 안정감을 주는 관계가 에너지를 충전합니다.,오전 8시~10시,염소자리는 이른 오전에 집중력이 최고입니다. 중요한 연락은 이 시간에 처리하는 게 가장 효과적입니다.
염소자리,애정운,진지한 대화가 오늘 관계를 더 깊게 만드는 날입니다.,오전 8시~10시,염소자리는 이른 오전에 집중력이 최고입니다. 중요한 연락은 이 시간에 처리하는 게 가장 효과적입니다.
염소자리,애정운,오늘 작은 배려가 큰 사랑으로 전달되는 날입니다.,오전 8시~10시,염소자리는 이른 오전에 집중력이 최고입니다. 중요한 연락은 이 시간에 처리하는 게 가장 효과적입니다.
염소자리,애정운,신뢰가 오늘 관계의 기초가 되는 날입니다.,오전 8시~10시,염소자리는 이른 오전에 집중력이 최고입니다. 중요한 연락은 이 시간에 처리하는 게 가장 효과적입니다.
염소자리,애정운,오늘 관계에서 장기적인 계획을 함께 세우는 날입니다.,오전 8시~10시,염소자리는 이른 오전에 집중력이 최고입니다. 중요한 연락은 이 시간에 처리하는 게 가장 효과적입니다.
염소자리,애정운,염소자리의 든든함이 오늘 파트너에게 힘이 되는 날입니다.,오전 8시~10시,염소자리는 이른 오전에 집중력이 최고입니다. 중요한 연락은 이 시간에 처리하는 게 가장 효과적입니다.
염소자리,애정운,오늘 감정을 표현하는 것이 관계를 더 따뜻하게 합니다.,오전 8시~10시,염소자리는 이른 오전에 집중력이 최고입니다. 중요한 연락은 이 시간에 처리하는 게 가장 효과적입니다.
염소자리,애정운,관계에서 야망을 공유하는 것이 오늘 연결을 강하게 합니다.,오전 8시~10시,염소자리는 이른 오전에 집중력이 최고입니다. 중요한 연락은 이 시간에 처리하는 게 가장 효과적입니다.
염소자리,애정운,오늘 함께 목표를 향해 나아가는 것이 사랑입니다.,오전 8시~10시,염소자리는 이른 오전에 집중력이 최고입니다. 중요한 연락은 이 시간에 처리하는 게 가장 효과적입니다.
염소자리,애정운,염소자리의 성실함이 오늘 관계에서 빛나는 날입니다.,오전 8시~10시,염소자리는 이른 오전에 집중력이 최고입니다. 중요한 연락은 이 시간에 처리하는 게 가장 효과적입니다.
염소자리,금전운,오늘 장기 금전 계획을 세우기 좋은 날입니다.,오전 8시~10시,염소자리는 이른 오전에 집중력이 최고입니다. 중요한 연락은 이 시간에 처리하는 게 가장 효과적입니다.
염소자리,금전운,안전한 투자가 오늘 맞는 방향입니다.,오전 8시~10시,염소자리는 이른 오전에 집중력이 최고입니다. 중요한 연락은 이 시간에 처리하는 게 가장 효과적입니다.
염소자리,금전운,꾸준한 저축이 오늘 결실을 맺는 날입니다.,오전 8시~10시,염소자리는 이른 오전에 집중력이 최고입니다. 중요한 연락은 이 시간에 처리하는 게 가장 효과적입니다.
염소자리,금전운,금전 목표를 현실적으로 설정하는 날입니다.,오전 8시~10시,염소자리는 이른 오전에 집중력이 최고입니다. 중요한 연락은 이 시간에 처리하는 게 가장 효과적입니다.
염소자리,금전운,오늘 수입을 늘리는 구체적인 계획이 나오는 날입니다.,오전 8시~10시,염소자리는 이른 오전에 집중력이 최고입니다. 중요한 연락은 이 시간에 처리하는 게 가장 효과적입니다.
염소자리,금전운,계획적인 소비가 오늘 만족감을 주는 날입니다.,오전 8시~10시,염소자리는 이른 오전에 집중력이 최고입니다. 중요한 연락은 이 시간에 처리하는 게 가장 효과적입니다.
염소자리,금전운,오늘 금전 흐름을 꼼꼼하게 점검하는 날입니다.,오전 8시~10시,염소자리는 이른 오전에 집중력이 최고입니다. 중요한 연락은 이 시간에 처리하는 게 가장 효과적입니다.
염소자리,금전운,장기 투자가 오늘 특히 빛나는 선택입니다.,오전 8시~10시,염소자리는 이른 오전에 집중력이 최고입니다. 중요한 연락은 이 시간에 처리하는 게 가장 효과적입니다.
염소자리,금전운,안정적인 금전 흐름이 이어지는 날입니다.,오전 8시~10시,염소자리는 이른 오전에 집중력이 최고입니다. 중요한 연락은 이 시간에 처리하는 게 가장 효과적입니다.
염소자리,금전운,오늘 금전 관련 계약이나 서류를 확인하기 좋은 날입니다.,오전 8시~10시,염소자리는 이른 오전에 집중력이 최고입니다. 중요한 연락은 이 시간에 처리하는 게 가장 효과적입니다.
염소자리,금전운,염소자리의 인내가 금전에서도 결실로 이어지는 날입니다.,오전 8시~10시,염소자리는 이른 오전에 집중력이 최고입니다. 중요한 연락은 이 시간에 처리하는 게 가장 효과적입니다.
염소자리,금전운,오늘 작은 금전 목표를 달성하는 날입니다.,오전 8시~10시,염소자리는 이른 오전에 집중력이 최고입니다. 중요한 연락은 이 시간에 처리하는 게 가장 효과적입니다.
염소자리,금전운,현실적인 금전 계획이 가장 강한 도구인 날입니다.,오전 8시~10시,염소자리는 이른 오전에 집중력이 최고입니다. 중요한 연락은 이 시간에 처리하는 게 가장 효과적입니다.
염소자리,금전운,오늘 금전 스트레스를 줄이는 행동 하나를 해보시기 바랍니다.,오전 8시~10시,염소자리는 이른 오전에 집중력이 최고입니다. 중요한 연락은 이 시간에 처리하는 게 가장 효과적입니다.
염소자리,금전운,꾸준한 노력이 금전적 안정으로 이어지는 날입니다.,오전 8시~10시,염소자리는 이른 오전에 집중력이 최고입니다. 중요한 연락은 이 시간에 처리하는 게 가장 효과적입니다.
염소자리,금전운,오늘 무리한 투자보다 안정적인 방법이 맞습니다.,오전 8시~10시,염소자리는 이른 오전에 집중력이 최고입니다. 중요한 연락은 이 시간에 처리하는 게 가장 효과적입니다.
염소자리,금전운,금전 목표를 위한 작은 진전이 오늘 의미 있는 날입니다.,오전 8시~10시,염소자리는 이른 오전에 집중력이 최고입니다. 중요한 연락은 이 시간에 처리하는 게 가장 효과적입니다.
염소자리,금전운,오늘 수입과 지출의 현실적인 균형을 잡는 날입니다.,오전 8시~10시,염소자리는 이른 오전에 집중력이 최고입니다. 중요한 연락은 이 시간에 처리하는 게 가장 효과적입니다.
염소자리,금전운,장기적인 금전 자유를 향한 한 걸음이 오늘 특별한 날입니다.,오전 8시~10시,염소자리는 이른 오전에 집중력이 최고입니다. 중요한 연락은 이 시간에 처리하는 게 가장 효과적입니다.
염소자리,금전운,염소자리의 성실함이 금전적 성과로 이어지는 날입니다.,오전 8시~10시,염소자리는 이른 오전에 집중력이 최고입니다. 중요한 연락은 이 시간에 처리하는 게 가장 효과적입니다.
염소자리,직장운,오늘 업무에서 탁월한 결과를 내는 날입니다.,오전 8시~10시,염소자리는 이른 오전에 집중력이 최고입니다. 중요한 연락은 이 시간에 처리하는 게 가장 효과적입니다.
염소자리,직장운,목표를 향해 묵묵히 나아가는 것이 오늘 최고의 전략입니다.,오전 8시~10시,염소자리는 이른 오전에 집중력이 최고입니다. 중요한 연락은 이 시간에 처리하는 게 가장 효과적입니다.
염소자리,직장운,리더십이 자연스럽게 나오는 날입니다.,오전 8시~10시,염소자리는 이른 오전에 집중력이 최고입니다. 중요한 연락은 이 시간에 처리하는 게 가장 효과적입니다.
염소자리,직장운,오늘 어려운 업무도 끝까지 해내는 날입니다.,오전 8시~10시,염소자리는 이른 오전에 집중력이 최고입니다. 중요한 연락은 이 시간에 처리하는 게 가장 효과적입니다.
염소자리,직장운,책임감이 오늘 주변에서 인정받는 날입니다.,오전 8시~10시,염소자리는 이른 오전에 집중력이 최고입니다. 중요한 연락은 이 시간에 처리하는 게 가장 효과적입니다.
염소자리,직장운,현실적인 계획이 업무에서 빛나는 날입니다.,오전 8시~10시,염소자리는 이른 오전에 집중력이 최고입니다. 중요한 연락은 이 시간에 처리하는 게 가장 효과적입니다.
염소자리,직장운,오늘 꾸준함이 성과로 나타나는 날입니다.,오전 8시~10시,염소자리는 이른 오전에 집중력이 최고입니다. 중요한 연락은 이 시간에 처리하는 게 가장 효과적입니다.
염소자리,직장운,복잡한 프로젝트를 관리하는 능력이 오늘 빛습니다.,오전 8시~10시,염소자리는 이른 오전에 집중력이 최고입니다. 중요한 연락은 이 시간에 처리하는 게 가장 효과적입니다.
염소자리,직장운,오늘 인내심이 업무에서 가장 강한 무기입니다.,오전 8시~10시,염소자리는 이른 오전에 집중력이 최고입니다. 중요한 연락은 이 시간에 처리하는 게 가장 효과적입니다.
염소자리,직장운,목표 달성을 위한 구체적인 실행이 오늘 맞는 날입니다.,오전 8시~10시,염소자리는 이른 오전에 집중력이 최고입니다. 중요한 연락은 이 시간에 처리하는 게 가장 효과적입니다.
염소자리,직장운,오늘 염소자리의 전략적 사고가 업무에서 빛나는 날입니다.,오전 8시~10시,염소자리는 이른 오전에 집중력이 최고입니다. 중요한 연락은 이 시간에 처리하는 게 가장 효과적입니다.
염소자리,직장운,장기 프로젝트에서 중요한 진전이 있는 날입니다.,오전 8시~10시,염소자리는 이른 오전에 집중력이 최고입니다. 중요한 연락은 이 시간에 처리하는 게 가장 효과적입니다.
염소자리,직장운,오늘 팀 내에서 신뢰받는 역할을 맡는 날입니다.,오전 8시~10시,염소자리는 이른 오전에 집중력이 최고입니다. 중요한 연락은 이 시간에 처리하는 게 가장 효과적입니다.
염소자리,직장운,어려운 상황에서도 흔들리지 않는 날입니다.,오전 8시~10시,염소자리는 이른 오전에 집중력이 최고입니다. 중요한 연락은 이 시간에 처리하는 게 가장 효과적입니다.
염소자리,직장운,오늘 업무 성과가 인정받는 날입니다.,오전 8시~10시,염소자리는 이른 오전에 집중력이 최고입니다. 중요한 연락은 이 시간에 처리하는 게 가장 효과적입니다.
염소자리,직장운,염소자리의 실용적인 접근이 오늘 업무를 해결하는 날입니다.,오전 8시~10시,염소자리는 이른 오전에 집중력이 최고입니다. 중요한 연락은 이 시간에 처리하는 게 가장 효과적입니다.
염소자리,직장운,오늘 새로운 책임이 주어지는 날입니다. 기회로 받아들여보시기 바랍니다.,오전 8시~10시,염소자리는 이른 오전에 집중력이 최고입니다. 중요한 연락은 이 시간에 처리하는 게 가장 효과적입니다.
염소자리,직장운,집중력이 높은 날입니다. 중요한 업무를 처리하기 좋습니다.,오전 8시~10시,염소자리는 이른 오전에 집중력이 최고입니다. 중요한 연락은 이 시간에 처리하는 게 가장 효과적입니다.
염소자리,직장운,오늘 일의 성과가 드디어 보이는 날입니다.,오전 8시~10시,염소자리는 이른 오전에 집중력이 최고입니다. 중요한 연락은 이 시간에 처리하는 게 가장 효과적입니다.
염소자리,직장운,염소자리의 인내와 성실함이 오늘 업무에서 최고의 결과를 만드는 날입니다.,오전 8시~10시,염소자리는 이른 오전에 집중력이 최고입니다. 중요한 연락은 이 시간에 처리하는 게 가장 효과적입니다.
염소자리,건강운,오늘 무리하면 몸이 먼저 반응하는 날입니다. 쉬는 것이 더 현명합니다.,오전 8시~10시,염소자리는 이른 오전에 집중력이 최고입니다. 중요한 연락은 이 시간에 처리하는 게 가장 효과적입니다.
염소자리,건강운,규칙적인 루틴이 오늘 건강을 지켜주는 날입니다.,오전 8시~10시,염소자리는 이른 오전에 집중력이 최고입니다. 중요한 연락은 이 시간에 처리하는 게 가장 효과적입니다.
염소자리,건강운,오늘 관절이나 뼈 건강에 주의하는 날입니다.,오전 8시~10시,염소자리는 이른 오전에 집중력이 최고입니다. 중요한 연락은 이 시간에 처리하는 게 가장 효과적입니다.
염소자리,건강운,충분한 수면이 오늘 특히 중요한 날입니다.,오전 8시~10시,염소자리는 이른 오전에 집중력이 최고입니다. 중요한 연락은 이 시간에 처리하는 게 가장 효과적입니다.
염소자리,건강운,무리해서 쓰러지는 패턴을 오늘 의식해보시기 바랍니다.,오전 8시~10시,염소자리는 이른 오전에 집중력이 최고입니다. 중요한 연락은 이 시간에 처리하는 게 가장 효과적입니다.
염소자리,건강운,오늘 자신을 위한 충전 시간을 확보하는 날입니다.,오전 8시~10시,염소자리는 이른 오전에 집중력이 최고입니다. 중요한 연락은 이 시간에 처리하는 게 가장 효과적입니다.
염소자리,건강운,현실적인 건강 목표를 세우기 좋은 날입니다.,오전 8시~10시,염소자리는 이른 오전에 집중력이 최고입니다. 중요한 연락은 이 시간에 처리하는 게 가장 효과적입니다.
염소자리,건강운,오늘 일 중독 패턴을 잠깐 멈추는 날입니다.,오전 8시~10시,염소자리는 이른 오전에 집중력이 최고입니다. 중요한 연락은 이 시간에 처리하는 게 가장 효과적입니다.
염소자리,건강운,규칙적인 운동이 오늘 특히 중요한 날입니다.,오전 8시~10시,염소자리는 이른 오전에 집중력이 최고입니다. 중요한 연락은 이 시간에 처리하는 게 가장 효과적입니다.
염소자리,건강운,무릎이나 허리에 무리가 가지 않도록 주의하는 날입니다.,오전 8시~10시,염소자리는 이른 오전에 집중력이 최고입니다. 중요한 연락은 이 시간에 처리하는 게 가장 효과적입니다.
염소자리,건강운,오늘 영양 균형이 잡힌 식사가 중요한 날입니다.,오전 8시~10시,염소자리는 이른 오전에 집중력이 최고입니다. 중요한 연락은 이 시간에 처리하는 게 가장 효과적입니다.
염소자리,건강운,염소자리는 스트레스가 뼈와 관절에 가는 타입입니다. 오늘 관리합니다.,오전 8시~10시,염소자리는 이른 오전에 집중력이 최고입니다. 중요한 연락은 이 시간에 처리하는 게 가장 효과적입니다.
염소자리,건강운,오늘 스트레칭이나 가벼운 운동이 활력을 주는 날입니다.,오전 8시~10시,염소자리는 이른 오전에 집중력이 최고입니다. 중요한 연락은 이 시간에 처리하는 게 가장 효과적입니다.
염소자리,건강운,쉬는 것도 생산성의 일부임을 기억하는 날입니다.,오전 8시~10시,염소자리는 이른 오전에 집중력이 최고입니다. 중요한 연락은 이 시간에 처리하는 게 가장 효과적입니다.
염소자리,건강운,오늘 피부나 치아 건강도 챙기는 날입니다.,오전 8시~10시,염소자리는 이른 오전에 집중력이 최고입니다. 중요한 연락은 이 시간에 처리하는 게 가장 효과적입니다.
염소자리,건강운,장기적인 건강 계획을 세우기 좋은 날입니다.,오전 8시~10시,염소자리는 이른 오전에 집중력이 최고입니다. 중요한 연락은 이 시간에 처리하는 게 가장 효과적입니다.
염소자리,건강운,오늘 자신에게 너그러운 것이 건강의 시작입니다.,오전 8시~10시,염소자리는 이른 오전에 집중력이 최고입니다. 중요한 연락은 이 시간에 처리하는 게 가장 효과적입니다.
염소자리,건강운,차갑지 않게 따뜻하게 입고 다니는 것이 오늘 중요합니다.,오전 8시~10시,염소자리는 이른 오전에 집중력이 최고입니다. 중요한 연락은 이 시간에 처리하는 게 가장 효과적입니다.
염소자리,건강운,오늘 명상이나 호흡 연습이 스트레스를 줄여주는 날입니다.,오전 8시~10시,염소자리는 이른 오전에 집중력이 최고입니다. 중요한 연락은 이 시간에 처리하는 게 가장 효과적입니다.
염소자리,건강운,염소자리의 꾸준한 건강 관리가 오늘 빛나는 날입니다.,오전 8시~10시,염소자리는 이른 오전에 집중력이 최고입니다. 중요한 연락은 이 시간에 처리하는 게 가장 효과적입니다.
염소자리,대인운,오늘 신뢰할 수 있는 사람들과의 연결이 강화되는 날입니다.,오전 8시~10시,염소자리는 이른 오전에 집중력이 최고입니다. 중요한 연락은 이 시간에 처리하는 게 가장 효과적입니다.
염소자리,대인운,진지한 관계를 선호하는 염소자리에게 오늘 깊은 대화가 에너지가 되는 날입니다.,오전 8시~10시,염소자리는 이른 오전에 집중력이 최고입니다. 중요한 연락은 이 시간에 처리하는 게 가장 효과적입니다.
염소자리,대인운,책임감 있는 모습이 오늘 사람들에게 인정받는 날입니다.,오전 8시~10시,염소자리는 이른 오전에 집중력이 최고입니다. 중요한 연락은 이 시간에 처리하는 게 가장 효과적입니다.
염소자리,대인운,오늘 오래된 인연이 더 강해지는 날입니다.,오전 8시~10시,염소자리는 이른 오전에 집중력이 최고입니다. 중요한 연락은 이 시간에 처리하는 게 가장 효과적입니다.
염소자리,대인운,새로운 사람에게도 열린 마음으로 다가가보는 날입니다.,오전 8시~10시,염소자리는 이른 오전에 집중력이 최고입니다. 중요한 연락은 이 시간에 처리하는 게 가장 효과적입니다.
염소자리,대인운,오늘 도움이 필요한 사람을 위해 현실적인 지원을 하는 날입니다.,오전 8시~10시,염소자리는 이른 오전에 집중력이 최고입니다. 중요한 연락은 이 시간에 처리하는 게 가장 효과적입니다.
염소자리,대인운,염소자리의 든든함이 주변 사람들에게 큰 힘이 되는 날입니다.,오전 8시~10시,염소자리는 이른 오전에 집중력이 최고입니다. 중요한 연락은 이 시간에 처리하는 게 가장 효과적입니다.
염소자리,대인운,오늘 일과 관계의 균형을 맞추는 날입니다.,오전 8시~10시,염소자리는 이른 오전에 집중력이 최고입니다. 중요한 연락은 이 시간에 처리하는 게 가장 효과적입니다.
염소자리,대인운,진심 어린 연락 하나가 오늘 관계를 더 단단하게 합니다.,오전 8시~10시,염소자리는 이른 오전에 집중력이 최고입니다. 중요한 연락은 이 시간에 처리하는 게 가장 효과적입니다.
염소자리,대인운,오늘 멘토나 선배의 역할을 하게 되는 날입니다.,오전 8시~10시,염소자리는 이른 오전에 집중력이 최고입니다. 중요한 연락은 이 시간에 처리하는 게 가장 효과적입니다.
염소자리,대인운,신뢰를 쌓는 작은 행동이 오늘 관계를 강하게 합니다.,오전 8시~10시,염소자리는 이른 오전에 집중력이 최고입니다. 중요한 연락은 이 시간에 처리하는 게 가장 효과적입니다.
염소자리,대인운,오늘 주변 사람들의 목표를 응원하는 날입니다.,오전 8시~10시,염소자리는 이른 오전에 집중력이 최고입니다. 중요한 연락은 이 시간에 처리하는 게 가장 효과적입니다.
염소자리,대인운,진지하고 현실적인 대화가 오늘 관계를 깊게 합니다.,오전 8시~10시,염소자리는 이른 오전에 집중력이 최고입니다. 중요한 연락은 이 시간에 처리하는 게 가장 효과적입니다.
염소자리,대인운,오늘 감사 표현이 자연스럽게 나오는 날입니다.,오전 8시~10시,염소자리는 이른 오전에 집중력이 최고입니다. 중요한 연락은 이 시간에 처리하는 게 가장 효과적입니다.
염소자리,대인운,염소자리의 성실함이 오늘 인간관계에서도 빛나는 날입니다.,오전 8시~10시,염소자리는 이른 오전에 집중력이 최고입니다. 중요한 연락은 이 시간에 처리하는 게 가장 효과적입니다.
염소자리,대인운,오늘 함께 목표를 세우는 것이 관계를 더 강하게 합니다.,오전 8시~10시,염소자리는 이른 오전에 집중력이 최고입니다. 중요한 연락은 이 시간에 처리하는 게 가장 효과적입니다.
염소자리,대인운,어떤 상황에서도 흔들리지 않는 태도가 오늘 신뢰를 만들습니다.,오전 8시~10시,염소자리는 이른 오전에 집중력이 최고입니다. 중요한 연락은 이 시간에 처리하는 게 가장 효과적입니다.
염소자리,대인운,오늘 차분하고 안정적인 대화가 사람들을 편안하게 합니다.,오전 8시~10시,염소자리는 이른 오전에 집중력이 최고입니다. 중요한 연락은 이 시간에 처리하는 게 가장 효과적입니다.
염소자리,대인운,말보다 행동으로 신뢰를 쌓는 염소자리의 방식이 오늘 빛습니다.,오전 8시~10시,염소자리는 이른 오전에 집중력이 최고입니다. 중요한 연락은 이 시간에 처리하는 게 가장 효과적입니다.
염소자리,대인운,오늘 작은 것을 약속하고 지키는 것이 큰 신뢰를 만드는 날입니다.,오전 8시~10시,염소자리는 이른 오전에 집중력이 최고입니다. 중요한 연락은 이 시간에 처리하는 게 가장 효과적입니다.
염소자리,행동운,오늘 구체적인 목표를 향해 행동하는 날입니다.,오전 8시~10시,염소자리는 이른 오전에 집중력이 최고입니다. 중요한 연락은 이 시간에 처리하는 게 가장 효과적입니다.
염소자리,행동운,계획대로 움직이는 것이 오늘 가장 좋은 전략입니다.,오전 8시~10시,염소자리는 이른 오전에 집중력이 최고입니다. 중요한 연락은 이 시간에 처리하는 게 가장 효과적입니다.
염소자리,행동운,오늘 미루던 중요한 일을 시작하는 날입니다.,오전 8시~10시,염소자리는 이른 오전에 집중력이 최고입니다. 중요한 연락은 이 시간에 처리하는 게 가장 효과적입니다.
염소자리,행동운,현실적인 한 걸음이 오늘 가장 강한 행동입니다.,오전 8시~10시,염소자리는 이른 오전에 집중력이 최고입니다. 중요한 연락은 이 시간에 처리하는 게 가장 효과적입니다.
염소자리,행동운,오늘 꾸준한 행동이 결과를 만드는 날입니다.,오전 8시~10시,염소자리는 이른 오전에 집중력이 최고입니다. 중요한 연락은 이 시간에 처리하는 게 가장 효과적입니다.
염소자리,행동운,일보다 자신을 위한 행동도 오늘 중요합니다.,오전 8시~10시,염소자리는 이른 오전에 집중력이 최고입니다. 중요한 연락은 이 시간에 처리하는 게 가장 효과적입니다.
염소자리,행동운,오늘 장기 목표를 위한 작은 실천을 하는 날입니다.,오전 8시~10시,염소자리는 이른 오전에 집중력이 최고입니다. 중요한 연락은 이 시간에 처리하는 게 가장 효과적입니다.
염소자리,행동운,현실적인 것에서 시작하는 행동이 오늘 맞습니다.,오전 8시~10시,염소자리는 이른 오전에 집중력이 최고입니다. 중요한 연락은 이 시간에 처리하는 게 가장 효과적입니다.
염소자리,행동운,오늘 책임감 있는 행동이 신뢰를 만드는 날입니다.,오전 8시~10시,염소자리는 이른 오전에 집중력이 최고입니다. 중요한 연락은 이 시간에 처리하는 게 가장 효과적입니다.
염소자리,행동운,목표를 위한 루틴을 만드는 행동이 오늘 중요합니다.,오전 8시~10시,염소자리는 이른 오전에 집중력이 최고입니다. 중요한 연락은 이 시간에 처리하는 게 가장 효과적입니다.
염소자리,행동운,오늘 결과를 만드는 집중된 행동이 빛나는 날입니다.,오전 8시~10시,염소자리는 이른 오전에 집중력이 최고입니다. 중요한 연락은 이 시간에 처리하는 게 가장 효과적입니다.
염소자리,행동운,쉬는 것을 허락하는 행동이 오늘 더 현명한 선택입니다.,오전 8시~10시,염소자리는 이른 오전에 집중력이 최고입니다. 중요한 연락은 이 시간에 처리하는 게 가장 효과적입니다.
염소자리,행동운,오늘 완성도 높은 행동 하나가 자신감을 만들습니다.,오전 8시~10시,염소자리는 이른 오전에 집중력이 최고입니다. 중요한 연락은 이 시간에 처리하는 게 가장 효과적입니다.
염소자리,행동운,목표를 향해 포기하지 않는 행동이 오늘 염소자리의 강점입니다.,오전 8시~10시,염소자리는 이른 오전에 집중력이 최고입니다. 중요한 연락은 이 시간에 처리하는 게 가장 효과적입니다.
염소자리,행동운,오늘 현실적인 계획을 세우고 바로 실행하는 날입니다.,오전 8시~10시,염소자리는 이른 오전에 집중력이 최고입니다. 중요한 연락은 이 시간에 처리하는 게 가장 효과적입니다.
염소자리,행동운,염소자리의 인내가 행동으로 나타나는 날입니다.,오전 8시~10시,염소자리는 이른 오전에 집중력이 최고입니다. 중요한 연락은 이 시간에 처리하는 게 가장 효과적입니다.
염소자리,행동운,오늘 관계를 위한 행동도 목표만큼 중요한 날입니다.,오전 8시~10시,염소자리는 이른 오전에 집중력이 최고입니다. 중요한 연락은 이 시간에 처리하는 게 가장 효과적입니다.
염소자리,행동운,단기보다 장기를 위한 행동이 오늘 더 좋은 투자입니다.,오전 8시~10시,염소자리는 이른 오전에 집중력이 최고입니다. 중요한 연락은 이 시간에 처리하는 게 가장 효과적입니다.
염소자리,행동운,오늘 묵묵히 한 걸음씩 나아가는 것이 가장 강한 행동입니다.,오전 8시~10시,염소자리는 이른 오전에 집중력이 최고입니다. 중요한 연락은 이 시간에 처리하는 게 가장 효과적입니다.
염소자리,행동운,꾸준한 행동이 오늘 드디어 결실을 맺는 날입니다.,오전 8시~10시,염소자리는 이른 오전에 집중력이 최고입니다. 중요한 연락은 이 시간에 처리하는 게 가장 효과적입니다.
물병자리,총운,오늘 독창적인 아이디어가 솟아오르는 날입니다. 남들이 안 가는 길이 오늘 당신의 길입니다.,오후 4시~7시,물병자리는 오후 중반부터 창의적인 에너지가 올라옵니다. 이 시간대 연락이 가장 독창적으로 전달됩니다.
물병자리,총운,규칙을 깨는 것이 오늘 혁신이 되는 날입니다.,오후 4시~7시,물병자리는 오후 중반부터 창의적인 에너지가 올라옵니다. 이 시간대 연락이 가장 독창적으로 전달됩니다.
물병자리,총운,미래 지향적인 생각이 오늘 빛나는 날입니다.,오후 4시~7시,물병자리는 오후 중반부터 창의적인 에너지가 올라옵니다. 이 시간대 연락이 가장 독창적으로 전달됩니다.
물병자리,총운,집단보다 개인의 독창성이 오늘 강점입니다.,오후 4시~7시,물병자리는 오후 중반부터 창의적인 에너지가 올라옵니다. 이 시간대 연락이 가장 독창적으로 전달됩니다.
물병자리,총운,오늘 고집스러운 자기 논리가 오히려 옳은 날입니다.,오후 4시~7시,물병자리는 오후 중반부터 창의적인 에너지가 올라옵니다. 이 시간대 연락이 가장 독창적으로 전달됩니다.
물병자리,총운,독립적인 판단이 오늘 가장 정확한 날입니다.,오후 4시~7시,물병자리는 오후 중반부터 창의적인 에너지가 올라옵니다. 이 시간대 연락이 가장 독창적으로 전달됩니다.
물병자리,총운,오늘 혁신적인 아이디어를 공유하기 좋은 날입니다.,오후 4시~7시,물병자리는 오후 중반부터 창의적인 에너지가 올라옵니다. 이 시간대 연락이 가장 독창적으로 전달됩니다.
물병자리,총운,인류와 사회를 생각하는 넓은 시각이 오늘 빛습니다.,오후 4시~7시,물병자리는 오후 중반부터 창의적인 에너지가 올라옵니다. 이 시간대 연락이 가장 독창적으로 전달됩니다.
물병자리,총운,오늘 새로운 기술이나 방법을 탐구하기 좋은 날입니다.,오후 4시~7시,물병자리는 오후 중반부터 창의적인 에너지가 올라옵니다. 이 시간대 연락이 가장 독창적으로 전달됩니다.
물병자리,총운,물병자리의 독창성이 오늘 주변을 놀라게 하는 날입니다.,오후 4시~7시,물병자리는 오후 중반부터 창의적인 에너지가 올라옵니다. 이 시간대 연락이 가장 독창적으로 전달됩니다.
물병자리,총운,오늘 감정보다 논리가 더 잘 작동하는 날입니다.,오후 4시~7시,물병자리는 오후 중반부터 창의적인 에너지가 올라옵니다. 이 시간대 연락이 가장 독창적으로 전달됩니다.
물병자리,총운,변화를 주도하는 능력이 오늘 빛나는 날입니다.,오후 4시~7시,물병자리는 오후 중반부터 창의적인 에너지가 올라옵니다. 이 시간대 연락이 가장 독창적으로 전달됩니다.
물병자리,총운,오늘 예상치 못한 방식으로 문제를 해결하는 날입니다.,오후 4시~7시,물병자리는 오후 중반부터 창의적인 에너지가 올라옵니다. 이 시간대 연락이 가장 독창적으로 전달됩니다.
물병자리,총운,독립성이 오늘 가장 큰 강점입니다.,오후 4시~7시,물병자리는 오후 중반부터 창의적인 에너지가 올라옵니다. 이 시간대 연락이 가장 독창적으로 전달됩니다.
물병자리,총운,오늘 미래를 보는 눈이 중요한 결정을 이끄는 날입니다.,오후 4시~7시,물병자리는 오후 중반부터 창의적인 에너지가 올라옵니다. 이 시간대 연락이 가장 독창적으로 전달됩니다.
물병자리,총운,혁신적인 생각이 실현 가능한 날입니다.,오후 4시~7시,물병자리는 오후 중반부터 창의적인 에너지가 올라옵니다. 이 시간대 연락이 가장 독창적으로 전달됩니다.
물병자리,총운,오늘 남들과 다른 방식이 인정받는 날입니다.,오후 4시~7시,물병자리는 오후 중반부터 창의적인 에너지가 올라옵니다. 이 시간대 연락이 가장 독창적으로 전달됩니다.
물병자리,총운,물병자리의 분석력이 오늘 복잡한 문제를 해결하는 날입니다.,오후 4시~7시,물병자리는 오후 중반부터 창의적인 에너지가 올라옵니다. 이 시간대 연락이 가장 독창적으로 전달됩니다.
물병자리,총운,오늘 집단에서 벗어나 자신만의 방향을 찾는 날입니다.,오후 4시~7시,물병자리는 오후 중반부터 창의적인 에너지가 올라옵니다. 이 시간대 연락이 가장 독창적으로 전달됩니다.
물병자리,총운,독창적인 아이디어가 세상을 바꾸는 시작이 되는 날입니다.,오후 4시~7시,물병자리는 오후 중반부터 창의적인 에너지가 올라옵니다. 이 시간대 연락이 가장 독창적으로 전달됩니다.
물병자리,애정운,친구 같은 편안한 관계가 오늘 더 설레는 날입니다.,오후 4시~7시,물병자리는 오후 중반부터 창의적인 에너지가 올라옵니다. 이 시간대 연락이 가장 독창적으로 전달됩니다.
물병자리,애정운,오늘 지적인 대화에서 연결이 시작되는 날입니다.,오후 4시~7시,물병자리는 오후 중반부터 창의적인 에너지가 올라옵니다. 이 시간대 연락이 가장 독창적으로 전달됩니다.
물병자리,애정운,속박보다 자유를 줄 때 관계가 더 깊어지는 날입니다.,오후 4시~7시,물병자리는 오후 중반부터 창의적인 에너지가 올라옵니다. 이 시간대 연락이 가장 독창적으로 전달됩니다.
물병자리,애정운,오늘 감정 표현이 어색해도 괜찮습니다. 물병자리답게 진심을 행동으로 보여보시기 바랍니다.,오후 4시~7시,물병자리는 오후 중반부터 창의적인 에너지가 올라옵니다. 이 시간대 연락이 가장 독창적으로 전달됩니다.
물병자리,애정운,새로운 사람과의 만남이 오늘 특별한 연결이 되는 날입니다.,오후 4시~7시,물병자리는 오후 중반부터 창의적인 에너지가 올라옵니다. 이 시간대 연락이 가장 독창적으로 전달됩니다.
물병자리,애정운,오늘 상대방의 독창성을 인정해주는 것이 관계를 빛나게 합니다.,오후 4시~7시,물병자리는 오후 중반부터 창의적인 에너지가 올라옵니다. 이 시간대 연락이 가장 독창적으로 전달됩니다.
물병자리,애정운,지적 공감대가 오늘 관계의 키워드입니다.,오후 4시~7시,물병자리는 오후 중반부터 창의적인 에너지가 올라옵니다. 이 시간대 연락이 가장 독창적으로 전달됩니다.
물병자리,애정운,오늘 자신만의 방식으로 사랑을 표현해보시기 바랍니다.,오후 4시~7시,물병자리는 오후 중반부터 창의적인 에너지가 올라옵니다. 이 시간대 연락이 가장 독창적으로 전달됩니다.
물병자리,애정운,독립적인 관계가 오늘 더 매력적으로 느껴지는 날입니다.,오후 4시~7시,물병자리는 오후 중반부터 창의적인 에너지가 올라옵니다. 이 시간대 연락이 가장 독창적으로 전달됩니다.
물병자리,애정운,물병자리의 독창적인 표현이 오늘 상대방을 감동시키는 날입니다.,오후 4시~7시,물병자리는 오후 중반부터 창의적인 에너지가 올라옵니다. 이 시간대 연락이 가장 독창적으로 전달됩니다.
물병자리,애정운,오늘 관계에서 자유와 연결의 균형이 중요한 날입니다.,오후 4시~7시,물병자리는 오후 중반부터 창의적인 에너지가 올라옵니다. 이 시간대 연락이 가장 독창적으로 전달됩니다.
물병자리,애정운,새로운 경험을 함께 만들어가는 것이 오늘 사랑입니다.,오후 4시~7시,물병자리는 오후 중반부터 창의적인 에너지가 올라옵니다. 이 시간대 연락이 가장 독창적으로 전달됩니다.
물병자리,애정운,오늘 솔직한 감정 표현이 관계를 더 깊게 하는 날입니다.,오후 4시~7시,물병자리는 오후 중반부터 창의적인 에너지가 올라옵니다. 이 시간대 연락이 가장 독창적으로 전달됩니다.
물병자리,애정운,물병자리의 유니크함이 오늘 매력으로 빛나는 날입니다.,오후 4시~7시,물병자리는 오후 중반부터 창의적인 에너지가 올라옵니다. 이 시간대 연락이 가장 독창적으로 전달됩니다.
물병자리,애정운,오늘 상대방에게 공간을 주는 것이 더 가깝게 만드는 날입니다.,오후 4시~7시,물병자리는 오후 중반부터 창의적인 에너지가 올라옵니다. 이 시간대 연락이 가장 독창적으로 전달됩니다.
물병자리,애정운,인류를 사랑하는 마음이 가까운 관계에도 흐르는 날입니다.,오후 4시~7시,물병자리는 오후 중반부터 창의적인 에너지가 올라옵니다. 이 시간대 연락이 가장 독창적으로 전달됩니다.
물병자리,애정운,오늘 함께 새로운 아이디어를 탐구하는 것이 최고의 시간입니다.,오후 4시~7시,물병자리는 오후 중반부터 창의적인 에너지가 올라옵니다. 이 시간대 연락이 가장 독창적으로 전달됩니다.
물병자리,애정운,독특한 방식의 데이트가 오늘 더 즐거운 날입니다.,오후 4시~7시,물병자리는 오후 중반부터 창의적인 에너지가 올라옵니다. 이 시간대 연락이 가장 독창적으로 전달됩니다.
물병자리,애정운,오늘 진정한 연결이 시작되는 날입니다.,오후 4시~7시,물병자리는 오후 중반부터 창의적인 에너지가 올라옵니다. 이 시간대 연락이 가장 독창적으로 전달됩니다.
물병자리,애정운,물병자리의 자유로운 사랑이 오늘 빛나는 날입니다.,오후 4시~7시,물병자리는 오후 중반부터 창의적인 에너지가 올라옵니다. 이 시간대 연락이 가장 독창적으로 전달됩니다.
물병자리,금전운,오늘 미래를 위한 투자가 맞는 날입니다.,오후 4시~7시,물병자리는 오후 중반부터 창의적인 에너지가 올라옵니다. 이 시간대 연락이 가장 독창적으로 전달됩니다.
물병자리,금전운,혁신적인 수입 방식에 관심이 생기는 날입니다.,오후 4시~7시,물병자리는 오후 중반부터 창의적인 에너지가 올라옵니다. 이 시간대 연락이 가장 독창적으로 전달됩니다.
물병자리,금전운,오늘 남들이 모르는 투자 기회를 발견하는 날입니다.,오후 4시~7시,물병자리는 오후 중반부터 창의적인 에너지가 올라옵니다. 이 시간대 연락이 가장 독창적으로 전달됩니다.
물병자리,금전운,독창적인 방식으로 돈을 버는 아이디어가 오늘 떠오르는 날입니다.,오후 4시~7시,물병자리는 오후 중반부터 창의적인 에너지가 올라옵니다. 이 시간대 연락이 가장 독창적으로 전달됩니다.
물병자리,금전운,오늘 금전 관련 새로운 정보를 접하는 날입니다.,오후 4시~7시,물병자리는 오후 중반부터 창의적인 에너지가 올라옵니다. 이 시간대 연락이 가장 독창적으로 전달됩니다.
물병자리,금전운,기술이나 혁신에 투자하는 것이 오늘 맞는 날입니다.,오후 4시~7시,물병자리는 오후 중반부터 창의적인 에너지가 올라옵니다. 이 시간대 연락이 가장 독창적으로 전달됩니다.
물병자리,금전운,오늘 금전보다 가능성에 투자하는 것이 더 의미 있는 날입니다.,오후 4시~7시,물병자리는 오후 중반부터 창의적인 에너지가 올라옵니다. 이 시간대 연락이 가장 독창적으로 전달됩니다.
물병자리,금전운,예상치 못한 수입 기회가 생기는 날입니다.,오후 4시~7시,물병자리는 오후 중반부터 창의적인 에너지가 올라옵니다. 이 시간대 연락이 가장 독창적으로 전달됩니다.
물병자리,금전운,오늘 금전 계획에 창의적인 접근을 하는 날입니다.,오후 4시~7시,물병자리는 오후 중반부터 창의적인 에너지가 올라옵니다. 이 시간대 연락이 가장 독창적으로 전달됩니다.
물병자리,금전운,물병자리의 미래 지향적 시각이 금전에서 빛나는 날입니다.,오후 4시~7시,물병자리는 오후 중반부터 창의적인 에너지가 올라옵니다. 이 시간대 연락이 가장 독창적으로 전달됩니다.
물병자리,금전운,오늘 집단이나 커뮤니티와 관련된 금전 기회가 생기는 날입니다.,오후 4시~7시,물병자리는 오후 중반부터 창의적인 에너지가 올라옵니다. 이 시간대 연락이 가장 독창적으로 전달됩니다.
물병자리,금전운,독창적인 절약 방법을 생각해보는 날입니다.,오후 4시~7시,물병자리는 오후 중반부터 창의적인 에너지가 올라옵니다. 이 시간대 연락이 가장 독창적으로 전달됩니다.
물병자리,금전운,오늘 금전적 자유를 위한 한 걸음을 내딛는 날입니다.,오후 4시~7시,물병자리는 오후 중반부터 창의적인 에너지가 올라옵니다. 이 시간대 연락이 가장 독창적으로 전달됩니다.
물병자리,금전운,디지털이나 기술 관련 투자가 오늘 관심을 끄는 날입니다.,오후 4시~7시,물병자리는 오후 중반부터 창의적인 에너지가 올라옵니다. 이 시간대 연락이 가장 독창적으로 전달됩니다.
물병자리,금전운,오늘 미래를 위한 준비가 금전에서도 중요한 날입니다.,오후 4시~7시,물병자리는 오후 중반부터 창의적인 에너지가 올라옵니다. 이 시간대 연락이 가장 독창적으로 전달됩니다.
물병자리,금전운,물병자리의 분석력이 현명한 금전 결정을 만드는 날입니다.,오후 4시~7시,물병자리는 오후 중반부터 창의적인 에너지가 올라옵니다. 이 시간대 연락이 가장 독창적으로 전달됩니다.
물병자리,금전운,오늘 수입과 지출에서 혁신적인 방법을 시도하는 날입니다.,오후 4시~7시,물병자리는 오후 중반부터 창의적인 에너지가 올라옵니다. 이 시간대 연락이 가장 독창적으로 전달됩니다.
물병자리,금전운,남들이 놓친 금전 기회를 발견하는 날입니다.,오후 4시~7시,물병자리는 오후 중반부터 창의적인 에너지가 올라옵니다. 이 시간대 연락이 가장 독창적으로 전달됩니다.
물병자리,금전운,오늘 가치 있는 것에 투자하는 것이 물병자리에게 맞습니다.,오후 4시~7시,물병자리는 오후 중반부터 창의적인 에너지가 올라옵니다. 이 시간대 연락이 가장 독창적으로 전달됩니다.
물병자리,금전운,미래 지향적인 금전 계획이 오늘 특별한 의미를 갖는 날입니다.,오후 4시~7시,물병자리는 오후 중반부터 창의적인 에너지가 올라옵니다. 이 시간대 연락이 가장 독창적으로 전달됩니다.
물병자리,직장운,오늘 혁신적인 아이디어가 직장에서 빛나는 날입니다.,오후 4시~7시,물병자리는 오후 중반부터 창의적인 에너지가 올라옵니다. 이 시간대 연락이 가장 독창적으로 전달됩니다.
물병자리,직장운,남들과 다른 방식이 오늘 더 좋은 결과를 만들습니다.,오후 4시~7시,물병자리는 오후 중반부터 창의적인 에너지가 올라옵니다. 이 시간대 연락이 가장 독창적으로 전달됩니다.
물병자리,직장운,오늘 기술이나 새로운 도구를 활용하는 업무에서 탁월한 날입니다.,오후 4시~7시,물병자리는 오후 중반부터 창의적인 에너지가 올라옵니다. 이 시간대 연락이 가장 독창적으로 전달됩니다.
물병자리,직장운,미래 지향적인 제안이 오늘 인정받는 날입니다.,오후 4시~7시,물병자리는 오후 중반부터 창의적인 에너지가 올라옵니다. 이 시간대 연락이 가장 독창적으로 전달됩니다.
물병자리,직장운,오늘 팀 내에서 독창적인 아이디어를 공유하기 좋은 날입니다.,오후 4시~7시,물병자리는 오후 중반부터 창의적인 에너지가 올라옵니다. 이 시간대 연락이 가장 독창적으로 전달됩니다.
물병자리,직장운,물병자리의 분석력이 복잡한 업무를 해결하는 날입니다.,오후 4시~7시,물병자리는 오후 중반부터 창의적인 에너지가 올라옵니다. 이 시간대 연락이 가장 독창적으로 전달됩니다.
물병자리,직장운,오늘 규칙보다 혁신이 더 좋은 결과를 만드는 날입니다.,오후 4시~7시,물병자리는 오후 중반부터 창의적인 에너지가 올라옵니다. 이 시간대 연락이 가장 독창적으로 전달됩니다.
물병자리,직장운,독립적인 작업에서 최고의 결과가 나오는 날입니다.,오후 4시~7시,물병자리는 오후 중반부터 창의적인 에너지가 올라옵니다. 이 시간대 연락이 가장 독창적으로 전달됩니다.
물병자리,직장운,오늘 집단 지성이 개인의 능력을 높이는 날입니다.,오후 4시~7시,물병자리는 오후 중반부터 창의적인 에너지가 올라옵니다. 이 시간대 연락이 가장 독창적으로 전달됩니다.
물병자리,직장운,미래를 보는 눈이 업무에서 빛나는 날입니다.,오후 4시~7시,물병자리는 오후 중반부터 창의적인 에너지가 올라옵니다. 이 시간대 연락이 가장 독창적으로 전달됩니다.
물병자리,직장운,오늘 기존 방식을 혁신하는 아이디어가 떠오르는 날입니다.,오후 4시~7시,물병자리는 오후 중반부터 창의적인 에너지가 올라옵니다. 이 시간대 연락이 가장 독창적으로 전달됩니다.
물병자리,직장운,물병자리의 독창성이 오늘 팀에 새로운 방향을 제시하는 날입니다.,오후 4시~7시,물병자리는 오후 중반부터 창의적인 에너지가 올라옵니다. 이 시간대 연락이 가장 독창적으로 전달됩니다.
물병자리,직장운,오늘 기술 관련 업무에서 특히 탁월한 날입니다.,오후 4시~7시,물병자리는 오후 중반부터 창의적인 에너지가 올라옵니다. 이 시간대 연락이 가장 독창적으로 전달됩니다.
물병자리,직장운,사회적 가치가 있는 업무에서 보람을 느끼는 날입니다.,오후 4시~7시,물병자리는 오후 중반부터 창의적인 에너지가 올라옵니다. 이 시간대 연락이 가장 독창적으로 전달됩니다.
물병자리,직장운,오늘 네트워크가 업무 기회로 이어지는 날입니다.,오후 4시~7시,물병자리는 오후 중반부터 창의적인 에너지가 올라옵니다. 이 시간대 연락이 가장 독창적으로 전달됩니다.
물병자리,직장운,창의적인 문제 해결이 오늘 주목받는 날입니다.,오후 4시~7시,물병자리는 오후 중반부터 창의적인 에너지가 올라옵니다. 이 시간대 연락이 가장 독창적으로 전달됩니다.
물병자리,직장운,오늘 업무에서 자유로운 방식이 더 효율적인 날입니다.,오후 4시~7시,물병자리는 오후 중반부터 창의적인 에너지가 올라옵니다. 이 시간대 연락이 가장 독창적으로 전달됩니다.
물병자리,직장운,물병자리의 미래 지향성이 업무 방향을 이끄는 날입니다.,오후 4시~7시,물병자리는 오후 중반부터 창의적인 에너지가 올라옵니다. 이 시간대 연락이 가장 독창적으로 전달됩니다.
물병자리,직장운,오늘 혁신이 성과로 이어지는 날입니다.,오후 4시~7시,물병자리는 오후 중반부터 창의적인 에너지가 올라옵니다. 이 시간대 연락이 가장 독창적으로 전달됩니다.
물병자리,직장운,독창적인 접근이 오늘 업무에서 인정받는 날입니다.,오후 4시~7시,물병자리는 오후 중반부터 창의적인 에너지가 올라옵니다. 이 시간대 연락이 가장 독창적으로 전달됩니다.
물병자리,건강운,오늘 머리가 몸보다 빨리 달리는 날입니다. 스트레칭으로 균형을 맞춰보시기 바랍니다.,오후 4시~7시,물병자리는 오후 중반부터 창의적인 에너지가 올라옵니다. 이 시간대 연락이 가장 독창적으로 전달됩니다.
물병자리,건강운,신경 계통 관련 건강에 주의하는 날입니다.,오후 4시~7시,물병자리는 오후 중반부터 창의적인 에너지가 올라옵니다. 이 시간대 연락이 가장 독창적으로 전달됩니다.
물병자리,건강운,오늘 독특한 운동이나 건강 방법을 시도해보기 좋은 날입니다.,오후 4시~7시,물병자리는 오후 중반부터 창의적인 에너지가 올라옵니다. 이 시간대 연락이 가장 독창적으로 전달됩니다.
물병자리,건강운,물병자리는 발목이 약한 타입입니다. 오늘 주의하시기 바랍니다.,오후 4시~7시,물병자리는 오후 중반부터 창의적인 에너지가 올라옵니다. 이 시간대 연락이 가장 독창적으로 전달됩니다.
물병자리,건강운,오늘 과도한 자극을 줄이는 것이 건강에 좋은 날입니다.,오후 4시~7시,물병자리는 오후 중반부터 창의적인 에너지가 올라옵니다. 이 시간대 연락이 가장 독창적으로 전달됩니다.
물병자리,건강운,신선한 공기와 걷기가 오늘 활력을 주는 날입니다.,오후 4시~7시,물병자리는 오후 중반부터 창의적인 에너지가 올라옵니다. 이 시간대 연락이 가장 독창적으로 전달됩니다.
물병자리,건강운,오늘 정신 건강이 신체 건강과 연결되는 날입니다.,오후 4시~7시,물병자리는 오후 중반부터 창의적인 에너지가 올라옵니다. 이 시간대 연락이 가장 독창적으로 전달됩니다.
물병자리,건강운,혁신적인 건강 방법을 시도해보는 날입니다.,오후 4시~7시,물병자리는 오후 중반부터 창의적인 에너지가 올라옵니다. 이 시간대 연락이 가장 독창적으로 전달됩니다.
물병자리,건강운,오늘 충분한 수면이 뇌 건강을 지키는 날입니다.,오후 4시~7시,물병자리는 오후 중반부터 창의적인 에너지가 올라옵니다. 이 시간대 연락이 가장 독창적으로 전달됩니다.
물병자리,건강운,SNS나 정보 과부하를 줄이는 것이 오늘 건강에 좋습니다.,오후 4시~7시,물병자리는 오후 중반부터 창의적인 에너지가 올라옵니다. 이 시간대 연락이 가장 독창적으로 전달됩니다.
물병자리,건강운,오늘 집단 활동보다 개인 시간이 건강에 도움이 되는 날입니다.,오후 4시~7시,물병자리는 오후 중반부터 창의적인 에너지가 올라옵니다. 이 시간대 연락이 가장 독창적으로 전달됩니다.
물병자리,건강운,물병자리의 독창적인 건강 루틴이 오늘 효과를 보는 날입니다.,오후 4시~7시,물병자리는 오후 중반부터 창의적인 에너지가 올라옵니다. 이 시간대 연락이 가장 독창적으로 전달됩니다.
물병자리,건강운,오늘 첨단 건강 정보를 활용하기 좋은 날입니다.,오후 4시~7시,물병자리는 오후 중반부터 창의적인 에너지가 올라옵니다. 이 시간대 연락이 가장 독창적으로 전달됩니다.
물병자리,건강운,뇌를 자극하는 활동이 오늘 건강에 좋은 날입니다.,오후 4시~7시,물병자리는 오후 중반부터 창의적인 에너지가 올라옵니다. 이 시간대 연락이 가장 독창적으로 전달됩니다.
물병자리,건강운,오늘 미래를 위한 건강 투자를 하는 날입니다.,오후 4시~7시,물병자리는 오후 중반부터 창의적인 에너지가 올라옵니다. 이 시간대 연락이 가장 독창적으로 전달됩니다.
물병자리,건강운,마음의 자유가 몸의 건강으로 이어지는 날입니다.,오후 4시~7시,물병자리는 오후 중반부터 창의적인 에너지가 올라옵니다. 이 시간대 연락이 가장 독창적으로 전달됩니다.
물병자리,건강운,오늘 수분 보충이 특히 중요한 날입니다.,오후 4시~7시,물병자리는 오후 중반부터 창의적인 에너지가 올라옵니다. 이 시간대 연락이 가장 독창적으로 전달됩니다.
물병자리,건강운,명상이나 뇌를 쉬게 하는 시간이 오늘 필요한 날입니다.,오후 4시~7시,물병자리는 오후 중반부터 창의적인 에너지가 올라옵니다. 이 시간대 연락이 가장 독창적으로 전달됩니다.
물병자리,건강운,오늘 혁신적인 식단이나 건강법에 관심이 생기는 날입니다.,오후 4시~7시,물병자리는 오후 중반부터 창의적인 에너지가 올라옵니다. 이 시간대 연락이 가장 독창적으로 전달됩니다.
물병자리,건강운,물병자리의 독창적인 시각이 건강 관리에서도 빛나는 날입니다.,오후 4시~7시,물병자리는 오후 중반부터 창의적인 에너지가 올라옵니다. 이 시간대 연락이 가장 독창적으로 전달됩니다.
물병자리,대인운,오늘 다양한 사람들과의 연결에서 에너지를 얻는 날입니다.,오후 4시~7시,물병자리는 오후 중반부터 창의적인 에너지가 올라옵니다. 이 시간대 연락이 가장 독창적으로 전달됩니다.
물병자리,대인운,독창적인 아이디어를 나누는 것이 오늘 관계를 빛나게 합니다.,오후 4시~7시,물병자리는 오후 중반부터 창의적인 에너지가 올라옵니다. 이 시간대 연락이 가장 독창적으로 전달됩니다.
물병자리,대인운,물병자리의 인도주의적 마음이 오늘 관계에서 빛나는 날입니다.,오후 4시~7시,물병자리는 오후 중반부터 창의적인 에너지가 올라옵니다. 이 시간대 연락이 가장 독창적으로 전달됩니다.
물병자리,대인운,오늘 새로운 커뮤니티나 그룹에서 좋은 인연이 생기는 날입니다.,오후 4시~7시,물병자리는 오후 중반부터 창의적인 에너지가 올라옵니다. 이 시간대 연락이 가장 독창적으로 전달됩니다.
물병자리,대인운,지적 교류가 오늘 가장 즐거운 인간관계입니다.,오후 4시~7시,물병자리는 오후 중반부터 창의적인 에너지가 올라옵니다. 이 시간대 연락이 가장 독창적으로 전달됩니다.
물병자리,대인운,오늘 독립적이면서도 연결된 관계가 이상적인 날입니다.,오후 4시~7시,물병자리는 오후 중반부터 창의적인 에너지가 올라옵니다. 이 시간대 연락이 가장 독창적으로 전달됩니다.
물병자리,대인운,물병자리의 자유로운 소통이 오늘 새로운 관계를 만드는 날입니다.,오후 4시~7시,물병자리는 오후 중반부터 창의적인 에너지가 올라옵니다. 이 시간대 연락이 가장 독창적으로 전달됩니다.
물병자리,대인운,오늘 사회적 문제에 관심 있는 사람들과의 연결이 에너지가 되는 날입니다.,오후 4시~7시,물병자리는 오후 중반부터 창의적인 에너지가 올라옵니다. 이 시간대 연락이 가장 독창적으로 전달됩니다.
물병자리,대인운,미래 지향적인 대화가 오늘 관계를 깊게 하는 날입니다.,오후 4시~7시,물병자리는 오후 중반부터 창의적인 에너지가 올라옵니다. 이 시간대 연락이 가장 독창적으로 전달됩니다.
물병자리,대인운,오늘 집단 내에서 혁신적인 아이디어를 나누는 날입니다.,오후 4시~7시,물병자리는 오후 중반부터 창의적인 에너지가 올라옵니다. 이 시간대 연락이 가장 독창적으로 전달됩니다.
물병자리,대인운,물병자리의 독창성이 오늘 인간관계에서 매력이 되는 날입니다.,오후 4시~7시,물병자리는 오후 중반부터 창의적인 에너지가 올라옵니다. 이 시간대 연락이 가장 독창적으로 전달됩니다.
물병자리,대인운,오늘 온라인이나 새로운 플랫폼에서 좋은 연결이 생기는 날입니다.,오후 4시~7시,물병자리는 오후 중반부터 창의적인 에너지가 올라옵니다. 이 시간대 연락이 가장 독창적으로 전달됩니다.
물병자리,대인운,오늘 다양성을 존중하는 태도가 관계를 풍요롭게 합니다.,오후 4시~7시,물병자리는 오후 중반부터 창의적인 에너지가 올라옵니다. 이 시간대 연락이 가장 독창적으로 전달됩니다.
물병자리,대인운,물병자리의 열린 마음이 오늘 다양한 인연을 불러오는 날입니다.,오후 4시~7시,물병자리는 오후 중반부터 창의적인 에너지가 올라옵니다. 이 시간대 연락이 가장 독창적으로 전달됩니다.
물병자리,대인운,오늘 공통 관심사로 연결되는 새로운 인연이 생기는 날입니다.,오후 4시~7시,물병자리는 오후 중반부터 창의적인 에너지가 올라옵니다. 이 시간대 연락이 가장 독창적으로 전달됩니다.
물병자리,대인운,독립적인 개성을 인정하는 관계가 오늘 더 깊어지는 날입니다.,오후 4시~7시,물병자리는 오후 중반부터 창의적인 에너지가 올라옵니다. 이 시간대 연락이 가장 독창적으로 전달됩니다.
물병자리,대인운,오늘 사람들에게 영감을 주는 날입니다.,오후 4시~7시,물병자리는 오후 중반부터 창의적인 에너지가 올라옵니다. 이 시간대 연락이 가장 독창적으로 전달됩니다.
물병자리,대인운,새로운 아이디어를 함께 탐구하는 것이 오늘 최고의 관계 시간입니다.,오후 4시~7시,물병자리는 오후 중반부터 창의적인 에너지가 올라옵니다. 이 시간대 연락이 가장 독창적으로 전달됩니다.
물병자리,대인운,물병자리의 유니크한 매력이 오늘 좋은 인연을 만드는 날입니다.,오후 4시~7시,물병자리는 오후 중반부터 창의적인 에너지가 올라옵니다. 이 시간대 연락이 가장 독창적으로 전달됩니다.
물병자리,대인운,오늘 진정한 연결이 독창성에서 시작되는 날입니다.,오후 4시~7시,물병자리는 오후 중반부터 창의적인 에너지가 올라옵니다. 이 시간대 연락이 가장 독창적으로 전달됩니다.
물병자리,행동운,오늘 혁신적인 방법으로 행동하는 것이 가장 효과적입니다.,오후 4시~7시,물병자리는 오후 중반부터 창의적인 에너지가 올라옵니다. 이 시간대 연락이 가장 독창적으로 전달됩니다.
물병자리,행동운,남들이 안 가는 방향으로 시도해보는 날입니다.,오후 4시~7시,물병자리는 오후 중반부터 창의적인 에너지가 올라옵니다. 이 시간대 연락이 가장 독창적으로 전달됩니다.
물병자리,행동운,오늘 독창적인 아이디어를 행동으로 옮기는 날입니다.,오후 4시~7시,물병자리는 오후 중반부터 창의적인 에너지가 올라옵니다. 이 시간대 연락이 가장 독창적으로 전달됩니다.
물병자리,행동운,자유롭게 실험하는 것이 오늘 배움이 되는 날입니다.,오후 4시~7시,물병자리는 오후 중반부터 창의적인 에너지가 올라옵니다. 이 시간대 연락이 가장 독창적으로 전달됩니다.
물병자리,행동운,오늘 규칙을 깨는 행동이 혁신이 되는 날입니다.,오후 4시~7시,물병자리는 오후 중반부터 창의적인 에너지가 올라옵니다. 이 시간대 연락이 가장 독창적으로 전달됩니다.
물병자리,행동운,미래를 위한 행동 하나를 오늘 시작하는 날입니다.,오후 4시~7시,물병자리는 오후 중반부터 창의적인 에너지가 올라옵니다. 이 시간대 연락이 가장 독창적으로 전달됩니다.
물병자리,행동운,오늘 기술을 활용하는 새로운 행동을 시도해보는 날입니다.,오후 4시~7시,물병자리는 오후 중반부터 창의적인 에너지가 올라옵니다. 이 시간대 연락이 가장 독창적으로 전달됩니다.
물병자리,행동운,집단 대신 개인의 독창성을 발휘하는 행동이 오늘 빛습니다.,오후 4시~7시,물병자리는 오후 중반부터 창의적인 에너지가 올라옵니다. 이 시간대 연락이 가장 독창적으로 전달됩니다.
물병자리,행동운,오늘 아이디어를 실험으로 연결하는 날입니다.,오후 4시~7시,물병자리는 오후 중반부터 창의적인 에너지가 올라옵니다. 이 시간대 연락이 가장 독창적으로 전달됩니다.
물병자리,행동운,물병자리의 분석력을 행동 계획으로 바꾸는 날입니다.,오후 4시~7시,물병자리는 오후 중반부터 창의적인 에너지가 올라옵니다. 이 시간대 연락이 가장 독창적으로 전달됩니다.
물병자리,행동운,오늘 공동체를 위한 행동이 자신에게도 에너지가 되는 날입니다.,오후 4시~7시,물병자리는 오후 중반부터 창의적인 에너지가 올라옵니다. 이 시간대 연락이 가장 독창적으로 전달됩니다.
물병자리,행동운,독립적으로 결정하고 행동하는 것이 오늘 맞습니다.,오후 4시~7시,물병자리는 오후 중반부터 창의적인 에너지가 올라옵니다. 이 시간대 연락이 가장 독창적으로 전달됩니다.
물병자리,행동운,오늘 미래 지향적인 한 걸음을 내딛는 날입니다.,오후 4시~7시,물병자리는 오후 중반부터 창의적인 에너지가 올라옵니다. 이 시간대 연락이 가장 독창적으로 전달됩니다.
물병자리,행동운,물병자리의 혁신이 행동으로 나타나는 날입니다.,오후 4시~7시,물병자리는 오후 중반부터 창의적인 에너지가 올라옵니다. 이 시간대 연락이 가장 독창적으로 전달됩니다.
물병자리,행동운,오늘 새로운 방식을 실험하는 것이 더 좋은 결과를 만들습니다.,오후 4시~7시,물병자리는 오후 중반부터 창의적인 에너지가 올라옵니다. 이 시간대 연락이 가장 독창적으로 전달됩니다.
물병자리,행동운,사회적 가치를 위한 행동이 오늘 보람이 되는 날입니다.,오후 4시~7시,물병자리는 오후 중반부터 창의적인 에너지가 올라옵니다. 이 시간대 연락이 가장 독창적으로 전달됩니다.
물병자리,행동운,오늘 독창적인 방법으로 문제를 해결하는 날입니다.,오후 4시~7시,물병자리는 오후 중반부터 창의적인 에너지가 올라옵니다. 이 시간대 연락이 가장 독창적으로 전달됩니다.
물병자리,행동운,자유로운 행동이 오늘 최고의 결과를 만드는 날입니다.,오후 4시~7시,물병자리는 오후 중반부터 창의적인 에너지가 올라옵니다. 이 시간대 연락이 가장 독창적으로 전달됩니다.
물병자리,행동운,오늘 아무도 시도하지 않은 방식을 먼저 해보는 날입니다.,오후 4시~7시,물병자리는 오후 중반부터 창의적인 에너지가 올라옵니다. 이 시간대 연락이 가장 독창적으로 전달됩니다.
물병자리,행동운,물병자리의 독창성이 행동으로 세상을 바꾸는 날입니다.,오후 4시~7시,물병자리는 오후 중반부터 창의적인 에너지가 올라옵니다. 이 시간대 연락이 가장 독창적으로 전달됩니다.
물고기자리,총운,오늘 감수성이 가장 풍부한 날입니다. 그 감각에서 오늘의 답이 나옵니다.,저녁 7시~9시,물고기자리는 저녁에 감성이 열리는 타입입니다. 이 시간대 연락이 가장 따뜻하게 닿습니다.
물고기자리,총운,직관이 논리보다 정확한 날입니다.,저녁 7시~9시,물고기자리는 저녁에 감성이 열리는 타입입니다. 이 시간대 연락이 가장 따뜻하게 닿습니다.
물고기자리,총운,창의적인 에너지가 넘치는 날입니다. 그 에너지를 표현해보시기 바랍니다.,저녁 7시~9시,물고기자리는 저녁에 감성이 열리는 타입입니다. 이 시간대 연락이 가장 따뜻하게 닿습니다.
물고기자리,총운,경계를 세우는 것이 오늘 자신을 지키는 날입니다.,저녁 7시~9시,물고기자리는 저녁에 감성이 열리는 타입입니다. 이 시간대 연락이 가장 따뜻하게 닿습니다.
물고기자리,총운,현실과 꿈 사이에서 균형을 찾는 날입니다.,저녁 7시~9시,물고기자리는 저녁에 감성이 열리는 타입입니다. 이 시간대 연락이 가장 따뜻하게 닿습니다.
물고기자리,총운,오늘 주변의 에너지를 흡수하기 쉬운 날입니다. 자신을 보호하시기 바랍니다.,저녁 7시~9시,물고기자리는 저녁에 감성이 열리는 타입입니다. 이 시간대 연락이 가장 따뜻하게 닿습니다.
물고기자리,총운,감사한 마음이 오늘 에너지를 만들어주는 날입니다.,저녁 7시~9시,물고기자리는 저녁에 감성이 열리는 타입입니다. 이 시간대 연락이 가장 따뜻하게 닿습니다.
물고기자리,총운,물고기자리의 공감 능력이 오늘 가장 빛나는 날입니다.,저녁 7시~9시,물고기자리는 저녁에 감성이 열리는 타입입니다. 이 시간대 연락이 가장 따뜻하게 닿습니다.
물고기자리,총운,오늘 예술이나 음악에서 영감을 받는 날입니다.,저녁 7시~9시,물고기자리는 저녁에 감성이 열리는 타입입니다. 이 시간대 연락이 가장 따뜻하게 닿습니다.
물고기자리,총운,현실적인 것과 감성적인 것의 균형을 찾는 날입니다.,저녁 7시~9시,물고기자리는 저녁에 감성이 열리는 타입입니다. 이 시간대 연락이 가장 따뜻하게 닿습니다.
물고기자리,총운,오늘 직관으로 중요한 결정을 내리는 날입니다.,저녁 7시~9시,물고기자리는 저녁에 감성이 열리는 타입입니다. 이 시간대 연락이 가장 따뜻하게 닿습니다.
물고기자리,총운,물고기자리의 창의성이 오늘 특별한 것을 만들습니다.,저녁 7시~9시,물고기자리는 저녁에 감성이 열리는 타입입니다. 이 시간대 연락이 가장 따뜻하게 닿습니다.
물고기자리,총운,오늘 조용한 시간이 에너지를 충전해주는 날입니다.,저녁 7시~9시,물고기자리는 저녁에 감성이 열리는 타입입니다. 이 시간대 연락이 가장 따뜻하게 닿습니다.
물고기자리,총운,현실 도피보다 현실을 아름답게 보는 시각이 오늘 중요합니다.,저녁 7시~9시,물고기자리는 저녁에 감성이 열리는 타입입니다. 이 시간대 연락이 가장 따뜻하게 닿습니다.
물고기자리,총운,오늘 공감이 가장 강한 능력인 날입니다.,저녁 7시~9시,물고기자리는 저녁에 감성이 열리는 타입입니다. 이 시간대 연락이 가장 따뜻하게 닿습니다.
물고기자리,총운,물고기자리의 부드러운 힘이 오늘 중요한 상황을 부드럽게 해결합니다.,저녁 7시~9시,물고기자리는 저녁에 감성이 열리는 타입입니다. 이 시간대 연락이 가장 따뜻하게 닿습니다.
물고기자리,총운,오늘 꿈이 현실의 방향을 가리키는 날입니다.,저녁 7시~9시,물고기자리는 저녁에 감성이 열리는 타입입니다. 이 시간대 연락이 가장 따뜻하게 닿습니다.
물고기자리,총운,감성적인 결정이 오늘 오히려 더 정확한 날입니다.,저녁 7시~9시,물고기자리는 저녁에 감성이 열리는 타입입니다. 이 시간대 연락이 가장 따뜻하게 닿습니다.
물고기자리,총운,오늘 세상의 아름다움을 발견하는 날입니다.,저녁 7시~9시,물고기자리는 저녁에 감성이 열리는 타입입니다. 이 시간대 연락이 가장 따뜻하게 닿습니다.
물고기자리,총운,물고기자리의 직관이 오늘 삶의 방향을 알려주는 날입니다.,저녁 7시~9시,물고기자리는 저녁에 감성이 열리는 타입입니다. 이 시간대 연락이 가장 따뜻하게 닿습니다.
물고기자리,애정운,말하지 않아도 느끼는 날입니다. 물고기자리는 그 감각으로 연결되는 타입입니다.,저녁 7시~9시,물고기자리는 저녁에 감성이 열리는 타입입니다. 이 시간대 연락이 가장 따뜻하게 닿습니다.
물고기자리,애정운,오늘 감성적인 연결이 강해지는 날입니다.,저녁 7시~9시,물고기자리는 저녁에 감성이 열리는 타입입니다. 이 시간대 연락이 가장 따뜻하게 닿습니다.
물고기자리,애정운,경계를 지키면서 사랑하는 연습이 오늘 필요합니다.,저녁 7시~9시,물고기자리는 저녁에 감성이 열리는 타입입니다. 이 시간대 연락이 가장 따뜻하게 닿습니다.
물고기자리,애정운,오늘 헌신적인 사랑이 빛나는 날입니다.,저녁 7시~9시,물고기자리는 저녁에 감성이 열리는 타입입니다. 이 시간대 연락이 가장 따뜻하게 닿습니다.
물고기자리,애정운,현실 도피적인 로맨스보다 진실된 연결이 오늘 더 강합니다.,저녁 7시~9시,물고기자리는 저녁에 감성이 열리는 타입입니다. 이 시간대 연락이 가장 따뜻하게 닿습니다.
물고기자리,애정운,오늘 상대방의 감정을 깊이 이해하는 날입니다.,저녁 7시~9시,물고기자리는 저녁에 감성이 열리는 타입입니다. 이 시간대 연락이 가장 따뜻하게 닿습니다.
물고기자리,애정운,감성적인 표현이 오늘 관계를 따뜻하게 합니다.,저녁 7시~9시,물고기자리는 저녁에 감성이 열리는 타입입니다. 이 시간대 연락이 가장 따뜻하게 닿습니다.
물고기자리,애정운,오늘 꿈 같은 사랑보다 현실에서의 작은 행복이 소중한 날입니다.,저녁 7시~9시,물고기자리는 저녁에 감성이 열리는 타입입니다. 이 시간대 연락이 가장 따뜻하게 닿습니다.
물고기자리,애정운,물고기자리의 로맨틱한 면이 오늘 상대방을 감동시키는 날입니다.,저녁 7시~9시,물고기자리는 저녁에 감성이 열리는 타입입니다. 이 시간대 연락이 가장 따뜻하게 닿습니다.
물고기자리,애정운,오늘 영적인 연결이 강해지는 날입니다.,저녁 7시~9시,물고기자리는 저녁에 감성이 열리는 타입입니다. 이 시간대 연락이 가장 따뜻하게 닿습니다.
물고기자리,애정운,상대방의 아픔을 공감하는 것이 오늘 사랑입니다.,저녁 7시~9시,물고기자리는 저녁에 감성이 열리는 타입입니다. 이 시간대 연락이 가장 따뜻하게 닿습니다.
물고기자리,애정운,오늘 예술적이고 창의적인 방식으로 사랑을 표현하는 날입니다.,저녁 7시~9시,물고기자리는 저녁에 감성이 열리는 타입입니다. 이 시간대 연락이 가장 따뜻하게 닿습니다.
물고기자리,애정운,경계를 세우면서도 따뜻한 관계를 유지하는 날입니다.,저녁 7시~9시,물고기자리는 저녁에 감성이 열리는 타입입니다. 이 시간대 연락이 가장 따뜻하게 닿습니다.
물고기자리,애정운,오늘 조용한 연결이 가장 깊은 사랑이 되는 날입니다.,저녁 7시~9시,물고기자리는 저녁에 감성이 열리는 타입입니다. 이 시간대 연락이 가장 따뜻하게 닿습니다.
물고기자리,애정운,감정이 넘쳐서 힘든 날입니다. 자신을 먼저 챙겨보시기 바랍니다.,저녁 7시~9시,물고기자리는 저녁에 감성이 열리는 타입입니다. 이 시간대 연락이 가장 따뜻하게 닿습니다.
물고기자리,애정운,오늘 상대방과의 깊은 대화가 연결을 강화하는 날입니다.,저녁 7시~9시,물고기자리는 저녁에 감성이 열리는 타입입니다. 이 시간대 연락이 가장 따뜻하게 닿습니다.
물고기자리,애정운,물고기자리의 공감이 오늘 관계의 치유제가 되는 날입니다.,저녁 7시~9시,물고기자리는 저녁에 감성이 열리는 타입입니다. 이 시간대 연락이 가장 따뜻하게 닿습니다.
물고기자리,애정운,오늘 헌신과 자기 보호의 균형을 찾는 날입니다.,저녁 7시~9시,물고기자리는 저녁에 감성이 열리는 타입입니다. 이 시간대 연락이 가장 따뜻하게 닿습니다.
물고기자리,애정운,감성적인 연결이 오늘 새로운 인연을 만들습니다.,저녁 7시~9시,물고기자리는 저녁에 감성이 열리는 타입입니다. 이 시간대 연락이 가장 따뜻하게 닿습니다.
물고기자리,애정운,오늘 사랑받고 있다는 느낌이 드는 날입니다.,저녁 7시~9시,물고기자리는 저녁에 감성이 열리는 타입입니다. 이 시간대 연락이 가장 따뜻하게 닿습니다.
물고기자리,금전운,감정적인 소비를 오늘 의식해보시기 바랍니다.,저녁 7시~9시,물고기자리는 저녁에 감성이 열리는 타입입니다. 이 시간대 연락이 가장 따뜻하게 닿습니다.
물고기자리,금전운,창의적인 방식으로 수입을 올리는 아이디어가 떠오르는 날입니다.,저녁 7시~9시,물고기자리는 저녁에 감성이 열리는 타입입니다. 이 시간대 연락이 가장 따뜻하게 닿습니다.
물고기자리,금전운,오늘 직관으로 좋은 금전 기회를 포착하는 날입니다.,저녁 7시~9시,물고기자리는 저녁에 감성이 열리는 타입입니다. 이 시간대 연락이 가장 따뜻하게 닿습니다.
물고기자리,금전운,현실적인 금전 계획이 오늘 필요한 날입니다.,저녁 7시~9시,물고기자리는 저녁에 감성이 열리는 타입입니다. 이 시간대 연락이 가장 따뜻하게 닿습니다.
물고기자리,금전운,오늘 타인을 위한 지출이 많아질 수 있습니다. 자신의 여유를 확인하시기 바랍니다.,저녁 7시~9시,물고기자리는 저녁에 감성이 열리는 타입입니다. 이 시간대 연락이 가장 따뜻하게 닿습니다.
물고기자리,금전운,예술이나 창의적인 것에서 수입이 생기는 날입니다.,저녁 7시~9시,물고기자리는 저녁에 감성이 열리는 타입입니다. 이 시간대 연락이 가장 따뜻하게 닿습니다.
물고기자리,금전운,오늘 금전 직관이 정확한 날입니다.,저녁 7시~9시,물고기자리는 저녁에 감성이 열리는 타입입니다. 이 시간대 연락이 가장 따뜻하게 닿습니다.
물고기자리,금전운,현실 감각이 오늘 금전 결정에서 중요한 날입니다.,저녁 7시~9시,물고기자리는 저녁에 감성이 열리는 타입입니다. 이 시간대 연락이 가장 따뜻하게 닿습니다.
물고기자리,금전운,오늘 오래된 금전 문제가 해결되는 날입니다.,저녁 7시~9시,물고기자리는 저녁에 감성이 열리는 타입입니다. 이 시간대 연락이 가장 따뜻하게 닿습니다.
물고기자리,금전운,감성적인 가치를 가진 것에 투자하는 날입니다.,저녁 7시~9시,물고기자리는 저녁에 감성이 열리는 타입입니다. 이 시간대 연락이 가장 따뜻하게 닿습니다.
물고기자리,금전운,오늘 예상치 못한 금전 수입이 생기는 날입니다.,저녁 7시~9시,물고기자리는 저녁에 감성이 열리는 타입입니다. 이 시간대 연락이 가장 따뜻하게 닿습니다.
물고기자리,금전운,물고기자리의 창의성이 금전 기회를 만드는 날입니다.,저녁 7시~9시,물고기자리는 저녁에 감성이 열리는 타입입니다. 이 시간대 연락이 가장 따뜻하게 닿습니다.
물고기자리,금전운,오늘 금전 계획을 현실적으로 다시 잡는 날입니다.,저녁 7시~9시,물고기자리는 저녁에 감성이 열리는 타입입니다. 이 시간대 연락이 가장 따뜻하게 닿습니다.
물고기자리,금전운,타인에게 베푸는 것과 자신을 지키는 균형이 오늘 중요합니다.,저녁 7시~9시,물고기자리는 저녁에 감성이 열리는 타입입니다. 이 시간대 연락이 가장 따뜻하게 닿습니다.
물고기자리,금전운,오늘 영적이거나 감성적인 것이 금전으로 이어지는 날입니다.,저녁 7시~9시,물고기자리는 저녁에 감성이 열리는 타입입니다. 이 시간대 연락이 가장 따뜻하게 닿습니다.
물고기자리,금전운,직관적인 투자 결정이 오늘 맞는 날입니다.,저녁 7시~9시,물고기자리는 저녁에 감성이 열리는 타입입니다. 이 시간대 연락이 가장 따뜻하게 닿습니다.
물고기자리,금전운,오늘 금전 걱정보다 창의적인 해결책을 찾는 날입니다.,저녁 7시~9시,물고기자리는 저녁에 감성이 열리는 타입입니다. 이 시간대 연락이 가장 따뜻하게 닿습니다.
물고기자리,금전운,예술적 능력을 금전으로 연결하는 아이디어가 생기는 날입니다.,저녁 7시~9시,물고기자리는 저녁에 감성이 열리는 타입입니다. 이 시간대 연락이 가장 따뜻하게 닿습니다.
물고기자리,금전운,오늘 소소한 절약이 큰 의미를 가지는 날입니다.,저녁 7시~9시,물고기자리는 저녁에 감성이 열리는 타입입니다. 이 시간대 연락이 가장 따뜻하게 닿습니다.
물고기자리,금전운,물고기자리의 직관이 금전 결정에서 빛나는 날입니다.,저녁 7시~9시,물고기자리는 저녁에 감성이 열리는 타입입니다. 이 시간대 연락이 가장 따뜻하게 닿습니다.
물고기자리,직장운,오늘 창의적인 업무에서 탁월한 결과가 나오는 날입니다.,저녁 7시~9시,물고기자리는 저녁에 감성이 열리는 타입입니다. 이 시간대 연락이 가장 따뜻하게 닿습니다.
물고기자리,직장운,직관으로 업무 방향을 잡는 것이 오늘 정확한 날입니다.,저녁 7시~9시,물고기자리는 저녁에 감성이 열리는 타입입니다. 이 시간대 연락이 가장 따뜻하게 닿습니다.
물고기자리,직장운,오늘 공감 능력이 팀워크를 빛나게 하는 날입니다.,저녁 7시~9시,물고기자리는 저녁에 감성이 열리는 타입입니다. 이 시간대 연락이 가장 따뜻하게 닿습니다.
물고기자리,직장운,현실적인 마감에 집중하는 날입니다.,저녁 7시~9시,물고기자리는 저녁에 감성이 열리는 타입입니다. 이 시간대 연락이 가장 따뜻하게 닿습니다.
물고기자리,직장운,오늘 예술이나 감성이 필요한 업무에서 물고기자리가 빛습니다.,저녁 7시~9시,물고기자리는 저녁에 감성이 열리는 타입입니다. 이 시간대 연락이 가장 따뜻하게 닿습니다.
물고기자리,직장운,치유나 돌봄과 관련된 업무에서 강점이 나오는 날입니다.,저녁 7시~9시,물고기자리는 저녁에 감성이 열리는 타입입니다. 이 시간대 연락이 가장 따뜻하게 닿습니다.
물고기자리,직장운,오늘 직관적인 판단이 업무에서 인정받는 날입니다.,저녁 7시~9시,물고기자리는 저녁에 감성이 열리는 타입입니다. 이 시간대 연락이 가장 따뜻하게 닿습니다.
물고기자리,직장운,물고기자리의 공감이 고객이나 클라이언트와의 관계를 빛나게 하는 날입니다.,저녁 7시~9시,물고기자리는 저녁에 감성이 열리는 타입입니다. 이 시간대 연락이 가장 따뜻하게 닿습니다.
물고기자리,직장운,오늘 혼자 조용히 집중하는 업무가 최고의 결과를 내는 날입니다.,저녁 7시~9시,물고기자리는 저녁에 감성이 열리는 타입입니다. 이 시간대 연락이 가장 따뜻하게 닿습니다.
물고기자리,직장운,창의적 문제 해결이 오늘 주목받는 날입니다.,저녁 7시~9시,물고기자리는 저녁에 감성이 열리는 타입입니다. 이 시간대 연락이 가장 따뜻하게 닿습니다.
물고기자리,직장운,오늘 팀의 감정적 흐름을 잘 파악하는 날입니다.,저녁 7시~9시,물고기자리는 저녁에 감성이 열리는 타입입니다. 이 시간대 연락이 가장 따뜻하게 닿습니다.
물고기자리,직장운,물고기자리의 부드러운 접근이 갈등을 해결하는 날입니다.,저녁 7시~9시,물고기자리는 저녁에 감성이 열리는 타입입니다. 이 시간대 연락이 가장 따뜻하게 닿습니다.
물고기자리,직장운,오늘 업무에서 감성적인 것이 더 좋은 결과를 만드는 날입니다.,저녁 7시~9시,물고기자리는 저녁에 감성이 열리는 타입입니다. 이 시간대 연락이 가장 따뜻하게 닿습니다.
물고기자리,직장운,현실과 창의성의 균형이 오늘 업무에서 중요한 날입니다.,저녁 7시~9시,물고기자리는 저녁에 감성이 열리는 타입입니다. 이 시간대 연락이 가장 따뜻하게 닿습니다.
물고기자리,직장운,오늘 영감이 업무로 이어지는 날입니다.,저녁 7시~9시,물고기자리는 저녁에 감성이 열리는 타입입니다. 이 시간대 연락이 가장 따뜻하게 닿습니다.
물고기자리,직장운,물고기자리의 직관이 복잡한 업무를 단순하게 만드는 날입니다.,저녁 7시~9시,물고기자리는 저녁에 감성이 열리는 타입입니다. 이 시간대 연락이 가장 따뜻하게 닿습니다.
물고기자리,직장운,오늘 감성적인 접근이 고객이나 동료의 마음을 여는 날입니다.,저녁 7시~9시,물고기자리는 저녁에 감성이 열리는 타입입니다. 이 시간대 연락이 가장 따뜻하게 닿습니다.
물고기자리,직장운,창의적인 작업물이 오늘 특별한 빛을 발하는 날입니다.,저녁 7시~9시,물고기자리는 저녁에 감성이 열리는 타입입니다. 이 시간대 연락이 가장 따뜻하게 닿습니다.
물고기자리,직장운,오늘 업무에서 포기하지 않는 힘이 나오는 날입니다.,저녁 7시~9시,물고기자리는 저녁에 감성이 열리는 타입입니다. 이 시간대 연락이 가장 따뜻하게 닿습니다.
물고기자리,직장운,물고기자리의 공감 능력이 오늘 팀에 큰 힘이 되는 날입니다.,저녁 7시~9시,물고기자리는 저녁에 감성이 열리는 타입입니다. 이 시간대 연락이 가장 따뜻하게 닿습니다.
물고기자리,건강운,오늘 감정이 몸으로 나오는 날입니다. 마음이 편안해야 몸도 편안합니다.,저녁 7시~9시,물고기자리는 저녁에 감성이 열리는 타입입니다. 이 시간대 연락이 가장 따뜻하게 닿습니다.
물고기자리,건강운,물 가까이에서 시간을 보내는 것이 오늘 치유가 되는 날입니다.,저녁 7시~9시,물고기자리는 저녁에 감성이 열리는 타입입니다. 이 시간대 연락이 가장 따뜻하게 닿습니다.
물고기자리,건강운,오늘 충분한 수면이 특히 중요한 날입니다.,저녁 7시~9시,물고기자리는 저녁에 감성이 열리는 타입입니다. 이 시간대 연락이 가장 따뜻하게 닿습니다.
물고기자리,건강운,주변 에너지를 흡수하기 쉬워서 오늘 경계가 필요한 날입니다.,저녁 7시~9시,물고기자리는 저녁에 감성이 열리는 타입입니다. 이 시간대 연락이 가장 따뜻하게 닿습니다.
물고기자리,건강운,발이나 림프 건강에 주의하는 날입니다.,저녁 7시~9시,물고기자리는 저녁에 감성이 열리는 타입입니다. 이 시간대 연락이 가장 따뜻하게 닿습니다.
물고기자리,건강운,오늘 조용한 환경에서 회복하는 시간이 필요한 날입니다.,저녁 7시~9시,물고기자리는 저녁에 감성이 열리는 타입입니다. 이 시간대 연락이 가장 따뜻하게 닿습니다.
물고기자리,건강운,창의적인 활동이 오늘 심신 치유에 도움이 되는 날입니다.,저녁 7시~9시,물고기자리는 저녁에 감성이 열리는 타입입니다. 이 시간대 연락이 가장 따뜻하게 닿습니다.
물고기자리,건강운,오늘 스트레스가 피부나 발에 나타날 수 있습니다.,저녁 7시~9시,물고기자리는 저녁에 감성이 열리는 타입입니다. 이 시간대 연락이 가장 따뜻하게 닿습니다.
물고기자리,건강운,충분한 물과 규칙적인 식사가 오늘 건강을 지켜요.,저녁 7시~9시,물고기자리는 저녁에 감성이 열리는 타입입니다. 이 시간대 연락이 가장 따뜻하게 닿습니다.
물고기자리,건강운,오늘 음악이나 예술이 심리적 회복에 도움이 되는 날입니다.,저녁 7시~9시,물고기자리는 저녁에 감성이 열리는 타입입니다. 이 시간대 연락이 가장 따뜻하게 닿습니다.
물고기자리,건강운,물고기자리는 수면의 질이 건강을 좌우하는 타입입니다.,저녁 7시~9시,물고기자리는 저녁에 감성이 열리는 타입입니다. 이 시간대 연락이 가장 따뜻하게 닿습니다.
물고기자리,건강운,오늘 독소를 배출하는 것이 몸에 좋은 날입니다.,저녁 7시~9시,물고기자리는 저녁에 감성이 열리는 타입입니다. 이 시간대 연락이 가장 따뜻하게 닿습니다.
물고기자리,건강운,감정을 표현하는 것이 몸의 건강으로 이어지는 날입니다.,저녁 7시~9시,물고기자리는 저녁에 감성이 열리는 타입입니다. 이 시간대 연락이 가장 따뜻하게 닿습니다.
물고기자리,건강운,오늘 명상이나 영적인 시간이 건강에 특히 좋은 날입니다.,저녁 7시~9시,물고기자리는 저녁에 감성이 열리는 타입입니다. 이 시간대 연락이 가장 따뜻하게 닿습니다.
물고기자리,건강운,자연 속에서 보내는 시간이 오늘 치유가 되는 날입니다.,저녁 7시~9시,물고기자리는 저녁에 감성이 열리는 타입입니다. 이 시간대 연락이 가장 따뜻하게 닿습니다.
물고기자리,건강운,오늘 타인의 에너지로부터 자신을 보호하는 것이 건강의 핵심입니다.,저녁 7시~9시,물고기자리는 저녁에 감성이 열리는 타입입니다. 이 시간대 연락이 가장 따뜻하게 닿습니다.
물고기자리,건강운,따뜻한 목욕이나 수치료가 오늘 특히 효과적입니다.,저녁 7시~9시,물고기자리는 저녁에 감성이 열리는 타입입니다. 이 시간대 연락이 가장 따뜻하게 닿습니다.
물고기자리,건강운,물고기자리의 예민한 신체 반응이 오늘 정확한 신호를 보내요.,저녁 7시~9시,물고기자리는 저녁에 감성이 열리는 타입입니다. 이 시간대 연락이 가장 따뜻하게 닿습니다.
물고기자리,건강운,오늘 영양 보충과 충분한 휴식이 특히 중요한 날입니다.,저녁 7시~9시,물고기자리는 저녁에 감성이 열리는 타입입니다. 이 시간대 연락이 가장 따뜻하게 닿습니다.
물고기자리,건강운,물고기자리의 치유력이 오늘 자신과 주변을 돕는 날입니다.,저녁 7시~9시,물고기자리는 저녁에 감성이 열리는 타입입니다. 이 시간대 연락이 가장 따뜻하게 닿습니다.
물고기자리,대인운,오늘 깊은 공감이 관계를 치유하는 날입니다.,저녁 7시~9시,물고기자리는 저녁에 감성이 열리는 타입입니다. 이 시간대 연락이 가장 따뜻하게 닿습니다.
물고기자리,대인운,물고기자리의 감수성이 오늘 주변 사람들을 위로하는 날입니다.,저녁 7시~9시,물고기자리는 저녁에 감성이 열리는 타입입니다. 이 시간대 연락이 가장 따뜻하게 닿습니다.
물고기자리,대인운,오늘 영적인 연결이 강해지는 인간관계가 생기는 날입니다.,저녁 7시~9시,물고기자리는 저녁에 감성이 열리는 타입입니다. 이 시간대 연락이 가장 따뜻하게 닿습니다.
물고기자리,대인운,경계를 지키면서 관계를 맺는 연습이 오늘 필요한 날입니다.,저녁 7시~9시,물고기자리는 저녁에 감성이 열리는 타입입니다. 이 시간대 연락이 가장 따뜻하게 닿습니다.
물고기자리,대인운,오늘 타인의 감정을 잘 이해하지만 자신을 잃지 않는 날입니다.,저녁 7시~9시,물고기자리는 저녁에 감성이 열리는 타입입니다. 이 시간대 연락이 가장 따뜻하게 닿습니다.
물고기자리,대인운,창의적인 방식으로 연결되는 새로운 인연이 생기는 날입니다.,저녁 7시~9시,물고기자리는 저녁에 감성이 열리는 타입입니다. 이 시간대 연락이 가장 따뜻하게 닿습니다.
물고기자리,대인운,오늘 조용하고 감성적인 만남이 가장 깊은 연결이 되는 날입니다.,저녁 7시~9시,물고기자리는 저녁에 감성이 열리는 타입입니다. 이 시간대 연락이 가장 따뜻하게 닿습니다.
물고기자리,대인운,물고기자리의 공감이 오늘 누군가에게 큰 위로가 되는 날입니다.,저녁 7시~9시,물고기자리는 저녁에 감성이 열리는 타입입니다. 이 시간대 연락이 가장 따뜻하게 닿습니다.
물고기자리,대인운,오늘 예술이나 음악을 통한 연결이 생기는 날입니다.,저녁 7시~9시,물고기자리는 저녁에 감성이 열리는 타입입니다. 이 시간대 연락이 가장 따뜻하게 닿습니다.
물고기자리,대인운,감사하는 마음이 오늘 관계를 더 따뜻하게 만드는 날입니다.,저녁 7시~9시,물고기자리는 저녁에 감성이 열리는 타입입니다. 이 시간대 연락이 가장 따뜻하게 닿습니다.
물고기자리,대인운,오늘 누군가의 아픔을 자신의 것처럼 느끼는 날입니다.,저녁 7시~9시,물고기자리는 저녁에 감성이 열리는 타입입니다. 이 시간대 연락이 가장 따뜻하게 닿습니다.
물고기자리,대인운,자신을 먼저 돌봐야 다른 사람도 돌볼 수 있는 날입니다.,저녁 7시~9시,물고기자리는 저녁에 감성이 열리는 타입입니다. 이 시간대 연락이 가장 따뜻하게 닿습니다.
물고기자리,대인운,오늘 같은 감성을 가진 사람과의 만남이 에너지가 되는 날입니다.,저녁 7시~9시,물고기자리는 저녁에 감성이 열리는 타입입니다. 이 시간대 연락이 가장 따뜻하게 닿습니다.
물고기자리,대인운,현실적인 도움을 주는 것이 오늘 관계에서 빛나는 날입니다.,저녁 7시~9시,물고기자리는 저녁에 감성이 열리는 타입입니다. 이 시간대 연락이 가장 따뜻하게 닿습니다.
물고기자리,대인운,물고기자리의 직관이 오늘 중요한 관계의 신호를 포착하는 날입니다.,저녁 7시~9시,물고기자리는 저녁에 감성이 열리는 타입입니다. 이 시간대 연락이 가장 따뜻하게 닿습니다.
물고기자리,대인운,오늘 조용하게 곁에 있어주는 것이 가장 큰 지지가 되는 날입니다.,저녁 7시~9시,물고기자리는 저녁에 감성이 열리는 타입입니다. 이 시간대 연락이 가장 따뜻하게 닿습니다.
물고기자리,대인운,감성적인 연결이 오늘 깊어지는 날입니다.,저녁 7시~9시,물고기자리는 저녁에 감성이 열리는 타입입니다. 이 시간대 연락이 가장 따뜻하게 닿습니다.
물고기자리,대인운,오늘 베푸는 것과 받는 것의 균형을 찾는 날입니다.,저녁 7시~9시,물고기자리는 저녁에 감성이 열리는 타입입니다. 이 시간대 연락이 가장 따뜻하게 닿습니다.
물고기자리,대인운,물고기자리의 따뜻한 마음이 오늘 좋은 인연을 불러오는 날입니다.,저녁 7시~9시,물고기자리는 저녁에 감성이 열리는 타입입니다. 이 시간대 연락이 가장 따뜻하게 닿습니다.
물고기자리,대인운,오늘 진심 어린 공감이 관계를 치유하는 날입니다.,저녁 7시~9시,물고기자리는 저녁에 감성이 열리는 타입입니다. 이 시간대 연락이 가장 따뜻하게 닿습니다.
물고기자리,행동운,오늘 직관이 이끄는 행동이 정답인 날입니다.,저녁 7시~9시,물고기자리는 저녁에 감성이 열리는 타입입니다. 이 시간대 연락이 가장 따뜻하게 닿습니다.
물고기자리,행동운,창의적인 행동이 오늘 특별한 결과를 만들습니다.,저녁 7시~9시,물고기자리는 저녁에 감성이 열리는 타입입니다. 이 시간대 연락이 가장 따뜻하게 닿습니다.
물고기자리,행동운,오늘 감성을 행동으로 연결하는 날입니다.,저녁 7시~9시,물고기자리는 저녁에 감성이 열리는 타입입니다. 이 시간대 연락이 가장 따뜻하게 닿습니다.
물고기자리,행동운,현실적인 한 걸음이 꿈을 현실로 만드는 날입니다.,저녁 7시~9시,물고기자리는 저녁에 감성이 열리는 타입입니다. 이 시간대 연락이 가장 따뜻하게 닿습니다.
물고기자리,행동운,오늘 타인을 돕는 행동이 자신에게도 에너지가 되는 날입니다.,저녁 7시~9시,물고기자리는 저녁에 감성이 열리는 타입입니다. 이 시간대 연락이 가장 따뜻하게 닿습니다.
물고기자리,행동운,감사 표현을 행동으로 하는 날입니다.,저녁 7시~9시,물고기자리는 저녁에 감성이 열리는 타입입니다. 이 시간대 연락이 가장 따뜻하게 닿습니다.
물고기자리,행동운,오늘 예술이나 창의적인 것을 만드는 행동이 치유가 되는 날입니다.,저녁 7시~9시,물고기자리는 저녁에 감성이 열리는 타입입니다. 이 시간대 연락이 가장 따뜻하게 닿습니다.
물고기자리,행동운,경계를 세우는 행동이 오늘 자신을 지키는 날입니다.,저녁 7시~9시,물고기자리는 저녁에 감성이 열리는 타입입니다. 이 시간대 연락이 가장 따뜻하게 닿습니다.
물고기자리,행동운,오늘 꿈을 향한 작은 행동 하나가 방향을 만들습니다.,저녁 7시~9시,물고기자리는 저녁에 감성이 열리는 타입입니다. 이 시간대 연락이 가장 따뜻하게 닿습니다.
물고기자리,행동운,물고기자리의 공감을 행동으로 표현하는 날입니다.,저녁 7시~9시,물고기자리는 저녁에 감성이 열리는 타입입니다. 이 시간대 연락이 가장 따뜻하게 닿습니다.
물고기자리,행동운,오늘 직관적인 행동이 의외의 좋은 결과를 만드는 날입니다.,저녁 7시~9시,물고기자리는 저녁에 감성이 열리는 타입입니다. 이 시간대 연락이 가장 따뜻하게 닿습니다.
물고기자리,행동운,감성적인 행동이 오늘 관계를 따뜻하게 하는 날입니다.,저녁 7시~9시,물고기자리는 저녁에 감성이 열리는 타입입니다. 이 시간대 연락이 가장 따뜻하게 닿습니다.
물고기자리,행동운,현실 도피 대신 현실을 아름답게 만드는 행동을 하는 날입니다.,저녁 7시~9시,물고기자리는 저녁에 감성이 열리는 타입입니다. 이 시간대 연락이 가장 따뜻하게 닿습니다.
물고기자리,행동운,오늘 자신을 위한 창의적인 시간을 만드는 행동이 필요합니다.,저녁 7시~9시,물고기자리는 저녁에 감성이 열리는 타입입니다. 이 시간대 연락이 가장 따뜻하게 닿습니다.
물고기자리,행동운,물고기자리의 부드러운 힘이 행동으로 나타나는 날입니다.,저녁 7시~9시,물고기자리는 저녁에 감성이 열리는 타입입니다. 이 시간대 연락이 가장 따뜻하게 닿습니다.
물고기자리,행동운,오늘 베푸는 행동이 나중에 자신에게 돌아오는 날입니다.,저녁 7시~9시,물고기자리는 저녁에 감성이 열리는 타입입니다. 이 시간대 연락이 가장 따뜻하게 닿습니다.
물고기자리,행동운,감사한 마음을 행동으로 표현하는 것이 오늘 에너지를 만들습니다.,저녁 7시~9시,물고기자리는 저녁에 감성이 열리는 타입입니다. 이 시간대 연락이 가장 따뜻하게 닿습니다.
물고기자리,행동운,오늘 천천히 흘러가는 행동이 더 좋은 결과를 만드는 날입니다.,저녁 7시~9시,물고기자리는 저녁에 감성이 열리는 타입입니다. 이 시간대 연락이 가장 따뜻하게 닿습니다.
물고기자리,행동운,물고기자리의 직관이 행동으로 연결되는 날입니다.,저녁 7시~9시,물고기자리는 저녁에 감성이 열리는 타입입니다. 이 시간대 연락이 가장 따뜻하게 닿습니다.
물고기자리,행동운,오늘 자신을 사랑하는 행동 하나가 하루를 바꾸는 날입니다.,저녁 7시~9시,물고기자리는 저녁에 감성이 열리는 타입입니다. 이 시간대 연락이 가장 따뜻하게 닿습니다.
양자리,총운,"머릿속에 아이디어가 동시에 세 개쯤 떠올라 있는 상태라면, 오늘 양자리의 뇌가 정상적으로 작동하고 있는 것입니다. 문제는 셋 다 시작하면 셋 다 미완성으로 남는다는 것입니다. 오늘은 그중 가장 오래된 것 하나를 먼저 닫으시기 바랍니다.",오전 9시~11시,양자리는 에너지가 오전에 올라오는 타입입니다. 먼저 연락하거나 받거나 모두 오전이 가장 자연스럽게 연결됩니다.
양자리,총운,"오늘 흐름이 당신 편인 날입니다. 그런데 양자리는 흐름이 좋을 때 직감적으로 큰 결정을 내리고 싶어지는 경향이 있습니다. 직감 자체는 틀리지 않으나, 그 결정을 실행하기 전에 딱 한 번만 숫자를 확인하시기 바랍니다.",오전 9시~11시,양자리는 에너지가 오전에 올라오는 타입입니다. 먼저 연락하거나 받거나 모두 오전이 가장 자연스럽게 연결됩니다.
양자리,총운,"기다리는 것이 유난히 답답하게 느껴지는 날입니다. 연락이 늦게 오거나 일이 생각보다 천천히 풀릴 수 있습니다. 그 속도가 문제가 아니라 당신의 기준이 너무 빠른 것이므로, 오늘은 기다리는 시간을 다른 것을 정리하는 데 쓰시기 바랍니다.",오전 9시~11시,양자리는 에너지가 오전에 올라오는 타입입니다. 먼저 연락하거나 받거나 모두 오전이 가장 자연스럽게 연결됩니다.
양자리,총운,"하던 일이 갑자기 지루해지는 시점이 올 수 있습니다. 그때 새로운 것을 시작하고 싶은 충동이 오는 것이 양자리의 패턴입니다. 그 충동을 메모만 해두고 오늘 하던 것을 먼저 마무리하면, 내일의 당신이 훨씬 가볍게 움직일 수 있습니다.",오전 9시~11시,양자리는 에너지가 오전에 올라오는 타입입니다. 먼저 연락하거나 받거나 모두 오전이 가장 자연스럽게 연결됩니다.
양자리,총운,"오늘 예상치 못한 제안이나 기회가 들어올 수 있습니다. 양자리는 이럴 때 즉시 뛰어들고 싶어지는데, 그 에너지는 맞습니다. 다만 전부를 한 번에 걸지 말고 일부만 먼저 움직여 보는 방식으로 접근하면 오늘의 흐름을 가장 잘 활용할 수 있습니다.",오전 9시~11시,양자리는 에너지가 오전에 올라오는 타입입니다. 먼저 연락하거나 받거나 모두 오전이 가장 자연스럽게 연결됩니다.
양자리,애정운,"마음에 걸리는 사람이 있다면 오늘 그 감정이 더 뚜렷하게 느껴질 수 있습니다. 양자리는 확신이 오면 바로 움직이는 타입입니다. 오늘 그 확신이 온다면 믿어도 됩니다. 단, 결과를 당일에 받으려 하지 않는 것이 좋습니다.",오전 9시~11시,양자리는 에너지가 오전에 올라오는 타입입니다. 먼저 연락하거나 받거나 모두 오전이 가장 자연스럽게 연결됩니다.
양자리,애정운,기다리는 것이 답답하게 느껴지는 하루일 수 있습니다. 상대의 답장이 늦거나 반응이 없으면 양자리는 이미 다음 행동을 생각하고 있을 것입니다. 오늘은 그 충동을 조금만 내려두시기 바랍니다. 여백이 오히려 관계에 여운을 만들 수 있습니다.,오전 9시~11시,양자리는 에너지가 오전에 올라오는 타입입니다. 먼저 연락하거나 받거나 모두 오전이 가장 자연스럽게 연결됩니다.
양자리,애정운,새로운 사람에게 끌리는 감정이 생길 수 있는 날입니다. 양자리 특유의 빠른 직감이 먼저 반응할 것입니다. 그 감정은 진짜입니다. 다만 오늘 하루 그 느낌을 충분히 살펴본 후 움직여도 늦지 않습니다.,오전 9시~11시,양자리는 에너지가 오전에 올라오는 타입입니다. 먼저 연락하거나 받거나 모두 오전이 가장 자연스럽게 연결됩니다.
양자리,애정운,"오랫동안 정리되지 않은 감정이 있다면 오늘 그것이 수면 위로 올라올 수 있습니다. 양자리는 흐릿한 상태를 오래 두지 못하는 편입니다. 명확하게 하고 싶은 마음은 자연스럽습니다. 단, 상대가 같은 준비가 되어 있는지 먼저 살피는 것이 순서입니다.",오전 9시~11시,양자리는 에너지가 오전에 올라오는 타입입니다. 먼저 연락하거나 받거나 모두 오전이 가장 자연스럽게 연결됩니다.
양자리,애정운,가까운 사이일수록 당연하게 여기는 부분이 생기기 마련입니다. 오늘은 그 사람에게 작은 것 하나라도 먼저 표현해 보시기 바랍니다. 양자리는 감정이 있어도 행동으로 먼저 나가는 편입니다. 오늘 그 방식이 상대에게 생각보다 크게 닿을 수 있습니다.,오전 9시~11시,양자리는 에너지가 오전에 올라오는 타입입니다. 먼저 연락하거나 받거나 모두 오전이 가장 자연스럽게 연결됩니다.
양자리,금전운,"지금 당장 뭔가를 시작하고 싶은 충동이 강하게 올라오는 날입니다. 투자든 지출이든 빠르게 결정하고 싶어지는 흐름인데, 오늘만큼은 그 에너지를 실행보다 검토에 쓰시기 바랍니다. 24시간 뒤에도 같은 생각이라면 그때 움직여도 늦지 않습니다.",오전 9시~11시,양자리는 에너지가 오전에 올라오는 타입입니다. 먼저 연락하거나 받거나 모두 오전이 가장 자연스럽게 연결됩니다.
양자리,금전운,수입 경로를 여러 개 동시에 벌려두고 싶어지는 날입니다. 양자리 특성상 아이디어는 넘치는데 하나를 완성하기 전에 다음으로 넘어가는 패턴이 반복될 수 있습니다. 오늘은 새로 시작하는 것보다 이미 진행 중인 것을 마무리하는 쪽이 실제 수익으로 이어집니다.,오전 9시~11시,양자리는 에너지가 오전에 올라오는 타입입니다. 먼저 연락하거나 받거나 모두 오전이 가장 자연스럽게 연결됩니다.
양자리,금전운,고정 지출을 다시 점검해볼 필요가 있는 날입니다. 빠르게 결정했던 구독이나 자동 결제 항목 중 실제로 쓰고 있지 않은 것이 있을 수 있습니다. 작은 금액이라도 새고 있는 부분을 오늘 하나씩 확인해 두시기 바랍니다.,오전 9시~11시,양자리는 에너지가 오전에 올라오는 타입입니다. 먼저 연락하거나 받거나 모두 오전이 가장 자연스럽게 연결됩니다.
양자리,금전운,"오늘 누군가에게 돈 관련 제안을 받을 가능성이 있습니다. 듣기에 그럴듯하고 빠르게 결정하고 싶어지겠지만, 양자리의 직감이 강한 날일수록 오히려 한 번 더 따져보는 것이 필요합니다. 서면으로 정리된 내용을 반드시 확인하고 나서 응답하시기 바랍니다.",오전 9시~11시,양자리는 에너지가 오전에 올라오는 타입입니다. 먼저 연락하거나 받거나 모두 오전이 가장 자연스럽게 연결됩니다.
양자리,금전운,소소하게 아꼈던 부분이 모여 의미 있는 금액으로 확인되는 날입니다. 평소에는 그냥 지나쳤을 캐시백이나 정산 내역을 오늘은 꼼꼼히 챙기시기 바랍니다. 큰 수익보다 작은 것을 놓치지 않는 하루가 결과적으로 더 실속 있는 날이 됩니다.,오전 9시~11시,양자리는 에너지가 오전에 올라오는 타입입니다. 먼저 연락하거나 받거나 모두 오전이 가장 자연스럽게 연결됩니다.
양자리,직장운,"오늘은 맡은 일이 생각보다 잘 풀리지 않아 답답함을 느낄 수 있습니다. 양자리 특유의 추진력이 오히려 조급함으로 이어질 수 있는 날이니, 속도를 한 박자 늦추는 것이 결과를 더 좋게 만듭니다. 빠르게 치고 나가는 것보다 오늘은 정확하게 마무리하는 쪽에 집중하시기 바랍니다.",오전 9시~11시,양자리는 에너지가 오전에 올라오는 타입입니다. 먼저 연락하거나 받거나 모두 오전이 가장 자연스럽게 연결됩니다.
양자리,직장운,"오늘 상사나 클라이언트의 피드백이 예상과 다르게 돌아올 수 있습니다. 즉각적으로 반응하고 싶은 충동이 올라오더라도, 그 자리에서 바로 대응하기보다 한 번 정리한 뒤 말하는 것이 훨씬 유리합니다. 오늘의 신중함이 내일의 신뢰로 연결됩니다.",오전 9시~11시,양자리는 에너지가 오전에 올라오는 타입입니다. 먼저 연락하거나 받거나 모두 오전이 가장 자연스럽게 연결됩니다.
양자리,직장운,"동시에 여러 업무가 쏟아지는 상황이 올 수 있는 날입니다. 양자리는 이 순간 모두 잡으려는 본능이 발동하지만, 오늘만큼은 우선순위를 먼저 정하고 하나씩 처리하는 방식이 결과적으로 더 많은 것을 해냅니다. 욕심을 줄이는 것이 오늘의 전략입니다.",오전 9시~11시,양자리는 에너지가 오전에 올라오는 타입입니다. 먼저 연락하거나 받거나 모두 오전이 가장 자연스럽게 연결됩니다.
양자리,직장운,"새로운 프로젝트나 역할을 제안받을 가능성이 있는 날입니다. 양자리 특성상 그 자리에서 바로 수락하고 싶어지지만, 오늘은 구체적인 조건과 범위를 먼저 확인하는 과정이 반드시 필요합니다. 빠른 결정보다 좋은 결정이 커리어에 더 오래 남습니다.",오전 9시~11시,양자리는 에너지가 오전에 올라오는 타입입니다. 먼저 연락하거나 받거나 모두 오전이 가장 자연스럽게 연결됩니다.
양자리,직장운,"혼자 처리하고 있는 업무가 생각보다 많다는 것을 오늘 문득 느낄 수 있습니다. 양자리는 남에게 맡기는 것이 불안하게 느껴지는 타입이지만, 오늘은 주변에 하나라도 넘기는 연습이 필요합니다. 일을 나누는 것이 신뢰를 쌓는 일이기도 합니다.",오전 9시~11시,양자리는 에너지가 오전에 올라오는 타입입니다. 먼저 연락하거나 받거나 모두 오전이 가장 자연스럽게 연결됩니다.
양자리,건강운,오늘은 평소보다 피로가 빠르게 쌓이는 날입니다. 양자리 특유의 추진력으로 이것저것 동시에 벌이다 보면 에너지가 예상보다 일찍 바닥날 수 있습니다. 하던 일을 잠깐 멈추고 물 한 잔 마시는 것부터 시작하시기 바랍니다.,오전 9시~11시,양자리는 에너지가 오전에 올라오는 타입입니다. 먼저 연락하거나 받거나 모두 오전이 가장 자연스럽게 연결됩니다.
양자리,건강운,오늘은 잠들기가 쉽지 않을 수 있습니다. 머릿속에서 내일 할 일들이 이미 돌아가고 있기 때문입니다. 자기 전 핸드폰을 내려놓고 조용히 누워 있는 시간을 10분이라도 확보하시기 바랍니다.,오전 9시~11시,양자리는 에너지가 오전에 올라오는 타입입니다. 먼저 연락하거나 받거나 모두 오전이 가장 자연스럽게 연결됩니다.
양자리,건강운,관절과 무릎에 무리가 가기 쉬운 날입니다. 빠르게 움직이고 싶은 충동이 강한 날일수록 워밍업 없이 바로 시작하는 습관이 나올 수 있습니다. 오늘만큼은 준비 동작을 건너뛰지 마시기 바랍니다.,오전 9시~11시,양자리는 에너지가 오전에 올라오는 타입입니다. 먼저 연락하거나 받거나 모두 오전이 가장 자연스럽게 연결됩니다.
양자리,건강운,감정 기복이 신체에 바로 영향을 주는 날입니다. 짜증이 나거나 답답한 순간에 식욕이 뚝 떨어지거나 반대로 과식으로 이어질 수 있습니다. 배가 고파서 먹는 건지 기분 때문에 먹는 건지 한 번 확인하고 드시기 바랍니다.,오전 9시~11시,양자리는 에너지가 오전에 올라오는 타입입니다. 먼저 연락하거나 받거나 모두 오전이 가장 자연스럽게 연결됩니다.
양자리,건강운,오늘은 눈의 피로가 쌓이기 쉬운 날입니다. 새로운 것에 빠르게 집중하는 양자리 특성상 화면을 끊임없이 들여다보는 시간이 길어질 수 있습니다. 의식적으로 눈을 감고 먼 곳을 바라보는 휴식을 챙기시기 바랍니다.,오전 9시~11시,양자리는 에너지가 오전에 올라오는 타입입니다. 먼저 연락하거나 받거나 모두 오전이 가장 자연스럽게 연결됩니다.
양자리,대인운,"오늘은 주변 사람들과의 거리가 평소보다 가깝게 느껴지는 날입니다. 양자리 특유의 직진 본능이 관계에서도 발휘되어, 하고 싶은 말을 망설임 없이 꺼내게 됩니다. 그 솔직함이 오늘만큼은 상대에게 신선하게 전달될 수 있으니 자신 있게 표현하시기 바랍니다.",오전 9시~11시,양자리는 에너지가 오전에 올라오는 타입입니다. 먼저 연락하거나 받거나 모두 오전이 가장 자연스럽게 연결됩니다.
양자리,대인운,연락이 뜸했던 사람에게 먼저 손을 내밀고 싶은 충동이 생길 수 있습니다. 양자리는 생각이 행동보다 한 박자 느린 경우가 거의 없습니다. 그 즉흥적인 연락이 오히려 상대에게 반가움으로 닿을 가능성이 높은 날입니다.,오전 9시~11시,양자리는 에너지가 오전에 올라오는 타입입니다. 먼저 연락하거나 받거나 모두 오전이 가장 자연스럽게 연결됩니다.
양자리,대인운,"가까운 사람과 의견 충돌이 생기더라도 오늘은 빠르게 풀릴 흐름입니다. 다만 양자리 특성상 이기고 싶은 마음이 앞설 수 있으니, 결론을 서두르기보다 상대의 말을 끝까지 듣는 것이 관계에 더 유리합니다.",오전 9시~11시,양자리는 에너지가 오전에 올라오는 타입입니다. 먼저 연락하거나 받거나 모두 오전이 가장 자연스럽게 연결됩니다.
양자리,대인운,"여러 사람과 동시에 약속이 겹치거나 대화가 한꺼번에 몰려드는 상황이 생길 수 있습니다. 양자리는 에너지가 넘칠 때는 모든 것을 감당할 수 있을 것 같지만, 중반 이후 피로감이 올 수 있습니다. 처음부터 감당할 수 있는 만큼만 응하시기 바랍니다.",오전 9시~11시,양자리는 에너지가 오전에 올라오는 타입입니다. 먼저 연락하거나 받거나 모두 오전이 가장 자연스럽게 연결됩니다.
양자리,대인운,"오늘 대화에서 당신의 한마디가 생각보다 큰 영향을 줄 수 있는 날입니다. 양자리의 말에는 추진력이 실리기 때문에, 무심코 던진 제안이 그대로 실행되는 방향으로 흘러갈 수 있습니다. 가볍게 꺼낸 말도 책임이 따를 수 있다는 점을 염두에 두시기 바랍니다.",오전 9시~11시,양자리는 에너지가 오전에 올라오는 타입입니다. 먼저 연락하거나 받거나 모두 오전이 가장 자연스럽게 연결됩니다.
양자리,행동운,오늘 무언가를 빠르게 결정해야 하는 상황이 생길 수 있습니다. 양자리는 직감이 가장 날카로운 순간에 최선의 선택을 합니다. 오래 따져보지 말고 지금 느껴지는 방향으로 움직여 보시기 바랍니다.,오전 9시~11시,양자리는 에너지가 오전에 올라오는 타입입니다. 먼저 연락하거나 받거나 모두 오전이 가장 자연스럽게 연결됩니다.
양자리,행동운,"지금 머릿속에 동시에 여러 가지가 떠올라 있다면, 그중 하나만 골라서 오늘 안에 끝내 보시기 바랍니다. 양자리는 시작하는 힘이 강한 만큼 마무리까지 가져가는 경험이 중요합니다. 오늘 그 경험을 하나 쌓는 날로 만들어 보시기 바랍니다.",오전 9시~11시,양자리는 에너지가 오전에 올라오는 타입입니다. 먼저 연락하거나 받거나 모두 오전이 가장 자연스럽게 연결됩니다.
양자리,행동운,오늘은 기다리는 것보다 먼저 연락하고 먼저 제안하는 쪽이 유리합니다. 양자리의 추진력이 오늘 상대방에게 긍정적인 인상을 줄 수 있습니다. 망설이는 시간이 길어질수록 기회가 흐려질 수 있습니다.,오전 9시~11시,양자리는 에너지가 오전에 올라오는 타입입니다. 먼저 연락하거나 받거나 모두 오전이 가장 자연스럽게 연결됩니다.
양자리,행동운,오늘 작은 결정을 자꾸 미루고 있다면 그것이 에너지를 가장 많이 소모하고 있을 가능성이 높습니다. 양자리는 결정을 내리는 순간 에너지가 살아납니다. 작은 것부터 빠르게 판단하고 다음으로 넘어가 보시기 바랍니다.,오전 9시~11시,양자리는 에너지가 오전에 올라오는 타입입니다. 먼저 연락하거나 받거나 모두 오전이 가장 자연스럽게 연결됩니다.
양자리,행동운,오늘 하려던 일을 앞두고 충동적으로 다른 것에 손이 갈 수 있습니다. 양자리 특유의 패턴이 나오는 날입니다. 그 충동을 잠깐 멈추고 원래 계획한 것을 먼저 끝낸 뒤 움직이면 오늘 하루가 훨씬 단단하게 마무리됩니다.,오전 9시~11시,양자리는 에너지가 오전에 올라오는 타입입니다. 먼저 연락하거나 받거나 모두 오전이 가장 자연스럽게 연결됩니다.
황소자리,총운,오늘 결정을 미루고 싶은 마음이 드는 것은 자연스러운 일입니다. 황소자리는 충분히 살피고 나서야 움직이는 타입입니다. 그 신중함이 오늘 당신을 지켜주는 힘이 됩니다.,오후 7시~9시,황소자리는 저녁에 마음이 열립니다. 편안한 분위기에서 나누는 대화가 가장 잘 닿는 타입입니다.
황소자리,총운,오늘은 멀리 보기보다 눈앞의 것을 단단히 붙잡는 날입니다. 거창한 계획보다 지금 손에 쥔 것을 잘 마무리하는 것이 더 큰 성과로 이어집니다. 황소자리의 꾸준함이 빛나는 하루입니다.,오후 7시~9시,황소자리는 저녁에 마음이 열립니다. 편안한 분위기에서 나누는 대화가 가장 잘 닿는 타입입니다.
황소자리,총운,오늘 주변에서 속도를 요구하는 상황이 생길 수 있습니다. 그러나 황소자리에게 맞지 않는 속도는 오히려 실수를 부릅니다. 당신의 페이스를 지키는 것이 가장 현명한 선택입니다.,오후 7시~9시,황소자리는 저녁에 마음이 열립니다. 편안한 분위기에서 나누는 대화가 가장 잘 닿는 타입입니다.
황소자리,총운,오늘 오랫동안 이어온 루틴이 든든한 버팀목이 되는 날입니다. 새로운 자극보다 익숙한 환경 안에서 집중력이 높아집니다. 지금 하던 것을 흔들림 없이 이어가시기 바랍니다.,오후 7시~9시,황소자리는 저녁에 마음이 열립니다. 편안한 분위기에서 나누는 대화가 가장 잘 닿는 타입입니다.
황소자리,총운,오늘 마음속에 쌓인 피로감이 느껴진다면 그것을 무시하지 마시기 바랍니다. 황소자리는 한번 지치면 회복에 시간이 걸리는 타입입니다. 오늘 하루 자신을 편안하게 두는 것 자체가 내일을 위한 준비입니다.,오후 7시~9시,황소자리는 저녁에 마음이 열립니다. 편안한 분위기에서 나누는 대화가 가장 잘 닿는 타입입니다.
황소자리,애정운,"누군가를 향한 마음이 생겼지만 쉽게 표현하지 못하고 있다면, 그것은 황소자리의 자연스러운 흐름입니다. 확신이 서기 전까지 천천히 살피는 것이 오히려 더 단단한 감정을 만들어 줍니다. 오늘은 그 마음을 억지로 꺼내지 않아도 됩니다.",오후 7시~9시,황소자리는 저녁에 마음이 열립니다. 편안한 분위기에서 나누는 대화가 가장 잘 닿는 타입입니다.
황소자리,애정운,"오늘은 관계에서 작은 불편함이 느껴질 수 있는 날입니다. 황소자리는 익숙한 것에서 편안함을 찾는 만큼, 낯선 변화에 마음이 움츠러들 수 있습니다. 그 감정을 상대에게 솔직하게 전하는 것이 관계를 더 가깝게 만드는 방법입니다.",오후 7시~9시,황소자리는 저녁에 마음이 열립니다. 편안한 분위기에서 나누는 대화가 가장 잘 닿는 타입입니다.
황소자리,애정운,"오랫동안 마음속에 담아두었던 말이 있다면 오늘 꺼내볼 만한 날입니다. 황소자리의 감정은 오래 묵을수록 깊어지기 때문에, 그 진심은 상대에게 충분히 닿을 것입니다. 완벽한 타이밍을 기다리기보다 지금 이 순간을 믿어보시기 바랍니다.",오후 7시~9시,황소자리는 저녁에 마음이 열립니다. 편안한 분위기에서 나누는 대화가 가장 잘 닿는 타입입니다.
황소자리,애정운,연인이나 가까운 사람과 함께하는 일상적인 시간이 오늘따라 더 소중하게 느껴질 수 있습니다. 황소자리는 거창한 표현보다 꾸준히 곁에 있어 주는 것으로 마음을 전하는 타입입니다. 오늘도 그 방식 그대로 충분히 빛나고 있습니다.,오후 7시~9시,황소자리는 저녁에 마음이 열립니다. 편안한 분위기에서 나누는 대화가 가장 잘 닿는 타입입니다.
황소자리,애정운,"상대방의 작은 변화나 새로운 시도가 부담스럽게 느껴지는 날일 수 있습니다. 모든 것을 즉시 받아들이지 않아도 되지만, 관계를 위해 한 발짝만 유연하게 움직여 보시기 바랍니다. 황소자리의 꾸준함 위에 작은 유연함이 더해질 때 관계는 더욱 깊어집니다.",오후 7시~9시,황소자리는 저녁에 마음이 열립니다. 편안한 분위기에서 나누는 대화가 가장 잘 닿는 타입입니다.
황소자리,금전운,요즘 들어가는 돈이 많다고 느끼실 수 있습니다. 하지만 오늘은 지출 흐름이 서서히 안정을 찾아가는 날입니다. 황소자리 특유의 끈기로 지금의 흐름을 버텨내시기 바랍니다.,오후 7시~9시,황소자리는 저녁에 마음이 열립니다. 편안한 분위기에서 나누는 대화가 가장 잘 닿는 타입입니다.
황소자리,금전운,수입이 늘어나기를 기다리고 계신 분들께 조금씩 신호가 보이기 시작하는 날입니다. 황소자리는 급하게 움직이지 않는 것이 강점입니다. 조급해하지 않고 기다리면 결과가 따라옵니다.,오후 7시~9시,황소자리는 저녁에 마음이 열립니다. 편안한 분위기에서 나누는 대화가 가장 잘 닿는 타입입니다.
황소자리,금전운,오늘 주변의 투자 정보나 재테크 이야기에 귀가 솔깃할 수 있습니다. 황소자리는 검증되지 않은 변화에 쉽게 뛰어들지 않는 것이 오히려 재산을 지키는 힘입니다. 지금은 새로운 시도보다 기존 방식을 유지하는 것이 유리합니다.,오후 7시~9시,황소자리는 저녁에 마음이 열립니다. 편안한 분위기에서 나누는 대화가 가장 잘 닿는 타입입니다.
황소자리,금전운,작은 소비 습관을 돌아보기 좋은 날입니다. 매일 반복되는 지출 항목 중 줄일 수 있는 것이 눈에 들어올 수 있습니다. 황소자리의 꼼꼼함이 발휘되면 생각보다 큰 절약으로 이어집니다.,오후 7시~9시,황소자리는 저녁에 마음이 열립니다. 편안한 분위기에서 나누는 대화가 가장 잘 닿는 타입입니다.
황소자리,금전운,오늘은 오랫동안 묵혀두었던 금전 관련 결정을 마무리하기에 좋은 날입니다. 황소자리는 한번 결심하면 끝까지 완수하는 힘이 있습니다. 미뤄왔던 계좌 정리나 지출 계획 수정을 오늘 마무리 지어 보시기 바랍니다.,오후 7시~9시,황소자리는 저녁에 마음이 열립니다. 편안한 분위기에서 나누는 대화가 가장 잘 닿는 타입입니다.
황소자리,직장운,"오늘은 주변의 속도에 맞추느라 지쳤다는 느낌이 들 수 있습니다. 황소자리는 본래 자신만의 리듬이 있으며, 그 리듬이 곧 강점입니다. 무리하게 보조를 맞추기보다 익숙한 방식으로 차분히 진행하는 것이 오늘 가장 좋은 선택입니다.",오후 7시~9시,황소자리는 저녁에 마음이 열립니다. 편안한 분위기에서 나누는 대화가 가장 잘 닿는 타입입니다.
황소자리,직장운,오늘은 오랫동안 준비해온 업무가 빛을 발하는 흐름입니다. 황소자리 특유의 꾸준함이 쌓여 신뢰로 돌아오는 날입니다. 단기적인 성과보다 지속적인 노력이 더 크게 인정받을 가능성이 높습니다.,오후 7시~9시,황소자리는 저녁에 마음이 열립니다. 편안한 분위기에서 나누는 대화가 가장 잘 닿는 타입입니다.
황소자리,직장운,직장 내에서 변화나 새로운 지시가 생겨 불편함을 느낄 수 있습니다. 당장 모든 것을 받아들이지 않아도 됩니다. 다만 완전히 닫기보다는 필요한 부분만 선별해 수용하는 유연함이 오늘 커리어에 도움이 됩니다.,오후 7시~9시,황소자리는 저녁에 마음이 열립니다. 편안한 분위기에서 나누는 대화가 가장 잘 닿는 타입입니다.
황소자리,직장운,"오늘은 세부적인 사항까지 꼼꼼히 점검하는 황소자리의 성향이 실질적인 성과로 이어집니다. 다른 사람이 놓친 부분을 발견하거나, 실수를 사전에 방지하는 역할을 하게 됩니다. 조용하지만 분명하게 존재감을 드러내는 날입니다.",오후 7시~9시,황소자리는 저녁에 마음이 열립니다. 편안한 분위기에서 나누는 대화가 가장 잘 닿는 타입입니다.
황소자리,직장운,오늘은 무리하게 새로운 성과를 내려 하기보다 현재 맡은 역할을 안정적으로 유지하는 것이 중요합니다. 황소자리는 흔들리지 않는 것 자체가 능력입니다. 묵묵히 자리를 지키는 모습이 상사와 동료에게 신뢰감을 심어주는 하루입니다.,오후 7시~9시,황소자리는 저녁에 마음이 열립니다. 편안한 분위기에서 나누는 대화가 가장 잘 닿는 타입입니다.
황소자리,건강운,"오늘은 몸이 평소보다 무겁게 느껴질 수 있습니다. 황소자리는 한번 쌓인 피로가 쉽게 풀리지 않는 타입이므로, 억지로 움직이기보다 몸이 원하는 속도를 그대로 따르는 것이 좋습니다. 오늘만큼은 쉬는 것도 실력입니다.",오후 7시~9시,황소자리는 저녁에 마음이 열립니다. 편안한 분위기에서 나누는 대화가 가장 잘 닿는 타입입니다.
황소자리,건강운,마음이 답답하거나 무언가 꽉 막힌 느낌이 드는 하루일 수 있습니다. 황소자리는 변화나 자극이 많을 때 정신적인 소모가 특히 크게 느껴지는 타입입니다. 조용한 공간에서 잠깐 혼자만의 시간을 갖는 것이 오늘 가장 좋은 회복법입니다.,오후 7시~9시,황소자리는 저녁에 마음이 열립니다. 편안한 분위기에서 나누는 대화가 가장 잘 닿는 타입입니다.
황소자리,건강운,"오늘은 소화 기능이 평소보다 예민해질 수 있습니다. 황소자리는 스트레스를 받으면 위장 쪽으로 신호가 오는 경우가 많으므로, 자극적인 음식보다는 따뜻하고 부드러운 것으로 속을 달래주시기 바랍니다.",오후 7시~9시,황소자리는 저녁에 마음이 열립니다. 편안한 분위기에서 나누는 대화가 가장 잘 닿는 타입입니다.
황소자리,건강운,몸을 새롭게 바꾸려는 시도보다 지금까지 해온 좋은 습관을 유지하는 것이 오늘의 건강 핵심입니다. 황소자리는 꾸준히 반복해온 루틴에서 진짜 체력이 쌓이는 타입입니다. 오늘 하루도 작은 습관 하나를 성실하게 지켜주시기 바랍니다.,오후 7시~9시,황소자리는 저녁에 마음이 열립니다. 편안한 분위기에서 나누는 대화가 가장 잘 닿는 타입입니다.
황소자리,건강운,"오늘은 눈의 피로가 쌓이기 쉬운 날입니다. 황소자리는 한 가지에 집중하면 멈추지 않고 끝까지 가려는 성향이 강하기 때문에, 자신도 모르게 무리하고 있을 수 있습니다. 중간중간 눈을 감고 잠시 쉬어주는 것만으로도 오늘 하루의 컨디션이 크게 달라집니다.",오후 7시~9시,황소자리는 저녁에 마음이 열립니다. 편안한 분위기에서 나누는 대화가 가장 잘 닿는 타입입니다.
황소자리,대인운,"오늘은 가까운 사람에게 먼저 연락하고 싶은 마음이 드는 날입니다. 황소자리는 관계에서 먼저 나서는 일이 드물지만, 오늘 그 작은 한 걸음이 오래된 인연을 다시 이어주는 계기가 됩니다.",오후 7시~9시,황소자리는 저녁에 마음이 열립니다. 편안한 분위기에서 나누는 대화가 가장 잘 닿는 타입입니다.
황소자리,대인운,"말수가 적은 황소자리지만 오늘은 표현하는 것이 중요합니다. 속으로만 담아두었던 고마움이나 미안함을 꺼내놓으면, 상대방과의 거리가 한층 가까워지는 것을 느낄 수 있습니다.",오후 7시~9시,황소자리는 저녁에 마음이 열립니다. 편안한 분위기에서 나누는 대화가 가장 잘 닿는 타입입니다.
황소자리,대인운,"오늘 주변 사람이 황소자리의 의견을 강하게 밀어붙일 수 있습니다. 자신의 방식이 옳다는 확신이 강한 만큼, 잠시 멈추고 상대의 입장을 들어보는 여유가 관계를 지키는 힘이 됩니다.",오후 7시~9시,황소자리는 저녁에 마음이 열립니다. 편안한 분위기에서 나누는 대화가 가장 잘 닿는 타입입니다.
황소자리,대인운,오늘은 오랫동안 소원했던 사람을 떠올리게 되는 날입니다. 황소자리는 변화를 꺼리지만 관계에서의 작은 변화는 때로 큰 회복을 가져옵니다. 용기를 내어 먼저 문을 두드려 보시기 바랍니다.,오후 7시~9시,황소자리는 저녁에 마음이 열립니다. 편안한 분위기에서 나누는 대화가 가장 잘 닿는 타입입니다.
황소자리,대인운,함께하는 시간이 길다고 해서 서로를 충분히 안다고 단정짓기 어렵습니다. 오늘은 익숙한 사람에게도 새롭게 질문을 건네보시기 바랍니다. 황소자리의 꾸준한 관심이 상대에게 깊은 신뢰로 전달되는 날입니다.,오후 7시~9시,황소자리는 저녁에 마음이 열립니다. 편안한 분위기에서 나누는 대화가 가장 잘 닿는 타입입니다.
황소자리,행동운,오늘 해야 할 일이 많아 막막하게 느껴질 수 있습니다. 그럴 때일수록 황소자리답게 가장 중요한 것 하나만 골라 그것부터 끝내는 방식이 맞습니다. 작은 완료가 쌓이면 오늘 하루가 단단하게 마무리됩니다.,오후 7시~9시,황소자리는 저녁에 마음이 열립니다. 편안한 분위기에서 나누는 대화가 가장 잘 닿는 타입입니다.
황소자리,행동운,"미뤄두었던 연락이나 답장이 있다면 오늘 보내는 것이 좋습니다. 황소자리는 한번 마음을 먹으면 흔들리지 않는 타입이니, 먼저 움직이는 쪽이 오늘 더 유리합니다. 작은 결단이 관계를 한 걸음 앞으로 나아가게 합니다.",오후 7시~9시,황소자리는 저녁에 마음이 열립니다. 편안한 분위기에서 나누는 대화가 가장 잘 닿는 타입입니다.
황소자리,행동운,"오늘은 새로운 방식보다 익숙한 방법으로 일을 처리하는 것이 더 잘 맞습니다. 검증되지 않은 방식에 에너지를 쓰기보다, 자신이 잘 아는 루트로 묵묵히 나아가는 것이 황소자리에게 가장 효과적입니다.",오후 7시~9시,황소자리는 저녁에 마음이 열립니다. 편안한 분위기에서 나누는 대화가 가장 잘 닿는 타입입니다.
황소자리,행동운,"결정을 앞두고 계속 망설이고 있다면 오늘은 그 결정을 내려도 되는 날입니다. 황소자리는 한번 방향을 정하면 끝까지 밀고 가는 힘이 있으니, 지금 선택하는 것이 더 오래 기다리는 것보다 낫습니다.",오후 7시~9시,황소자리는 저녁에 마음이 열립니다. 편안한 분위기에서 나누는 대화가 가장 잘 닿는 타입입니다.
황소자리,행동운,"오늘은 눈에 보이는 공간을 정리하는 것부터 시작하는 것이 좋습니다. 책상이나 가방 안을 간단히 정돈하는 것만으로도 머릿속이 함께 정리되고, 그 뒤에 해야 할 일들이 자연스럽게 손에 잡히기 시작합니다.",오후 7시~9시,황소자리는 저녁에 마음이 열립니다. 편안한 분위기에서 나누는 대화가 가장 잘 닿는 타입입니다.
쌍둥이자리,총운,"오늘은 머릿속이 유독 분주하게 돌아가는 날입니다. 쌍둥이자리 특유의 다중 사고 회로가 풀가동되고 있을 텐데, 오늘은 그 에너지를 흩뜨리지 말고 가장 중요한 방향 하나로 모아보시기 바랍니다. 집중한 만큼 결과가 따라오는 날입니다.",오전 10시~12시,쌍둥이자리는 오전 중반이 말이 잘 나오는 시간입니다. 이 시간대 연락이 가장 자연스럽게 이어집니다.
쌍둥이자리,총운,"오늘은 주변 사람들과의 연결이 자연스럽게 이어지는 날입니다. 쌍둥이자리의 탁월한 소통 능력이 자연스럽게 발휘되며, 대화 속에서 예상치 못한 기회가 열릴 수 있습니다. 먼저 말을 건네는 쪽이 유리한 날입니다.",오전 10시~12시,쌍둥이자리는 오전 중반이 말이 잘 나오는 시간입니다. 이 시간대 연락이 가장 자연스럽게 이어집니다.
쌍둥이자리,총운,"하고 싶은 것이 너무 많아 정작 아무것도 못 하는 기분이 드는 날입니다. 쌍둥이자리에게는 낯설지 않은 감각이지만, 오늘은 그 목록을 줄이는 것이 오히려 더 많이 나아가는 방법입니다. 하나를 완성하는 것이 열 개를 시작하는 것보다 강한 날입니다.",오전 10시~12시,쌍둥이자리는 오전 중반이 말이 잘 나오는 시간입니다. 이 시간대 연락이 가장 자연스럽게 이어집니다.
쌍둥이자리,총운,"오늘은 빠르게 판단을 내리고 싶은 충동이 강하게 올라오는 날입니다. 쌍둥이자리는 순간적인 직관이 뛰어난 편이지만, 오늘만큼은 결정을 조금 늦춰보시기 바랍니다. 잠깐의 여유가 더 나은 선택으로 이어지는 흐름입니다.",오전 10시~12시,쌍둥이자리는 오전 중반이 말이 잘 나오는 시간입니다. 이 시간대 연락이 가장 자연스럽게 이어집니다.
쌍둥이자리,총운,"오늘은 관심사가 여기저기 흩어지기 쉬운 날입니다. 쌍둥이자리의 호기심이 자극받는 정보나 사람이 많이 등장하지만, 모든 것에 반응하다 보면 정작 중요한 것을 놓칠 수 있습니다. 취사선택이 오늘의 핵심 전략입니다.",오전 10시~12시,쌍둥이자리는 오전 중반이 말이 잘 나오는 시간입니다. 이 시간대 연락이 가장 자연스럽게 이어집니다.
쌍둥이자리,애정운,오늘은 머릿속에 생각이 많아 정작 하고 싶은 말을 꺼내지 못하고 있을 수 있습니다. 쌍둥이자리는 생각이 말보다 빠를 때 오히려 표현이 엉키는 타입입니다. 오늘은 느끼는 것을 그대로 짧게 전달해보시기 바랍니다.,오전 10시~12시,쌍둥이자리는 오전 중반이 말이 잘 나오는 시간입니다. 이 시간대 연락이 가장 자연스럽게 이어집니다.
쌍둥이자리,애정운,관심이 가는 상대가 있다면 오늘 그 호기심을 감추지 않아도 됩니다. 쌍둥이자리의 자연스러운 질문과 반응은 상대에게 충분한 매력으로 전달될 수 있습니다. 궁금한 것을 먼저 물어보는 것이 오늘의 연결 방식입니다.,오전 10시~12시,쌍둥이자리는 오전 중반이 말이 잘 나오는 시간입니다. 이 시간대 연락이 가장 자연스럽게 이어집니다.
쌍둥이자리,애정운,오늘은 한 사람에게 집중하는 것이 생각보다 큰 힘을 발휘하는 날입니다. 여러 관계를 동시에 신경 쓰다 보면 정작 중요한 사람에게 소홀해질 수 있습니다. 오늘만큼은 한 사람에게 온전히 시선을 두어 보시기 바랍니다.,오전 10시~12시,쌍둥이자리는 오전 중반이 말이 잘 나오는 시간입니다. 이 시간대 연락이 가장 자연스럽게 이어집니다.
쌍둥이자리,애정운,대화의 흐름이 어색하게 끊겼던 관계가 있다면 오늘 다시 이어볼 수 있는 타이밍입니다. 가볍게 시작하는 한 마디가 쌓인 거리를 좁혀줄 수 있습니다. 쌍둥이자리는 말문을 여는 것만으로도 분위기를 바꾸는 능력이 있습니다.,오전 10시~12시,쌍둥이자리는 오전 중반이 말이 잘 나오는 시간입니다. 이 시간대 연락이 가장 자연스럽게 이어집니다.
쌍둥이자리,애정운,"오늘은 상대의 말 속에 담긴 의미를 조금 더 천천히 들여다볼 필요가 있습니다. 빠르게 반응하는 것이 익숙한 쌍둥이자리이지만, 오늘은 듣는 쪽에 무게를 두는 것이 관계에 더 깊은 신뢰를 만들어줄 수 있습니다.",오전 10시~12시,쌍둥이자리는 오전 중반이 말이 잘 나오는 시간입니다. 이 시간대 연락이 가장 자연스럽게 이어집니다.
쌍둥이자리,금전운,요즘 돈 쓸 곳이 너무 많아 어디서부터 시작해야 할지 모르는 날일 수 있습니다. 쌍둥이자리는 동시에 여러 방향으로 관심이 쏠리는 특성이 있어 오늘따라 지출 항목이 늘어날 수 있습니다. 소비 목록을 먼저 종이에 적어 우선순위를 정한 뒤 움직이시기 바랍니다.,오전 10시~12시,쌍둥이자리는 오전 중반이 말이 잘 나오는 시간입니다. 이 시간대 연락이 가장 자연스럽게 이어집니다.
쌍둥이자리,금전운,"오늘은 지인이나 온라인을 통해 재테크 정보가 귀에 들어오기 쉬운 날입니다. 쌍둥이자리의 빠른 정보 수집 능력이 빛을 발할 수 있지만, 들은 정보를 곧바로 행동으로 옮기는 것은 주의가 필요합니다. 수집한 내용을 정리해두고 며칠 뒤 다시 검토하는 과정을 거치시기 바랍니다.",오전 10시~12시,쌍둥이자리는 오전 중반이 말이 잘 나오는 시간입니다. 이 시간대 연락이 가장 자연스럽게 이어집니다.
쌍둥이자리,금전운,"말과 글로 부가 수입을 만들 수 있는 기회가 보이는 날입니다. 쌍둥이자리의 소통 능력은 콘텐츠, 강의, 컨설팅 등 다양한 수익 경로와 잘 맞습니다. 오늘 떠오르는 아이디어는 흘려보내지 말고 메모해두시기 바랍니다.",오전 10시~12시,쌍둥이자리는 오전 중반이 말이 잘 나오는 시간입니다. 이 시간대 연락이 가장 자연스럽게 이어집니다.
쌍둥이자리,금전운,오늘은 변덕이 금전 판단에 영향을 줄 수 있는 날입니다. 처음에 괜찮다고 생각했다가 금세 마음이 바뀌어 불필요한 결제가 반복될 수 있습니다. 큰 금액의 결정은 하루를 두고 같은 마음인지 확인한 뒤 진행하시기 바랍니다.,오전 10시~12시,쌍둥이자리는 오전 중반이 말이 잘 나오는 시간입니다. 이 시간대 연락이 가장 자연스럽게 이어집니다.
쌍둥이자리,금전운,여러 투자 방식에 동시에 관심이 생기는 날일 수 있습니다. 쌍둥이자리는 집중이 분산되기 쉬운 특성이 있어 한 번에 여러 곳에 소액을 나누다 보면 관리가 어려워질 수 있습니다. 오늘은 한 가지 방향을 깊이 공부하는 데 시간을 투자하시기 바랍니다.,오전 10시~12시,쌍둥이자리는 오전 중반이 말이 잘 나오는 시간입니다. 이 시간대 연락이 가장 자연스럽게 이어집니다.
쌍둥이자리,직장운,"오늘은 머릿속에 아이디어가 넘쳐 정리가 되지 않는 느낌이 들 수 있습니다. 쌍둥이자리 특유의 빠른 사고력이 오히려 업무 방향을 흐트러뜨릴 수 있으니, 시작 전 간단한 메모로 우선순위를 정리하는 것이 도움이 됩니다.",오전 10시~12시,쌍둥이자리는 오전 중반이 말이 잘 나오는 시간입니다. 이 시간대 연락이 가장 자연스럽게 이어집니다.
쌍둥이자리,직장운,동료나 상사와의 대화에서 자신의 생각을 명확하게 전달할 수 있는 날입니다. 평소 전달하지 못했던 의견이나 건의사항이 있다면 오늘 꺼내는 것이 좋은 흐름입니다.,오전 10시~12시,쌍둥이자리는 오전 중반이 말이 잘 나오는 시간입니다. 이 시간대 연락이 가장 자연스럽게 이어집니다.
쌍둥이자리,직장운,업무 중 예상치 못한 변수가 생기더라도 쌍둥이자리의 뛰어난 적응력이 상황을 무리 없이 이끌어 줄 것입니다. 당황하지 않고 유연하게 대처하는 것이 오늘의 강점이 됩니다.,오전 10시~12시,쌍둥이자리는 오전 중반이 말이 잘 나오는 시간입니다. 이 시간대 연락이 가장 자연스럽게 이어집니다.
쌍둥이자리,직장운,"여러 방향으로 생각이 퍼지는 날인 만큼, 혼자 결론을 내리려 하기보다 신뢰할 수 있는 동료와 논의하는 방식이 더 나은 결과를 만들어 줍니다. 협업에서 의외의 돌파구를 찾을 수 있습니다.",오전 10시~12시,쌍둥이자리는 오전 중반이 말이 잘 나오는 시간입니다. 이 시간대 연락이 가장 자연스럽게 이어집니다.
쌍둥이자리,직장운,오늘은 꼼꼼함이 요구되는 반복적인 업무보다 창의적인 기획이나 아이디어 도출 업무에서 두각을 나타낼 수 있습니다. 자신의 강점이 발휘될 수 있는 역할에 에너지를 집중하는 것이 현명한 선택입니다.,오전 10시~12시,쌍둥이자리는 오전 중반이 말이 잘 나오는 시간입니다. 이 시간대 연락이 가장 자연스럽게 이어집니다.
쌍둥이자리,건강운,오늘은 머릿속에서 여러 생각이 동시에 달리고 있어 피로감을 느끼기 쉬운 날입니다. 생각의 속도를 잠시 늦추고 한 가지에만 집중하는 시간을 의도적으로 만들어보시기 바랍니다.,오전 10시~12시,쌍둥이자리는 오전 중반이 말이 잘 나오는 시간입니다. 이 시간대 연락이 가장 자연스럽게 이어집니다.
쌍둥이자리,건강운,말을 많이 하거나 여러 대화를 동시에 이어가다 보면 에너지가 빠르게 소진될 수 있는 날입니다. 목과 어깨에 긴장이 쌓이기 쉬우니 틈틈이 스트레칭으로 풀어주시기 바랍니다.,오전 10시~12시,쌍둥이자리는 오전 중반이 말이 잘 나오는 시간입니다. 이 시간대 연락이 가장 자연스럽게 이어집니다.
쌍둥이자리,건강운,쌍둥이자리 특유의 빠른 전환력이 오늘은 오히려 몸의 리듬을 흐트러뜨릴 수 있습니다. 음식이나 카페인을 급하게 섭취하기보다 천천히 먹고 마시는 습관이 오늘 컨디션을 지켜줄 것입니다.,오전 10시~12시,쌍둥이자리는 오전 중반이 말이 잘 나오는 시간입니다. 이 시간대 연락이 가장 자연스럽게 이어집니다.
쌍둥이자리,건강운,정보와 자극을 많이 받아들인 하루였다면 오늘 저녁만큼은 조용히 자신을 돌보는 시간이 필요합니다. 짧은 명상이나 가벼운 호흡 정리만으로도 신경계가 안정되는 효과를 느낄 수 있습니다.,오전 10시~12시,쌍둥이자리는 오전 중반이 말이 잘 나오는 시간입니다. 이 시간대 연락이 가장 자연스럽게 이어집니다.
쌍둥이자리,건강운,온종일 여러 방향으로 에너지를 쏟다 보면 정작 몸의 신호를 놓치기 쉬운 날입니다. 두통이나 눈의 피로감이 느껴진다면 즉시 하던 일을 멈추고 충분한 수분을 보충해주시기 바랍니다.,오전 10시~12시,쌍둥이자리는 오전 중반이 말이 잘 나오는 시간입니다. 이 시간대 연락이 가장 자연스럽게 이어집니다.
쌍둥이자리,대인운,오늘은 누군가와 깊이 연결되고 싶은 마음이 드는 날입니다. 쌍둥이자리 특유의 빠른 말솜씨와 풍부한 화제가 대화를 자연스럽게 이끌어 줍니다. 먼저 말을 건네는 쪽이 되어도 좋은 날입니다.,오전 10시~12시,쌍둥이자리는 오전 중반이 말이 잘 나오는 시간입니다. 이 시간대 연락이 가장 자연스럽게 이어집니다.
쌍둥이자리,대인운,평소 어색하게 느껴지던 사람과 뜻밖의 공통점을 발견하기 좋은 날입니다. 쌍둥이자리의 폭넓은 관심사가 다양한 접점을 만들어 줍니다. 짧은 대화 한 마디가 새로운 인연의 시작이 될 수 있습니다.,오전 10시~12시,쌍둥이자리는 오전 중반이 말이 잘 나오는 시간입니다. 이 시간대 연락이 가장 자연스럽게 이어집니다.
쌍둥이자리,대인운,오늘은 여러 사람의 이야기를 동시에 듣고 조율하는 역할이 자연스럽게 맡겨지는 날입니다. 쌍둥이자리는 서로 다른 의견 사이에서 균형을 찾는 데 탁월한 능력을 발휘합니다. 그 자리에서 당신의 존재감이 빛을 발합니다.,오전 10시~12시,쌍둥이자리는 오전 중반이 말이 잘 나오는 시간입니다. 이 시간대 연락이 가장 자연스럽게 이어집니다.
쌍둥이자리,대인운,그동안 연락이 뜸했던 지인에게 먼저 메시지를 보내기 좋은 날입니다. 쌍둥이자리의 가볍고 위트 있는 한 마디가 오랜 거리감을 단번에 좁혀 줍니다. 관계는 작은 시도 하나로 다시 따뜻해질 수 있습니다.,오전 10시~12시,쌍둥이자리는 오전 중반이 말이 잘 나오는 시간입니다. 이 시간대 연락이 가장 자연스럽게 이어집니다.
쌍둥이자리,대인운,오늘은 대화 속에서 상대방이 미처 표현하지 못한 마음을 읽어내는 감각이 예리하게 작동합니다. 쌍둥이자리의 빠른 직관이 관계의 섬세한 부분을 포착하도록 도와줍니다. 그 통찰을 말로 전달하면 상대에게 큰 신뢰를 줄 수 있습니다.,오전 10시~12시,쌍둥이자리는 오전 중반이 말이 잘 나오는 시간입니다. 이 시간대 연락이 가장 자연스럽게 이어집니다.
쌍둥이자리,행동운,"요즘 머릿속에 생각이 너무 많아 정작 아무것도 못 하고 있다면, 오늘은 가장 작은 것 하나만 실제로 움직여 보시기 바랍니다. 쌍둥이자리는 동시에 여러 방향을 바라보는 힘이 있지만, 오늘은 그 중 단 하나에만 손을 얹는 날입니다.",오전 10시~12시,쌍둥이자리는 오전 중반이 말이 잘 나오는 시간입니다. 이 시간대 연락이 가장 자연스럽게 이어집니다.
쌍둥이자리,행동운,"하고 싶은 말이 많은 날이지만 오늘은 말보다 행동으로 먼저 증명하는 것이 더 효과적입니다. 쌍둥이자리의 빠른 판단력이 오늘은 실행력으로 이어질 수 있으니, 생각을 정리하기 전에 일단 첫 발을 내딛어 보시기 바랍니다.",오전 10시~12시,쌍둥이자리는 오전 중반이 말이 잘 나오는 시간입니다. 이 시간대 연락이 가장 자연스럽게 이어집니다.
쌍둥이자리,행동운,"오늘은 오래 고민해 온 결정을 실제로 확정 짓기에 적합한 날입니다. 쌍둥이자리 특유의 변덕이 오늘은 오히려 잠잠해지는 흐름이 있으니, 이 순간을 활용하여 보류 중이던 선택지에 마침표를 찍어 두시기 바랍니다.",오전 10시~12시,쌍둥이자리는 오전 중반이 말이 잘 나오는 시간입니다. 이 시간대 연락이 가장 자연스럽게 이어집니다.
쌍둥이자리,행동운,"집중력이 흩어진다고 느낀다면 오늘은 한 가지 일에만 시간 단위를 정해 몰입하는 방식으로 접근하시기 바랍니다. 쌍둥이자리는 구조를 스스로 만들어 줄 때 오히려 능률이 오르는 타입이며, 짧더라도 완결된 흐름 하나를 만들어 두는 것이 오늘의 행동 목표입니다.",오전 10시~12시,쌍둥이자리는 오전 중반이 말이 잘 나오는 시간입니다. 이 시간대 연락이 가장 자연스럽게 이어집니다.
쌍둥이자리,행동운,"오늘은 혼자 처리하려 했던 일을 적절한 상대에게 직접 제안하거나 요청하는 행동이 필요한 날입니다. 쌍둥이자리는 소통을 통해 일의 속도가 빨라지는 구조를 타고났으니, 오늘 한 통의 메시지나 짧은 대화가 생각보다 큰 진전을 만들어 줄 수 있습니다.",오전 10시~12시,쌍둥이자리는 오전 중반이 말이 잘 나오는 시간입니다. 이 시간대 연락이 가장 자연스럽게 이어집니다.
게자리,총운,오늘은 마음 한편에 설명하기 어려운 무게가 느껴지는 날입니다. 게자리는 그 무게를 혼자 감당하려는 경향이 있습니다. 오늘만큼은 그 짐을 내려놓고 신뢰하는 사람에게 기대어도 됩니다.,저녁 8시~10시,게자리는 밤에 감정이 열리는 타입입니다. 진심 어린 연락은 저녁 이후가 가장 잘 닿습니다.
게자리,총운,"오늘 주변 사람의 작은 말 한마디가 예상보다 깊이 남는 날입니다. 게자리는 상처를 오래 안고 가는 타입입니다. 그 말의 의도를 확대 해석하기 전에, 잠시 숨을 고르시기 바랍니다.",저녁 8시~10시,게자리는 밤에 감정이 열리는 타입입니다. 진심 어린 연락은 저녁 이후가 가장 잘 닿습니다.
게자리,총운,"오늘은 새로운 시도보다 익숙한 것에서 안정을 찾는 것이 맞는 날입니다. 무리하게 에너지를 밖으로 쓰기보다, 자신이 편안한 공간과 관계 안에 머무는 것이 오늘의 흐름에 맞습니다.",저녁 8시~10시,게자리는 밤에 감정이 열리는 타입입니다. 진심 어린 연락은 저녁 이후가 가장 잘 닿습니다.
게자리,총운,"오늘 누군가를 돕고 싶은 마음이 강하게 올라오는 날입니다. 게자리의 배려는 진심에서 나오는 것이지만, 오늘은 자신의 여력도 함께 살피시기 바랍니다. 내가 채워져 있어야 남에게도 온전히 줄 수 있습니다.",저녁 8시~10시,게자리는 밤에 감정이 열리는 타입입니다. 진심 어린 연락은 저녁 이후가 가장 잘 닿습니다.
게자리,총운,"오늘은 감정과 현실 사이에서 선택해야 하는 순간이 찾아올 수 있습니다. 게자리의 공감 능력은 때로 판단을 흐리게 만들기도 합니다. 상대의 감정에 끌려가지 않고, 자신의 중심을 먼저 잡은 뒤 움직이시기 바랍니다.",저녁 8시~10시,게자리는 밤에 감정이 열리는 타입입니다. 진심 어린 연락은 저녁 이후가 가장 잘 닿습니다.
게자리,애정운,가까운 사람의 말 한마디가 유독 깊이 박히는 날입니다. 게자리 특유의 예민한 감수성이 오늘따라 더욱 날카롭게 작동합니다. 상대의 의도를 확대 해석하기 전에 한 번 더 마음을 가다듬어 보시기 바랍니다.,저녁 8시~10시,게자리는 밤에 감정이 열리는 타입입니다. 진심 어린 연락은 저녁 이후가 가장 잘 닿습니다.
게자리,애정운,"오랫동안 마음속에 담아두었던 말이 있다면 오늘 꺼내보시기 바랍니다. 게자리는 감정을 오래 안고 있는 편인데, 그 무게를 혼자 지고 있을 필요는 없습니다. 상대방도 그 말을 기다리고 있을 수 있습니다.",저녁 8시~10시,게자리는 밤에 감정이 열리는 타입입니다. 진심 어린 연락은 저녁 이후가 가장 잘 닿습니다.
게자리,애정운,혼자 있고 싶은 마음과 연결되고 싶은 마음이 동시에 드는 날입니다. 게자리는 그 두 감정 사이에서 자주 흔들립니다. 오늘은 억지로 어느 쪽을 선택하기보다 자신의 리듬을 따르는 것이 관계에도 더 좋은 흐름을 만들어 줍니다.,저녁 8시~10시,게자리는 밤에 감정이 열리는 타입입니다. 진심 어린 연락은 저녁 이후가 가장 잘 닿습니다.
게자리,애정운,오늘 상대방의 사소한 행동이 서운함으로 남을 수 있습니다. 게자리는 작은 감정도 오래 기억하는 특성이 있습니다. 오늘 느낀 감정은 오늘 안에 정리하는 것이 관계를 건강하게 유지하는 데 도움이 됩니다.,저녁 8시~10시,게자리는 밤에 감정이 열리는 타입입니다. 진심 어린 연락은 저녁 이후가 가장 잘 닿습니다.
게자리,애정운,오늘은 새로운 만남보다 이미 깊어진 관계에서 따뜻함을 느끼는 날입니다. 오래 알고 지낸 사람과의 대화에서 뜻밖의 감동이 찾아올 수 있습니다. 그 연결이 게자리에게 오늘 가장 큰 위안이 될 것입니다.,저녁 8시~10시,게자리는 밤에 감정이 열리는 타입입니다. 진심 어린 연락은 저녁 이후가 가장 잘 닿습니다.
게자리,금전운,"가까운 사람의 어려움을 그냥 지나치지 못하는 날입니다. 마음이 앞서 지갑을 열기 전에, 내가 감당할 수 있는 범위인지 한 번 확인하시기 바랍니다. 배려는 아름답지만, 나의 재정 안정이 흔들리면 결국 더 큰 부담으로 돌아옵니다.",저녁 8시~10시,게자리는 밤에 감정이 열리는 타입입니다. 진심 어린 연락은 저녁 이후가 가장 잘 닿습니다.
게자리,금전운,감정이 가라앉지 않은 상태에서 큰 결정을 내리는 것은 오늘 피하시기 바랍니다. 마음이 흔들릴 때일수록 소비나 투자 판단이 평소와 달라질 수 있습니다. 결정은 감정이 안정된 뒤로 미루는 것이 현명합니다.,저녁 8시~10시,게자리는 밤에 감정이 열리는 타입입니다. 진심 어린 연락은 저녁 이후가 가장 잘 닿습니다.
게자리,금전운,"오래 마음에 담아두었던 지출 계획을 실행하기 좋은 날입니다. 충동이 아닌 오랜 고민 끝에 내린 선택이라면, 오늘 그 결정을 믿고 움직여도 됩니다. 진심이 담긴 소비는 후회로 남지 않습니다.",저녁 8시~10시,게자리는 밤에 감정이 열리는 타입입니다. 진심 어린 연락은 저녁 이후가 가장 잘 닿습니다.
게자리,금전운,"수입보다 지출이 많아지는 흐름이 감지되는 날입니다. 가족과 주변 사람을 챙기다 보면 어느새 예산이 초과되는 패턴이 생길 수 있으니, 오늘 하루 지출 내역을 꼼꼼히 확인하시기 바랍니다.",저녁 8시~10시,게자리는 밤에 감정이 열리는 타입입니다. 진심 어린 연락은 저녁 이후가 가장 잘 닿습니다.
게자리,금전운,"안정적인 보금자리와 일상을 지키기 위한 지출은 오늘 충분히 의미 있습니다. 단, 감정적 안도감을 돈으로 채우려는 시도는 잠시 멈추시기 바랍니다. 진짜 안정은 소비가 아닌 꾸준한 재정 관리에서 비롯됩니다.",저녁 8시~10시,게자리는 밤에 감정이 열리는 타입입니다. 진심 어린 연락은 저녁 이후가 가장 잘 닿습니다.
게자리,직장운,"오늘은 동료의 작은 말 한마디가 유독 마음에 남는 날입니다. 게자리 특유의 감수성이 높아져 있으니, 상처로 받아들이기 전에 상대의 의도를 한 번 더 헤아려 보시기 바랍니다. 그 여유가 불필요한 감정 소모를 줄여 줍니다.",저녁 8시~10시,게자리는 밤에 감정이 열리는 타입입니다. 진심 어린 연락은 저녁 이후가 가장 잘 닿습니다.
게자리,직장운,"오늘은 조용히 맡은 일을 완성해 나가는 것이 가장 큰 성과로 이어지는 날입니다. 게자리의 꼼꼼한 배려가 업무 완성도를 높여 주며, 눈에 띄지 않는 노력이 나중에 신뢰로 돌아옵니다.",저녁 8시~10시,게자리는 밤에 감정이 열리는 타입입니다. 진심 어린 연락은 저녁 이후가 가장 잘 닿습니다.
게자리,직장운,직장 내 갈등이 감지된다면 게자리는 중재자 역할을 자연스럽게 맡게 됩니다. 양쪽의 입장을 고루 이해하는 공감 능력이 오늘 팀 내 긴장을 완화하는 데 큰 힘이 됩니다. 다만 감정을 모두 떠안지 않도록 스스로를 먼저 살피시기 바랍니다.,저녁 8시~10시,게자리는 밤에 감정이 열리는 타입입니다. 진심 어린 연락은 저녁 이후가 가장 잘 닿습니다.
게자리,직장운,"오랫동안 쌓아온 업무 경험이 오늘 빛을 발하는 날입니다. 게자리는 사람과 상황을 오래 기억하는 능력이 있어, 과거의 사례에서 현재의 해법을 찾아내는 통찰이 돋보입니다.",저녁 8시~10시,게자리는 밤에 감정이 열리는 타입입니다. 진심 어린 연락은 저녁 이후가 가장 잘 닿습니다.
게자리,직장운,"오늘은 성과를 드러내기보다 관계를 다지는 데 집중하는 것이 커리어에 이롭습니다. 게자리의 진심 어린 배려는 당장의 결과물보다 더 오래 기억되며, 그 신뢰가 중요한 순간에 든든한 기반이 됩니다.",저녁 8시~10시,게자리는 밤에 감정이 열리는 타입입니다. 진심 어린 연락은 저녁 이후가 가장 잘 닿습니다.
게자리,건강운,가까운 사람의 일을 내 일처럼 걱정하느라 정작 자신의 몸을 돌보지 못한 날들이 있었을 것입니다. 오늘은 타인을 향하던 배려를 자신에게 먼저 돌려보시기 바랍니다. 게자리는 돌봄을 받을 때 에너지가 회복되는 별자리입니다.,저녁 8시~10시,게자리는 밤에 감정이 열리는 타입입니다. 진심 어린 연락은 저녁 이후가 가장 잘 닿습니다.
게자리,건강운,마음속에 오래 쌓아둔 감정이 있다면 오늘 몸이 먼저 신호를 보낼 수 있습니다. 뻐근한 어깨나 무거운 머리는 감정의 무게일 수 있으니 가볍게 스트레칭을 해보시기 바랍니다. 몸을 풀면 마음도 함께 가벼워집니다.,저녁 8시~10시,게자리는 밤에 감정이 열리는 타입입니다. 진심 어린 연락은 저녁 이후가 가장 잘 닿습니다.
게자리,건강운,오늘은 감정 소모가 예상보다 클 수 있는 날입니다. 게자리는 공감 능력이 뛰어난 만큼 주변의 감정을 쉽게 흡수하여 피로해지기 쉽습니다. 혼자만의 조용한 시간을 의도적으로 만들어 내면을 정돈하시기 바랍니다.,저녁 8시~10시,게자리는 밤에 감정이 열리는 타입입니다. 진심 어린 연락은 저녁 이후가 가장 잘 닿습니다.
게자리,건강운,수면의 질이 오늘 건강을 좌우하는 핵심이 됩니다. 잠들기 전 머릿속에 맴도는 걱정을 잠시 내려두고 따뜻한 음료 한 잔으로 몸의 긴장을 풀어주시기 바랍니다. 게자리는 충분한 수면이 확보될 때 다음 날의 감정 균형도 함께 잡힙니다.,저녁 8시~10시,게자리는 밤에 감정이 열리는 타입입니다. 진심 어린 연락은 저녁 이후가 가장 잘 닿습니다.
게자리,건강운,익숙한 공간과 루틴이 오늘 게자리의 몸을 안정시켜 줍니다. 무리하게 새로운 활동을 시도하기보다는 평소에 몸이 편안함을 느끼는 환경에 머무는 것이 좋습니다. 안정된 환경 속에서 심신이 함께 회복되는 날입니다.,저녁 8시~10시,게자리는 밤에 감정이 열리는 타입입니다. 진심 어린 연락은 저녁 이후가 가장 잘 닿습니다.
게자리,대인운,"오늘은 주변 사람의 작은 변화도 놓치지 않는 하루입니다. 게자리 특유의 섬세한 감각이 빛을 발하며, 말하지 않아도 상대의 마음을 먼저 알아채는 순간이 찾아옵니다. 그 따뜻한 시선이 관계를 한층 깊게 만드는 힘이 됩니다.",저녁 8시~10시,게자리는 밤에 감정이 열리는 타입입니다. 진심 어린 연락은 저녁 이후가 가장 잘 닿습니다.
게자리,대인운,오랫동안 연락이 뜸했던 사람에게 먼저 손을 내밀고 싶은 마음이 드는 날입니다. 그 감정을 자연스럽게 따라가는 것이 좋습니다. 작은 안부 한 마디가 오랜 인연을 다시 이어주는 계기가 될 수 있습니다.,저녁 8시~10시,게자리는 밤에 감정이 열리는 타입입니다. 진심 어린 연락은 저녁 이후가 가장 잘 닿습니다.
게자리,대인운,"누군가와의 대화에서 오해가 생길 수 있는 흐름이 감지됩니다. 게자리는 상처를 쉽게 안고 가는 편이므로, 감정이 엉키기 전에 솔직하게 마음을 전하는 것이 관계를 지키는 방법입니다.",저녁 8시~10시,게자리는 밤에 감정이 열리는 타입입니다. 진심 어린 연락은 저녁 이후가 가장 잘 닿습니다.
게자리,대인운,"오늘은 내가 받는 것보다 주는 역할이 더 자연스럽게 맞는 날입니다. 배려와 공감으로 상대에게 편안함을 건네다 보면, 그 온기가 결국 나에게도 돌아오는 흐름이 만들어집니다.",저녁 8시~10시,게자리는 밤에 감정이 열리는 타입입니다. 진심 어린 연락은 저녁 이후가 가장 잘 닿습니다.
게자리,대인운,"평소 속마음을 잘 드러내지 않던 사람이 오늘따라 마음을 열어 보이는 상황이 생길 수 있습니다. 게자리의 깊은 공감 능력이 상대에게 안전한 울타리가 되어주며, 그 신뢰가 관계의 새로운 전환점이 될 수 있습니다.",저녁 8시~10시,게자리는 밤에 감정이 열리는 타입입니다. 진심 어린 연락은 저녁 이후가 가장 잘 닿습니다.
게자리,행동운,"누군가의 말이 마음에 걸려 쉽게 털어내지 못하고 있다면, 오늘은 그 감정을 억누르기보다 솔직하게 표현해 보시기 바랍니다. 말하지 않으면 상대는 알 수 없고, 게자리는 혼자 너무 오래 안고 있는 경향이 있습니다. 오늘은 용기를 내어 한 마디를 꺼내는 것이 관계를 회복하는 첫걸음이 됩니다.",저녁 8시~10시,게자리는 밤에 감정이 열리는 타입입니다. 진심 어린 연락은 저녁 이후가 가장 잘 닿습니다.
게자리,행동운,"오늘은 오랫동안 망설여 온 결정을 내리기에 좋은 날입니다. 감정이 안정된 상태에서 직관이 선명하게 작동하고 있으니, 머릿속으로만 맴돌던 선택을 실제 행동으로 옮겨 보시기 바랍니다. 작은 결정 하나가 지금의 정체된 흐름을 바꾸는 계기가 됩니다.",저녁 8시~10시,게자리는 밤에 감정이 열리는 타입입니다. 진심 어린 연락은 저녁 이후가 가장 잘 닿습니다.
게자리,행동운,"가까운 사람에게 받은 상처를 아직 마음에 담아두고 있다면, 오늘은 그 감정을 글로 적어 정리해 보시기 바랍니다. 일기나 메모 형식으로 감정을 바깥으로 꺼내는 것만으로도 마음의 무게가 한결 가벼워집니다. 게자리에게 감정을 내려놓는 연습은 중요한 자기 돌봄입니다.",저녁 8시~10시,게자리는 밤에 감정이 열리는 타입입니다. 진심 어린 연락은 저녁 이후가 가장 잘 닿습니다.
게자리,행동운,"오늘은 오로지 나를 위한 약속을 하나 잡아 보시기 바랍니다. 좋아하는 카페에 혼자 앉아 있거나, 보고 싶었던 영화를 보는 것처럼 작은 것으로도 충분합니다. 늘 타인의 감정을 먼저 살피는 게자리에게, 오늘만큼은 자신이 우선순위가 되어야 합니다.",저녁 8시~10시,게자리는 밤에 감정이 열리는 타입입니다. 진심 어린 연락은 저녁 이후가 가장 잘 닿습니다.
게자리,행동운,"신뢰할 수 있는 사람에게 요즘 상황을 솔직하게 털어놓는 것을 오늘 실천해 보시기 바랍니다. 혼자 감당하려는 습관이 오히려 지침을 가중시키고 있을 수 있습니다. 게자리의 공감 능력은 나누는 관계에서 더욱 단단해지며, 말을 꺼내는 것 자체가 오늘의 중요한 행동입니다.",저녁 8시~10시,게자리는 밤에 감정이 열리는 타입입니다. 진심 어린 연락은 저녁 이후가 가장 잘 닿습니다.
사자자리,총운,오늘은 주변의 시선이 자연스럽게 당신에게 모이는 날입니다. 특별히 나서지 않아도 존재 자체가 분위기를 이끌게 됩니다. 그 흐름을 믿고 자신 있게 움직여 보시기 바랍니다.,오전 11시~오후 1시,사자자리는 하루가 달아오른 오전 후반이 에너지가 가장 높습니다. 이 시간에 나누는 연락이 인상에 남습니다.
사자자리,총운,자존심이 건드려지는 순간이 올 수 있는 날입니다. 그 감정을 억누르기보다 품위 있게 표현하는 것이 오늘의 핵심입니다. 사자자리의 진짜 강함은 흔들리지 않는 태도에서 나옵니다.,오전 11시~오후 1시,사자자리는 하루가 달아오른 오전 후반이 에너지가 가장 높습니다. 이 시간에 나누는 연락이 인상에 남습니다.
사자자리,총운,오늘은 당신의 카리스마가 주변 사람들에게 긍정적인 영향을 주는 날입니다. 누군가 결정을 망설이고 있다면 먼저 방향을 제시해 보시기 바랍니다. 당신의 한마디가 상황 전체를 바꾸는 힘을 가지고 있습니다.,오전 11시~오후 1시,사자자리는 하루가 달아오른 오전 후반이 에너지가 가장 높습니다. 이 시간에 나누는 연락이 인상에 남습니다.
사자자리,총운,오늘은 인정받기를 기다리기보다 먼저 당신의 성과를 드러내는 것이 유리한 날입니다. 숨겨둔 노력을 꺼내어 보여줄 적절한 타이밍이 찾아옵니다. 빛나고 싶은 욕구를 행동으로 연결해 보시기 바랍니다.,오전 11시~오후 1시,사자자리는 하루가 달아오른 오전 후반이 에너지가 가장 높습니다. 이 시간에 나누는 연락이 인상에 남습니다.
사자자리,총운,오늘은 에너지가 넘치지만 혼자 모든 것을 짊어지려는 경향이 강해지는 날입니다. 리더는 이끌되 함께 가는 사람도 챙겨야 한다는 점을 기억해 보시기 바랍니다. 그 균형이 오늘 당신의 빛을 더욱 돋보이게 합니다.,오전 11시~오후 1시,사자자리는 하루가 달아오른 오전 후반이 에너지가 가장 높습니다. 이 시간에 나누는 연락이 인상에 남습니다.
사자자리,애정운,"오늘은 당신의 빛나는 존재감이 주변 사람의 마음을 자연스럽게 끌어당기는 날입니다. 평소보다 당신의 매력이 선명하게 전달되므로, 마음에 둔 사람이 있다면 망설이지 말고 다가가시기 바랍니다. 당신이 먼저 움직일 때 관계가 새로운 방향으로 열립니다.",오전 11시~오후 1시,사자자리는 하루가 달아오른 오전 후반이 에너지가 가장 높습니다. 이 시간에 나누는 연락이 인상에 남습니다.
사자자리,애정운,상대방에게 충분히 인정받지 못하고 있다는 느낌이 드는 날입니다. 그 감정을 혼자 삭이기보다는 솔직하게 이야기하는 것이 관계를 더 깊게 만드는 계기가 됩니다. 당신의 자존심을 지키면서도 진심을 전달하는 것이 오늘의 핵심입니다.,오전 11시~오후 1시,사자자리는 하루가 달아오른 오전 후반이 에너지가 가장 높습니다. 이 시간에 나누는 연락이 인상에 남습니다.
사자자리,애정운,"오늘은 당신이 관계의 중심에 서고 싶은 마음이 어느 때보다 강하게 느껴지는 날입니다. 그 에너지를 상대방을 이끌고 배려하는 방향으로 사용한다면, 카리스마 있는 모습이 오히려 깊은 신뢰로 이어집니다. 리더십은 관계에서도 빛을 발할 수 있습니다.",오전 11시~오후 1시,사자자리는 하루가 달아오른 오전 후반이 에너지가 가장 높습니다. 이 시간에 나누는 연락이 인상에 남습니다.
사자자리,애정운,오늘 당신이 용기를 내어 먼저 감정을 표현한다면 상대방도 마음을 열 가능성이 높은 날입니다. 사자자리 특유의 따뜻하고 당당한 고백은 상대방에게 강한 인상을 남깁니다. 표현하지 않으면 전달되지 않는다는 사실을 오늘만큼은 기억하시기 바랍니다.,오전 11시~오후 1시,사자자리는 하루가 달아오른 오전 후반이 에너지가 가장 높습니다. 이 시간에 나누는 연락이 인상에 남습니다.
사자자리,애정운,가까운 관계에서 자존심 때문에 먼저 손을 내밀기 어렵게 느껴지는 날입니다. 그러나 오늘은 당신이 한 발 먼저 다가갈 때 상대방이 그 진심을 더욱 크게 받아들이는 흐름입니다. 강한 사람일수록 먼저 마음을 여는 것이 진정한 용기임을 잊지 마시기 바랍니다.,오전 11시~오후 1시,사자자리는 하루가 달아오른 오전 후반이 에너지가 가장 높습니다. 이 시간에 나누는 연락이 인상에 남습니다.
사자자리,금전운,"오늘은 당신의 존재감이 돈을 끌어당기는 날입니다. 카리스마 있는 한마디가 협상 자리에서 큰 힘을 발휘할 수 있으니, 중요한 금전 대화가 있다면 자신 있게 임하시기 바랍니다.",오전 11시~오후 1시,사자자리는 하루가 달아오른 오전 후반이 에너지가 가장 높습니다. 이 시간에 나누는 연락이 인상에 남습니다.
사자자리,금전운,자존심 때문에 손해를 감수하는 상황이 생길 수 있는 날입니다. 체면보다 실리를 먼저 챙기는 것이 오늘의 현명한 선택이 될 수 있습니다.,오전 11시~오후 1시,사자자리는 하루가 달아오른 오전 후반이 에너지가 가장 높습니다. 이 시간에 나누는 연락이 인상에 남습니다.
사자자리,금전운,"오늘은 리더십이 수입으로 연결되는 흐름이 보이는 날입니다. 팀이나 모임에서 주도적인 역할을 맡게 된다면, 그 자리가 뜻밖의 금전적 기회로 이어질 수 있습니다.",오전 11시~오후 1시,사자자리는 하루가 달아오른 오전 후반이 에너지가 가장 높습니다. 이 시간에 나누는 연락이 인상에 남습니다.
사자자리,금전운,인정받고 싶은 마음이 과한 지출로 이어지지 않도록 주의가 필요한 날입니다. 타인의 시선을 의식한 소비보다는 실질적인 가치에 집중하시기 바랍니다.,오전 11시~오후 1시,사자자리는 하루가 달아오른 오전 후반이 에너지가 가장 높습니다. 이 시간에 나누는 연락이 인상에 남습니다.
사자자리,금전운,"오늘은 당신의 이름값이 빛을 발하는 날입니다. 그동안 쌓아온 신뢰와 평판이 금전적 제안이나 새로운 수입 경로로 돌아올 수 있으니, 주변의 연락에 귀를 기울이시기 바랍니다.",오전 11시~오후 1시,사자자리는 하루가 달아오른 오전 후반이 에너지가 가장 높습니다. 이 시간에 나누는 연락이 인상에 남습니다.
사자자리,직장운,오늘은 그동안 묵묵히 쌓아온 노력이 주변의 눈에 띄는 날입니다. 상사나 동료가 먼저 당신의 역량을 알아보고 인정하는 상황이 생길 수 있습니다. 그 순간을 자신감 있게 받아들이시기 바랍니다.,오전 11시~오후 1시,사자자리는 하루가 달아오른 오전 후반이 에너지가 가장 높습니다. 이 시간에 나누는 연락이 인상에 남습니다.
사자자리,직장운,"오늘은 회의나 논의 자리에서 당신의 발언이 분위기를 주도하는 흐름이 만들어집니다. 카리스마 있는 태도가 자연스럽게 신뢰감을 형성하며, 중요한 결정 과정에서 핵심 역할을 맡게 될 수 있습니다.",오전 11시~오후 1시,사자자리는 하루가 달아오른 오전 후반이 에너지가 가장 높습니다. 이 시간에 나누는 연락이 인상에 남습니다.
사자자리,직장운,"오늘은 그동안 제대로 평가받지 못했다는 아쉬움이 해소되는 흐름입니다. 성과가 가시적으로 드러나는 상황이 생기며, 스스로의 존재감을 직장 안에서 다시 한번 확인하게 됩니다.",오전 11시~오후 1시,사자자리는 하루가 달아오른 오전 후반이 에너지가 가장 높습니다. 이 시간에 나누는 연락이 인상에 남습니다.
사자자리,직장운,오늘은 새로운 프로젝트나 업무에서 주도권을 쥐기 좋은 날입니다. 적극적으로 의견을 제시하고 방향을 제안할수록 주변의 신뢰와 지지가 따라오는 흐름이 형성됩니다.,오전 11시~오후 1시,사자자리는 하루가 달아오른 오전 후반이 에너지가 가장 높습니다. 이 시간에 나누는 연락이 인상에 남습니다.
사자자리,직장운,"오늘은 경쟁 구도보다 협력 안에서 빛나는 날입니다. 팀원들을 격려하고 이끄는 과정에서 리더로서의 자질이 자연스럽게 드러나며, 그 모습이 직장 내 평판을 높이는 계기가 됩니다.",오전 11시~오후 1시,사자자리는 하루가 달아오른 오전 후반이 에너지가 가장 높습니다. 이 시간에 나누는 연락이 인상에 남습니다.
사자자리,건강운,무대 위에 서기 위해 오늘도 최선을 다하고 싶은 마음이 느껴집니다. 그러나 지금 몸이 보내는 피로 신호를 외면하지 마시기 바랍니다. 강한 존재감은 건강한 몸에서 비롯됩니다.,오전 11시~오후 1시,사자자리는 하루가 달아오른 오전 후반이 에너지가 가장 높습니다. 이 시간에 나누는 연락이 인상에 남습니다.
사자자리,건강운,오늘은 자신의 빛나는 에너지를 내면으로 돌릴 필요가 있는 날입니다. 타인에게 인정받으려는 노력보다 자신의 몸 상태를 먼저 점검하는 것이 현명합니다. 충분한 수분 섭취와 짧은 휴식이 오늘의 최선입니다.,오전 11시~오후 1시,사자자리는 하루가 달아오른 오전 후반이 에너지가 가장 높습니다. 이 시간에 나누는 연락이 인상에 남습니다.
사자자리,건강운,리더로서 모든 것을 혼자 감당하려는 부담이 몸에 쌓이고 있는 날입니다. 긴장된 어깨와 목을 풀어주는 스트레칭으로 하루를 시작하시기 바랍니다. 몸의 긴장이 풀릴 때 정신의 카리스마도 더욱 선명해집니다.,오전 11시~오후 1시,사자자리는 하루가 달아오른 오전 후반이 에너지가 가장 높습니다. 이 시간에 나누는 연락이 인상에 남습니다.
사자자리,건강운,오늘은 자존심을 잠시 내려놓고 몸이 원하는 것에 귀를 기울이는 것이 중요합니다. 무리한 활동보다 가벼운 산책이나 조용한 명상이 실질적인 회복에 도움이 됩니다. 진정한 강함은 자신을 돌볼 줄 아는 데 있습니다.,오전 11시~오후 1시,사자자리는 하루가 달아오른 오전 후반이 에너지가 가장 높습니다. 이 시간에 나누는 연락이 인상에 남습니다.
사자자리,건강운,"활력이 넘치는 날로, 평소보다 신체 능력이 향상된 것을 느낄 수 있는 날입니다. 다만 넘치는 에너지에 취해 무리하게 한계를 시험하는 것은 삼가시기 바랍니다. 오늘의 좋은 컨디션을 내일까지 이어가는 것이 더욱 현명한 선택입니다.",오전 11시~오후 1시,사자자리는 하루가 달아오른 오전 후반이 에너지가 가장 높습니다. 이 시간에 나누는 연락이 인상에 남습니다.
사자자리,대인운,"오늘은 주변의 시선이 자연스럽게 사자자리에게 향하는 날입니다. 말 한마디, 행동 하나에 무게감이 실리며 사람들의 기억에 또렷하게 남습니다. 평소보다 조금 더 당당하게 자신을 표현하는 것이 좋습니다.",오전 11시~오후 1시,사자자리는 하루가 달아오른 오전 후반이 에너지가 가장 높습니다. 이 시간에 나누는 연락이 인상에 남습니다.
사자자리,대인운,오늘은 갈등이 있던 사람과 관계를 회복할 수 있는 흐름이 형성됩니다. 사자자리의 솔직하고 당찬 말투가 오히려 상대의 마음을 열게 만듭니다. 먼저 손을 내밀 용기가 좋은 결과를 가져다줍니다.,오전 11시~오후 1시,사자자리는 하루가 달아오른 오전 후반이 에너지가 가장 높습니다. 이 시간에 나누는 연락이 인상에 남습니다.
사자자리,대인운,"오늘은 혼자 이끌기보다 함께 빛나는 방향이 더 큰 힘을 발휘하는 날입니다. 사자자리의 카리스마가 팀 전체의 분위기를 끌어올리며, 주변 사람들이 사자자리로 인해 동기를 얻습니다. 리더십이 가장 빛나는 형태로 발휘되는 하루입니다.",오전 11시~오후 1시,사자자리는 하루가 달아오른 오전 후반이 에너지가 가장 높습니다. 이 시간에 나누는 연락이 인상에 남습니다.
사자자리,대인운,오늘은 오랫동안 연락이 닿지 않던 인연에게서 소식이 올 수 있는 날입니다. 사자자리의 존재감은 멀리 있어도 쉽게 잊히지 않습니다. 반갑게 응답하는 것만으로도 좋은 縁이 이어집니다.,오전 11시~오후 1시,사자자리는 하루가 달아오른 오전 후반이 에너지가 가장 높습니다. 이 시간에 나누는 연락이 인상에 남습니다.
사자자리,대인운,"오늘은 누군가의 고민을 들어주는 자리에 서게 될 수 있는 날입니다. 사자자리의 자신감 있는 태도와 따뜻한 진심이 상대에게 큰 위로가 됩니다. 인정받고 싶은 마음을 잠시 내려놓고 상대에게 집중할 때, 오히려 더 깊은 신뢰를 얻게 됩니다.",오전 11시~오후 1시,사자자리는 하루가 달아오른 오전 후반이 에너지가 가장 높습니다. 이 시간에 나누는 연락이 인상에 남습니다.
사자자리,행동운,때로는 앞에 나서는 것이 부담스럽게 느껴질 수 있습니다. 하지만 오늘은 그 부담을 내려놓고 먼저 손을 드는 날입니다. 사자자리의 존재감은 기다림이 아닌 행동 속에서 빛을 발합니다.,오전 11시~오후 1시,사자자리는 하루가 달아오른 오전 후반이 에너지가 가장 높습니다. 이 시간에 나누는 연락이 인상에 남습니다.
사자자리,행동운,중요한 결정을 앞두고 망설이고 있다면 오늘 그 결정을 내리는 것이 좋습니다. 사자자리는 결단력 있는 태도 자체가 주변에 신뢰를 심어주는 타입입니다. 오래 고민하기보다 지금 움직이는 것이 더 큰 결과를 만들어 냅니다.,오전 11시~오후 1시,사자자리는 하루가 달아오른 오전 후반이 에너지가 가장 높습니다. 이 시간에 나누는 연락이 인상에 남습니다.
사자자리,행동운,오늘은 자신의 의견을 분명하게 말하는 것이 가장 강력한 행동입니다. 흐릿한 태도보다 명확한 한마디가 오늘의 상황을 주도하는 힘이 됩니다. 사자자리답게 자신의 목소리를 당당히 내는 날입니다.,오전 11시~오후 1시,사자자리는 하루가 달아오른 오전 후반이 에너지가 가장 높습니다. 이 시간에 나누는 연락이 인상에 남습니다.
사자자리,행동운,혼자 해결하려 애쓰고 있다면 오늘은 도움을 요청하는 것 자체가 용기 있는 행동입니다. 리더십은 혼자 다 짊어지는 것이 아니라 상황을 올바르게 이끄는 것에서 나옵니다. 필요한 것을 명확히 말하고 협력을 이끌어내는 날입니다.,오전 11시~오후 1시,사자자리는 하루가 달아오른 오전 후반이 에너지가 가장 높습니다. 이 시간에 나누는 연락이 인상에 남습니다.
사자자리,행동운,오늘은 이미 알고 있는 것을 실제로 실행에 옮기는 날입니다. 계획을 다듬는 시간보다 단 하나라도 직접 움직이는 것이 오늘의 흐름과 맞습니다. 사자자리의 진가는 무대 위에 서는 순간 드러납니다.,오전 11시~오후 1시,사자자리는 하루가 달아오른 오전 후반이 에너지가 가장 높습니다. 이 시간에 나누는 연락이 인상에 남습니다.
처녀자리,총운,"오늘 하루 해야 할 일이 머릿속에 가득 쌓인 느낌이 드실 수 있습니다. 모든 것을 한 번에 완벽하게 처리하려 하기보다, 우선순위를 정해 하나씩 풀어가는 것이 오늘의 흐름에 맞습니다.",오전 9시~11시,처녀자리는 오전에 머리가 가장 잘 돌아갑니다. 중요한 연락은 이 시간에 보내는 게 가장 정확하게 전달됩니다.
처녀자리,총운,처녀자리의 성실함이 오늘 주변 사람들에게 자연스럽게 전달되는 날입니다. 말보다 행동으로 신뢰를 쌓아온 결과가 오늘 조용히 빛을 발할 수 있습니다.,오전 9시~11시,처녀자리는 오전에 머리가 가장 잘 돌아갑니다. 중요한 연락은 이 시간에 보내는 게 가장 정확하게 전달됩니다.
처녀자리,총운,"오늘은 작은 실수에 필요 이상으로 에너지를 소모하게 될 수 있습니다. 실수는 과정의 일부임을 기억하시고, 수정 후 다시 앞으로 나아가는 데 집중하시기 바랍니다.",오전 9시~11시,처녀자리는 오전에 머리가 가장 잘 돌아갑니다. 중요한 연락은 이 시간에 보내는 게 가장 정확하게 전달됩니다.
처녀자리,총운,세부적인 계획을 세우는 능력이 오늘 특히 강하게 발휘됩니다. 다만 계획에 너무 오랜 시간을 쏟기보다 실행에 옮기는 순간을 놓치지 않도록 주의하시기 바랍니다.,오전 9시~11시,처녀자리는 오전에 머리가 가장 잘 돌아갑니다. 중요한 연락은 이 시간에 보내는 게 가장 정확하게 전달됩니다.
처녀자리,총운,오늘 에너지의 흐름은 차분하고 안정적입니다. 화려한 결과보다 꾸준하고 정확한 과정을 이어가는 것이 오늘 처녀자리에게 가장 잘 맞는 방향입니다.,오전 9시~11시,처녀자리는 오전에 머리가 가장 잘 돌아갑니다. 중요한 연락은 이 시간에 보내는 게 가장 정확하게 전달됩니다.
처녀자리,애정운,"마음속에 하고 싶은 말이 있지만 좀처럼 꺼내지 못하고 있다면, 오늘은 그 망설임을 내려놓을 때입니다. 완벽한 표현을 찾으려 할수록 전하고 싶은 마음은 멀어지기 마련입니다. 다듬어지지 않은 말이라도 진심은 충분히 전달됩니다.",오전 9시~11시,처녀자리는 오전에 머리가 가장 잘 돌아갑니다. 중요한 연락은 이 시간에 보내는 게 가장 정확하게 전달됩니다.
처녀자리,애정운,오늘은 상대방을 분석하는 눈보다 느끼는 마음을 앞세우시기 바랍니다. 처녀자리 특유의 날카로운 관찰력이 관계 안에서는 때로 상대를 불편하게 만들 수 있습니다. 있는 그대로를 받아들이는 연습이 오늘의 애정운을 부드럽게 열어줍니다.,오전 9시~11시,처녀자리는 오전에 머리가 가장 잘 돌아갑니다. 중요한 연락은 이 시간에 보내는 게 가장 정확하게 전달됩니다.
처녀자리,애정운,혼자서 관계의 문제를 해결하려 애쓰고 있다면 잠시 멈추시기 바랍니다. 모든 것을 완벽히 정리한 뒤 말하겠다는 다짐이 오히려 거리를 만들고 있을 수 있습니다. 오늘은 정리되지 않은 감정 그대로를 상대방과 함께 나누는 것이 관계를 가깝게 만드는 방법입니다.,오전 9시~11시,처녀자리는 오전에 머리가 가장 잘 돌아갑니다. 중요한 연락은 이 시간에 보내는 게 가장 정확하게 전달됩니다.
처녀자리,애정운,"세심한 처녀자리의 배려는 소중하지만, 오늘만큼은 상대방이 원하는 것을 먼저 물어보시기 바랍니다. 스스로 판단해 준비한 것보다 함께 결정하는 과정이 상대에게 더 큰 온기로 느껴지는 날입니다. 작은 물음 하나가 관계를 한층 깊게 이어줍니다.",오전 9시~11시,처녀자리는 오전에 머리가 가장 잘 돌아갑니다. 중요한 연락은 이 시간에 보내는 게 가장 정확하게 전달됩니다.
처녀자리,애정운,스스로에게 너무 엄격한 기준을 적용하고 있지는 않은지 돌아보시기 바랍니다. 내가 부족하다는 생각이 관계에서 자꾸 뒤로 물러서게 만들고 있을 수 있습니다. 오늘은 지금의 나로도 충분히 사랑받을 수 있다는 것을 기억하는 것이 애정운의 시작입니다.,오전 9시~11시,처녀자리는 오전에 머리가 가장 잘 돌아갑니다. 중요한 연락은 이 시간에 보내는 게 가장 정확하게 전달됩니다.
처녀자리,금전운,"요즘 지출이 늘어 걱정이 많으셨다면, 오늘은 재정 상태를 차분히 되돌아볼 수 있는 흐름입니다. 처녀자리 특유의 분석력이 돋보이는 날로, 수입과 지출의 흐름을 꼼꼼히 파악하면 불필요한 새는 돈을 발견할 수 있습니다.",오전 9시~11시,처녀자리는 오전에 머리가 가장 잘 돌아갑니다. 중요한 연락은 이 시간에 보내는 게 가장 정확하게 전달됩니다.
처녀자리,금전운,"투자나 큰 지출을 앞두고 망설임이 있으셨다면 오늘 그 고민이 정리될 수 있습니다. 처녀자리의 신중한 판단력이 발휘되는 시기로, 충분한 자료 검토 후 결정을 내리면 후회 없는 선택이 됩니다.",오전 9시~11시,처녀자리는 오전에 머리가 가장 잘 돌아갑니다. 중요한 연락은 이 시간에 보내는 게 가장 정확하게 전달됩니다.
처녀자리,금전운,완벽한 조건이 갖춰질 때까지 기다리다 기회를 놓치는 경우가 있습니다. 오늘은 지나친 완벽주의보다 현실적인 기준으로 판단하는 것이 금전적으로 유리한 결과를 가져다줍니다.,오전 9시~11시,처녀자리는 오전에 머리가 가장 잘 돌아갑니다. 중요한 연락은 이 시간에 보내는 게 가장 정확하게 전달됩니다.
처녀자리,금전운,"소소한 지출 습관을 점검하기 좋은 날입니다. 처녀자리의 성실함을 발휘해 매일의 소비 패턴을 기록하면, 생각보다 큰 절약 효과를 기대할 수 있습니다.",오전 9시~11시,처녀자리는 오전에 머리가 가장 잘 돌아갑니다. 중요한 연락은 이 시간에 보내는 게 가장 정확하게 전달됩니다.
처녀자리,금전운,"자신의 노력에 비해 수입이 적다고 느껴지셨다면, 오늘은 그 원인을 냉정하게 분석해볼 수 있는 흐름입니다. 처녀자리의 꼼꼼함으로 수입 구조를 살펴보면 개선의 실마리를 찾을 수 있습니다.",오전 9시~11시,처녀자리는 오전에 머리가 가장 잘 돌아갑니다. 중요한 연락은 이 시간에 보내는 게 가장 정확하게 전달됩니다.
처녀자리,직장운,오늘은 맡은 업무의 범위가 넓어 부담스럽게 느껴질 수 있습니다. 그러나 처녀자리의 체계적인 정리 능력이 복잡한 과제를 단계별로 분해하는 데 빛을 발합니다. 순서를 정하고 하나씩 처리하면 마감 전에 충분히 완료됩니다.,오전 9시~11시,처녀자리는 오전에 머리가 가장 잘 돌아갑니다. 중요한 연락은 이 시간에 보내는 게 가장 정확하게 전달됩니다.
처녀자리,직장운,협업 과정에서 타인의 허술한 부분이 눈에 밟히는 날입니다. 지적하기보다 조용히 보완해 주는 처녀자리의 행동이 팀 내 신뢰를 쌓는 계기가 됩니다. 오늘의 성실함은 반드시 기억되는 방식으로 돌아옵니다.,오전 9시~11시,처녀자리는 오전에 머리가 가장 잘 돌아갑니다. 중요한 연락은 이 시간에 보내는 게 가장 정확하게 전달됩니다.
처녀자리,직장운,보고서나 제안서를 마무리하는 날이라면 처녀자리에게 유리한 흐름입니다. 놓치기 쉬운 수치 오류나 표현의 어색함을 잡아내는 능력이 결과물의 완성도를 높입니다. 제출 전 마지막 검토를 반드시 거치는 것이 오늘의 핵심입니다.,오전 9시~11시,처녀자리는 오전에 머리가 가장 잘 돌아갑니다. 중요한 연락은 이 시간에 보내는 게 가장 정확하게 전달됩니다.
처녀자리,직장운,"오랫동안 준비해 온 프로젝트를 공유해야 하는 상황에서 긴장감이 높아질 수 있습니다. 완벽하지 않다는 느낌이 발표를 망설이게 만들지만, 오늘은 준비된 것만으로도 충분히 설득력이 있습니다. 자신의 분석과 근거를 믿고 전달하는 것이 중요합니다.",오전 9시~11시,처녀자리는 오전에 머리가 가장 잘 돌아갑니다. 중요한 연락은 이 시간에 보내는 게 가장 정확하게 전달됩니다.
처녀자리,직장운,"업무 중 스스로를 과도하게 몰아붙이는 흐름이 감지됩니다. 기준이 높은 처녀자리에게 자기비판은 익숙한 감정이지만, 오늘은 완료된 항목을 눈으로 확인하며 성취감을 쌓는 방식으로 페이스를 조절하는 것이 바람직합니다.",오전 9시~11시,처녀자리는 오전에 머리가 가장 잘 돌아갑니다. 중요한 연락은 이 시간에 보내는 게 가장 정확하게 전달됩니다.
처녀자리,건강운,"오늘은 머릿속이 쉽게 복잡해지는 날입니다. 처녀자리 특유의 분석적인 사고가 과부하 상태로 이어질 수 있으니, 짧은 산책이나 스트레칭으로 뇌와 몸에 환기를 주시기 바랍니다.",오전 9시~11시,처녀자리는 오전에 머리가 가장 잘 돌아갑니다. 중요한 연락은 이 시간에 보내는 게 가장 정확하게 전달됩니다.
처녀자리,건강운,"작은 실수에도 스스로를 몰아붙이는 경향이 건강에 영향을 주는 날입니다. 완벽하지 않아도 충분히 잘하고 있다는 사실을 기억하시고, 긴장된 어깨와 목을 의식적으로 풀어주시기 바랍니다.",오전 9시~11시,처녀자리는 오전에 머리가 가장 잘 돌아갑니다. 중요한 연락은 이 시간에 보내는 게 가장 정확하게 전달됩니다.
처녀자리,건강운,"오늘은 에너지 소모가 예상보다 빠르게 진행될 수 있는 날입니다. 세심하게 여러 일을 동시에 처리하려는 습관이 피로를 가중시킬 수 있으니, 하나씩 순서를 정해 처리하는 방식이 체력 관리에 도움이 됩니다.",오전 9시~11시,처녀자리는 오전에 머리가 가장 잘 돌아갑니다. 중요한 연락은 이 시간에 보내는 게 가장 정확하게 전달됩니다.
처녀자리,건강운,"눈의 피로가 쌓이기 쉬운 날입니다. 꼼꼼한 성격으로 인해 화면이나 문서를 오래 들여다보는 시간이 길어질 수 있으니, 의식적으로 눈을 쉬게 해주는 습관이 오늘 건강 관리의 핵심입니다.",오전 9시~11시,처녀자리는 오전에 머리가 가장 잘 돌아갑니다. 중요한 연락은 이 시간에 보내는 게 가장 정확하게 전달됩니다.
처녀자리,건강운,"몸이 보내는 신호를 놓치기 쉬운 날입니다. 처녀자리는 할 일에 집중하느라 피로나 허기를 뒤로 미루는 경향이 있으니, 오늘만큼은 몸의 신호에 먼저 응답하는 것을 우선순위로 삼으시기 바랍니다.",오전 9시~11시,처녀자리는 오전에 머리가 가장 잘 돌아갑니다. 중요한 연락은 이 시간에 보내는 게 가장 정확하게 전달됩니다.
처녀자리,대인운,"오늘은 상대방의 작은 실수가 유독 눈에 들어오는 날입니다. 처녀자리 특유의 세밀한 시선을 잠시 내려두고, 완성되지 않은 것보다 상대가 쏟은 진심에 집중해 보시기 바랍니다. 그 따뜻한 시선이 관계를 한층 단단하게 만들어 줍니다.",오전 9시~11시,처녀자리는 오전에 머리가 가장 잘 돌아갑니다. 중요한 연락은 이 시간에 보내는 게 가장 정확하게 전달됩니다.
처녀자리,대인운,꼼꼼하게 준비한 말 한마디가 오늘 누군가에게 큰 힘이 되는 날입니다. 즉흥적인 위로보다 진심을 담아 고른 표현이 상대의 마음에 오래 남습니다. 처녀자리의 성실한 언어 습관이 오늘 관계에서 빛을 발합니다.,오전 9시~11시,처녀자리는 오전에 머리가 가장 잘 돌아갑니다. 중요한 연락은 이 시간에 보내는 게 가장 정확하게 전달됩니다.
처녀자리,대인운,"완벽한 타이밍을 기다리다 전하지 못한 말이 있다면 오늘 꺼내 보시기 바랍니다. 처녀자리는 신중한 나머지 소중한 감정 표현을 미루는 경향이 있으나, 오늘만큼은 다듬어지지 않은 말도 충분히 닿을 수 있습니다.",오전 9시~11시,처녀자리는 오전에 머리가 가장 잘 돌아갑니다. 중요한 연락은 이 시간에 보내는 게 가장 정확하게 전달됩니다.
처녀자리,대인운,"분석적인 시각으로 상대의 고민을 정리해 주는 것이 오늘 큰 도움이 됩니다. 막연하게 느끼던 문제를 처녀자리의 조리 있는 시선으로 짚어 주면, 상대는 한결 가벼워진 마음으로 길을 찾게 됩니다.",오전 9시~11시,처녀자리는 오전에 머리가 가장 잘 돌아갑니다. 중요한 연락은 이 시간에 보내는 게 가장 정확하게 전달됩니다.
처녀자리,대인운,"오늘은 자신에 대한 기준을 잠시 타인에게 적용하지 않는 것이 관계를 편안하게 합니다. 처녀자리의 높은 기준은 스스로를 성장시키는 힘이지만, 관계 안에서는 여백을 두는 것이 더 깊은 신뢰로 이어집니다.",오전 9시~11시,처녀자리는 오전에 머리가 가장 잘 돌아갑니다. 중요한 연락은 이 시간에 보내는 게 가장 정확하게 전달됩니다.
처녀자리,행동운,"머릿속에서 계획이 계속 수정되고 있다면, 오늘은 그 루프를 끊는 날입니다. 지금 가진 정보만으로도 충분히 결정할 수 있습니다. 생각을 멈추고 첫 번째 행동 하나만 실행에 옮기는 것이 오늘의 핵심입니다.",오전 9시~11시,처녀자리는 오전에 머리가 가장 잘 돌아갑니다. 중요한 연락은 이 시간에 보내는 게 가장 정확하게 전달됩니다.
처녀자리,행동운,작은 실수가 신경 쓰여 전체를 다시 검토하고 싶은 마음이 들 수 있습니다. 그러나 오늘은 수정보다 전진이 더 중요한 날입니다. 지금 있는 결과물을 그대로 내보내는 결단이 오늘 가장 용기 있는 행동입니다.,오전 9시~11시,처녀자리는 오전에 머리가 가장 잘 돌아갑니다. 중요한 연락은 이 시간에 보내는 게 가장 정확하게 전달됩니다.
처녀자리,행동운,오늘은 미뤄두었던 결정을 하나 골라 마침표를 찍는 날입니다. 더 나은 선택을 기다리는 동안 기회는 조용히 지나갑니다. 지금의 판단을 믿고 결론을 내리는 것이 오늘 가장 필요한 실천입니다.,오전 9시~11시,처녀자리는 오전에 머리가 가장 잘 돌아갑니다. 중요한 연락은 이 시간에 보내는 게 가장 정확하게 전달됩니다.
처녀자리,행동운,오늘은 혼자 모든 것을 완벽하게 처리하려는 마음을 내려놓는 것이 맞습니다. 도움을 요청하거나 역할을 나누는 것이 오히려 더 좋은 결과로 이어집니다. 완벽한 혼자보다 협력하는 오늘이 더 효율적입니다.,오전 9시~11시,처녀자리는 오전에 머리가 가장 잘 돌아갑니다. 중요한 연락은 이 시간에 보내는 게 가장 정확하게 전달됩니다.
처녀자리,행동운,오늘은 우선순위가 낮은 일을 과감하게 목록에서 지우는 것이 필요합니다. 모든 것을 다 잘하려는 습관이 오히려 중요한 일의 완성을 늦추고 있을 수 있습니다. 오늘 집중할 한 가지를 정하고 나머지는 내일로 넘기는 것이 현명한 선택입니다.,오전 9시~11시,처녀자리는 오전에 머리가 가장 잘 돌아갑니다. 중요한 연락은 이 시간에 보내는 게 가장 정확하게 전달됩니다.
천칭자리,총운,"오늘은 여러 방향에서 요청과 기대가 동시에 밀려오는 날입니다. 모두를 만족시키려는 마음이 오히려 스스로를 지치게 만들 수 있으니, 오늘만큼은 타인보다 자신의 필요를 먼저 헤아려 보시기 바랍니다.",오후 3시~6시,천칭자리는 오후에 사람 에너지가 올라오는 타입입니다. 이 시간대가 가장 자연스럽게 대화가 열립니다.
천칭자리,총운,"관계 속에서 작은 긴장감이 감지되는 날입니다. 갈등을 피하려다 하고 싶은 말을 삼키게 될 수 있으니, 부드럽지만 명확하게 자신의 입장을 전달하는 연습이 오늘 큰 도움이 됩니다.",오후 3시~6시,천칭자리는 오후에 사람 에너지가 올라오는 타입입니다. 이 시간대가 가장 자연스럽게 대화가 열립니다.
천칭자리,총운,"선택지가 많아 마음이 분산되기 쉬운 날입니다. 천칭자리는 비교하고 저울질하는 과정에서 에너지를 많이 소모하는 편이므로, 오늘은 기준을 하나로 단순화하여 결정의 무게를 가볍게 만드시기 바랍니다.",오후 3시~6시,천칭자리는 오후에 사람 에너지가 올라오는 타입입니다. 이 시간대가 가장 자연스럽게 대화가 열립니다.
천칭자리,총운,"주변 사람들과의 연결이 오늘 하루의 흐름을 좌우하는 날입니다. 천칭자리 특유의 사교성과 따뜻한 배려가 뜻하지 않은 기회를 불러올 수 있으니, 만남과 대화에 마음을 열어두시기 바랍니다.",오후 3시~6시,천칭자리는 오후에 사람 에너지가 올라오는 타입입니다. 이 시간대가 가장 자연스럽게 대화가 열립니다.
천칭자리,총운,내면의 균형이 외부의 안정으로 이어지는 날입니다. 지나치게 바쁘게 움직이기보다 잠시 멈추어 자신의 감정 상태를 점검해 보시기 바랍니다. 고요한 순간이 오늘 가장 좋은 판단을 이끌어 줄 것입니다.,오후 3시~6시,천칭자리는 오후에 사람 에너지가 올라오는 타입입니다. 이 시간대가 가장 자연스럽게 대화가 열립니다.
천칭자리,애정운,"요즘 관계에서 무언가 어긋난 느낌이 드셨다면, 오늘이 그 균형을 되찾기에 좋은 날입니다. 억지로 맞추려 하기보다 솔직한 마음을 조용히 꺼내 보시기 바랍니다. 천칭자리의 따뜻한 사교성이 상대방의 마음을 자연스럽게 열어 줄 것입니다.",오후 3시~6시,천칭자리는 오후에 사람 에너지가 올라오는 타입입니다. 이 시간대가 가장 자연스럽게 대화가 열립니다.
천칭자리,애정운,"혼자 고민을 안고 있던 감정이 있다면, 오늘은 그것을 꺼내 나누기에 적합한 날입니다. 상대방과 솔직하게 마주 앉는 것만으로도 관계가 한층 가까워질 수 있습니다. 천칭자리의 공정한 시각이 대화를 부드럽게 이끌어 줄 것입니다.",오후 3시~6시,천칭자리는 오후에 사람 에너지가 올라오는 타입입니다. 이 시간대가 가장 자연스럽게 대화가 열립니다.
천칭자리,애정운,"가까운 사람과 작은 오해가 쌓여 있다면, 오늘 그것을 정리할 기회가 찾아옵니다. 먼저 상대의 이야기를 충분히 들어 주는 것이 관계를 회복하는 첫걸음이 됩니다. 갈등을 피하기보다 차분하게 마주하는 용기가 오늘의 애정운을 빛나게 합니다.",오후 3시~6시,천칭자리는 오후에 사람 에너지가 올라오는 타입입니다. 이 시간대가 가장 자연스럽게 대화가 열립니다.
천칭자리,애정운,오늘은 혼자 결정하기보다 상대방과 함께 방향을 맞춰 나가는 것이 더 큰 힘이 됩니다. 천칭자리가 지닌 조화로움은 두 사람 사이의 거리를 좁히는 데 큰 역할을 합니다. 작은 배려 하나가 관계를 단단하게 묶어 주는 날입니다.,오후 3시~6시,천칭자리는 오후에 사람 에너지가 올라오는 타입입니다. 이 시간대가 가장 자연스럽게 대화가 열립니다.
천칭자리,애정운,평소 표현을 아끼다 보니 상대방이 오해하는 상황이 생길 수 있었을 것입니다. 오늘은 마음속에 담아 두었던 고마움이나 애정을 짧게라도 전해 보시기 바랍니다. 천칭자리의 섬세함이 담긴 진심은 상대방에게 깊이 전달될 것입니다.,오후 3시~6시,천칭자리는 오후에 사람 에너지가 올라오는 타입입니다. 이 시간대가 가장 자연스럽게 대화가 열립니다.
천칭자리,금전운,"요즘 지출과 수입 사이에서 균형을 맞추기 어렵다고 느끼셨다면, 오늘은 그 흐름을 정리하기에 좋은 날입니다. 천칭자리 특유의 공정한 시각으로 가계부를 살펴보면 놓쳤던 불필요한 지출이 눈에 들어옵니다.",오후 3시~6시,천칭자리는 오후에 사람 에너지가 올라오는 타입입니다. 이 시간대가 가장 자연스럽게 대화가 열립니다.
천칭자리,금전운,"누군가와 함께하는 자리에서 지갑을 여는 일이 잦은 편이라면, 오늘은 관계를 위한 소비와 나를 위한 소비의 경계를 한번 점검해 보시기 바랍니다. 타인과의 조화를 중시하다 보면 정작 자신의 재정이 흔들리는 경우가 생깁니다.",오후 3시~6시,천칭자리는 오후에 사람 에너지가 올라오는 타입입니다. 이 시간대가 가장 자연스럽게 대화가 열립니다.
천칭자리,금전운,오늘은 결정을 미뤄왔던 금전 계획을 실행에 옮기기 좋은 날입니다. 여러 선택지를 꼼꼼히 비교하는 천칭자리의 성향이 오늘만큼은 현명한 소비로 이어질 수 있습니다.,오후 3시~6시,천칭자리는 오후에 사람 에너지가 올라오는 타입입니다. 이 시간대가 가장 자연스럽게 대화가 열립니다.
천칭자리,금전운,"공동 지출이나 더치페이 상황에서 불편함을 느끼셨다면, 오늘은 주변 사람과 금전 관계를 공정하게 재정립할 기회입니다. 갈등을 피하려다 손해를 감수하는 패턴이 있다면 이번에는 솔직하게 정리해 두시기 바랍니다.",오후 3시~6시,천칭자리는 오후에 사람 에너지가 올라오는 타입입니다. 이 시간대가 가장 자연스럽게 대화가 열립니다.
천칭자리,금전운,오늘은 충동적으로 지갑을 열기보다 구매 전 잠시 멈추고 가치를 따져보는 것이 도움이 됩니다. 균형을 추구하는 천칭자리답게 감성과 이성을 함께 활용한 소비가 나중에 후회 없는 결과로 이어집니다.,오후 3시~6시,천칭자리는 오후에 사람 에너지가 올라오는 타입입니다. 이 시간대가 가장 자연스럽게 대화가 열립니다.
천칭자리,직장운,"오늘은 여러 방향에서 의견이 충돌하는 상황이 생길 수 있습니다. 천칭자리 특유의 공정한 시각으로 각 입장을 균형 있게 살피면, 팀 전체가 납득할 수 있는 방향을 이끌어 내는 날입니다.",오후 3시~6시,천칭자리는 오후에 사람 에너지가 올라오는 타입입니다. 이 시간대가 가장 자연스럽게 대화가 열립니다.
천칭자리,직장운,"오늘은 혼자 성과를 내기보다 주변과 협력할 때 더 좋은 결과가 따르는 날입니다. 관계를 소중히 여기는 천칭자리의 강점이 업무 성과로 직결되는 흐름이므로, 동료와의 소통을 적극적으로 이어 가시기 바랍니다.",오후 3시~6시,천칭자리는 오후에 사람 에너지가 올라오는 타입입니다. 이 시간대가 가장 자연스럽게 대화가 열립니다.
천칭자리,직장운,"업무에서 선택의 기로에 놓이는 상황이 찾아올 수 있습니다. 모든 면을 고려하려는 성향이 오히려 결정을 늦출 수 있으니, 우선순위를 먼저 정한 뒤 단계적으로 판단해 나가시기 바랍니다.",오후 3시~6시,천칭자리는 오후에 사람 에너지가 올라오는 타입입니다. 이 시간대가 가장 자연스럽게 대화가 열립니다.
천칭자리,직장운,"오늘은 상사나 동료로부터 평가나 피드백을 받을 가능성이 있습니다. 천칭자리의 균형 잡힌 태도가 긍정적인 인상을 남기는 날이므로, 방어적으로 반응하기보다 조화롭게 수용하는 자세가 커리어에 도움이 됩니다.",오후 3시~6시,천칭자리는 오후에 사람 에너지가 올라오는 타입입니다. 이 시간대가 가장 자연스럽게 대화가 열립니다.
천칭자리,직장운,"새로운 프로젝트나 역할을 제안받을 수 있는 흐름입니다. 갈등을 피하려는 마음에 무조건 수락하기보다, 자신의 역량과 일정을 먼저 살핀 뒤 명확한 조건을 제시하는 것이 장기적으로 신뢰를 쌓는 방법이 됩니다.",오후 3시~6시,천칭자리는 오후에 사람 에너지가 올라오는 타입입니다. 이 시간대가 가장 자연스럽게 대화가 열립니다.
천칭자리,건강운,"오늘은 여러 사람과의 관계 속에서 에너지가 많이 소모되는 날입니다. 타인을 배려하다 보면 정작 자신의 피로를 놓치기 쉬우니, 하루 중 잠시라도 혼자만의 회복 시간을 갖는 것이 중요합니다.",오후 3시~6시,천칭자리는 오후에 사람 에너지가 올라오는 타입입니다. 이 시간대가 가장 자연스럽게 대화가 열립니다.
천칭자리,건강운,결정을 내리지 못하고 마음이 이리저리 흔들릴 때 신체 긴장도 함께 높아지는 날입니다. 짧은 산책이나 가벼운 스트레칭으로 머리와 몸을 동시에 풀어주시기 바랍니다.,오후 3시~6시,천칭자리는 오후에 사람 에너지가 올라오는 타입입니다. 이 시간대가 가장 자연스럽게 대화가 열립니다.
천칭자리,건강운,"오늘은 좌우 균형을 의식하며 몸을 쓰는 것이 특히 효과적인 날입니다. 한쪽에 치우친 자세나 동작은 피하고, 양쪽 근육을 고르게 사용하는 운동을 선택하시기 바랍니다.",오후 3시~6시,천칭자리는 오후에 사람 에너지가 올라오는 타입입니다. 이 시간대가 가장 자연스럽게 대화가 열립니다.
천칭자리,건강운,갈등 상황을 속으로만 삭이면 어깨와 목에 긴장이 쌓이기 쉬운 날입니다. 감정을 외면하지 말고 가볍게라도 표현하거나 기록하는 방식으로 내면의 균형을 회복하시기 바랍니다.,오후 3시~6시,천칭자리는 오후에 사람 에너지가 올라오는 타입입니다. 이 시간대가 가장 자연스럽게 대화가 열립니다.
천칭자리,건강운,아름답고 조화로운 환경이 오늘의 건강 회복에 실질적인 도움이 되는 날입니다. 정돈된 공간에서 충분한 수분을 섭취하며 몸과 마음이 편안해지는 시간을 만들어보시기 바랍니다.,오후 3시~6시,천칭자리는 오후에 사람 에너지가 올라오는 타입입니다. 이 시간대가 가장 자연스럽게 대화가 열립니다.
천칭자리,대인운,"오늘은 주변 사람들의 말 한마디 한마디가 유독 마음에 깊이 닿는 날입니다. 상대방의 입장을 헤아리는 천칭자리의 섬세함이 대화 속에서 자연스럽게 드러나며, 그 따뜻한 경청이 관계를 한층 단단하게 만들어 줍니다.",오후 3시~6시,천칭자리는 오후에 사람 에너지가 올라오는 타입입니다. 이 시간대가 가장 자연스럽게 대화가 열립니다.
천칭자리,대인운,"오늘은 오랫동안 연락이 뜸했던 사람과 다시 이어지는 흐름이 찾아오는 날입니다. 먼저 손을 내밀기 망설여진다면, 작은 메시지 하나로 시작해 보시기 바랍니다. 천칭자리의 온화한 에너지가 그 연결을 자연스럽고 편안하게 이끌어 줍니다.",오후 3시~6시,천칭자리는 오후에 사람 에너지가 올라오는 타입입니다. 이 시간대가 가장 자연스럽게 대화가 열립니다.
천칭자리,대인운,오늘은 여러 사람 사이에서 균형 잡힌 시각으로 상황을 바라보는 능력이 빛을 발하는 날입니다. 어느 한쪽에 치우치지 않고 공정하게 의견을 조율하는 모습이 주변 사람들에게 깊은 신뢰감을 심어 줍니다.,오후 3시~6시,천칭자리는 오후에 사람 에너지가 올라오는 타입입니다. 이 시간대가 가장 자연스럽게 대화가 열립니다.
천칭자리,대인운,"오늘은 가까운 관계에서 쌓인 작은 오해를 풀어낼 수 있는 좋은 기회가 찾아오는 날입니다. 직접적인 대화가 불편하게 느껴질 수 있지만, 진심을 담은 말 한마디가 그 어떤 설명보다 강하게 상대방의 마음을 움직입니다.",오후 3시~6시,천칭자리는 오후에 사람 에너지가 올라오는 타입입니다. 이 시간대가 가장 자연스럽게 대화가 열립니다.
천칭자리,대인운,"오늘은 여러 사람이 모이는 자리에서 천칭자리 특유의 사교성이 자연스럽게 분위기를 부드럽게 만들어 주는 날입니다. 처음 만나는 사람과도 편안한 대화를 이어갈 수 있으며, 그 인연이 앞으로 의미 있는 관계로 발전할 가능성이 충분히 있습니다.",오후 3시~6시,천칭자리는 오후에 사람 에너지가 올라오는 타입입니다. 이 시간대가 가장 자연스럽게 대화가 열립니다.
천칭자리,행동운,"미루어 두었던 선택이 있다면 오늘은 더 이상 보류하지 않는 것이 좋습니다. 두 가지 선택지를 종이에 적고 장단점을 나란히 정리한 뒤, 오늘 안으로 결론을 내리는 행동이 필요합니다.",오후 3시~6시,천칭자리는 오후에 사람 에너지가 올라오는 타입입니다. 이 시간대가 가장 자연스럽게 대화가 열립니다.
천칭자리,행동운,주변 사람들과의 관계에서 불편함을 느끼고 있다면 오늘은 그 감정을 외면하지 않는 것이 중요합니다. 상대방의 입장을 먼저 헤아린 뒤 솔직하게 대화를 시도하는 것이 오늘 가장 현명한 행동입니다.,오후 3시~6시,천칭자리는 오후에 사람 에너지가 올라오는 타입입니다. 이 시간대가 가장 자연스럽게 대화가 열립니다.
천칭자리,행동운,"하고 싶은 말을 참아온 상황이 있다면 오늘은 적절한 방식으로 표현하는 것이 필요합니다. 갈등을 피하려다 오히려 관계의 균형이 무너질 수 있으므로, 공정한 입장에서 차분히 의견을 전달하시기 바랍니다.",오후 3시~6시,천칭자리는 오후에 사람 에너지가 올라오는 타입입니다. 이 시간대가 가장 자연스럽게 대화가 열립니다.
천칭자리,행동운,오늘은 혼자 결정하려 하기보다 신뢰할 수 있는 사람에게 의견을 구하는 행동이 도움이 됩니다. 다양한 시각을 들은 후 최종 판단은 스스로 내리는 과정을 통해 더 나은 결과에 도달할 수 있습니다.,오후 3시~6시,천칭자리는 오후에 사람 에너지가 올라오는 타입입니다. 이 시간대가 가장 자연스럽게 대화가 열립니다.
천칭자리,행동운,"오늘은 그동안 어느 한쪽에 치우쳐 있던 일상의 균형을 되찾는 행동이 필요합니다. 업무와 휴식, 혼자만의 시간과 사람들과의 시간을 의식적으로 조율하면 오늘 하루가 훨씬 안정적으로 마무리됩니다.",오후 3시~6시,천칭자리는 오후에 사람 에너지가 올라오는 타입입니다. 이 시간대가 가장 자연스럽게 대화가 열립니다.
전갈자리,총운,오늘은 마음속 깊이 눌러두었던 감정이 수면 위로 올라오는 날입니다. 전갈자리의 강인함은 그 감정을 억누르는 것이 아니라 온전히 마주하는 데서 나옵니다. 오늘은 스스로의 내면을 두려움 없이 들여다보시기 바랍니다.,밤 9시~11시,전갈자리는 밤에 진심이 나오는 타입입니다. 깊은 연락은 밤 시간대가 가장 잘 통합니다.
전갈자리,총운,주변 상황이 복잡하게 느껴지더라도 전갈자리의 예리한 통찰력이 본질을 꿰뚫는 날입니다. 겉으로 드러난 것보다 그 이면에 무엇이 있는지 집중하시기 바랍니다. 오늘 포착한 정보는 앞으로 중요한 판단의 근거가 됩니다.,밤 9시~11시,전갈자리는 밤에 진심이 나오는 타입입니다. 깊은 연락은 밤 시간대가 가장 잘 통합니다.
전갈자리,총운,오늘은 타인의 말 한마디에 의심이 깊어질 수 있는 날입니다. 전갈자리 특유의 집중력이 지나치면 불필요한 에너지를 소모하게 됩니다. 확인되지 않은 것에 감정을 쏟기보다 사실에 근거해 판단하시기 바랍니다.,밤 9시~11시,전갈자리는 밤에 진심이 나오는 타입입니다. 깊은 연락은 밤 시간대가 가장 잘 통합니다.
전갈자리,총운,오늘은 오랫동안 준비해온 일이 조용히 결실을 맺기 시작하는 날입니다. 전갈자리는 포기하지 않는 집념으로 남들이 지나친 기회를 끝까지 붙잡는 힘이 있습니다. 오늘 그 끈기가 원하는 방향으로 흐름을 바꾸어 줄 것입니다.,밤 9시~11시,전갈자리는 밤에 진심이 나오는 타입입니다. 깊은 연락은 밤 시간대가 가장 잘 통합니다.
전갈자리,총운,감정 표현이 익숙하지 않더라도 오늘은 신뢰하는 사람에게 솔직하게 마음을 전해보시기 바랍니다. 전갈자리의 깊은 감정은 표현될 때 비로소 상대와의 관계를 단단하게 만드는 힘이 됩니다. 오늘의 작은 용기가 오랜 오해를 풀어주는 계기가 될 수 있습니다.,밤 9시~11시,전갈자리는 밤에 진심이 나오는 타입입니다. 깊은 연락은 밤 시간대가 가장 잘 통합니다.
전갈자리,애정운,"오늘은 감정의 무게가 유난히 크게 느껴지는 날입니다. 전갈자리 특유의 예리한 직관이 상대방의 말 너머에 숨겨진 진심을 포착하게 합니다. 그 감각을 믿고 조용히 다가서면, 두 사람 사이의 거리가 한층 가까워집니다.",밤 9시~11시,전갈자리는 밤에 진심이 나오는 타입입니다. 깊은 연락은 밤 시간대가 가장 잘 통합니다.
전갈자리,애정운,오늘은 오래 담아두었던 감정을 꺼내볼 용기가 필요한 날입니다. 전갈자리는 깊이 느끼면서도 표현을 아끼는 경향이 있습니다. 작은 고백 하나가 관계의 온도를 크게 바꾸어 놓을 수 있습니다.,밤 9시~11시,전갈자리는 밤에 진심이 나오는 타입입니다. 깊은 연락은 밤 시간대가 가장 잘 통합니다.
전갈자리,애정운,"상대방의 행동에서 의심이 일어나는 순간, 잠시 멈추어 보시기 바랍니다. 전갈자리의 날카로운 통찰은 강점이지만, 오늘은 그 시선을 의심보다 이해 쪽으로 돌리는 것이 관계에 이롭습니다. 믿음을 선택하는 것 자체가 깊은 사랑의 표현입니다.",밤 9시~11시,전갈자리는 밤에 진심이 나오는 타입입니다. 깊은 연락은 밤 시간대가 가장 잘 통합니다.
전갈자리,애정운,오늘은 관계 안에서 자신이 진정으로 원하는 것이 무엇인지 돌아보게 되는 날입니다. 전갈자리의 집중력은 상대를 향하기 전에 먼저 내면을 선명하게 비추는 데 쓰일 때 가장 빛납니다. 자신을 이해하는 만큼 관계도 더 단단해집니다.,밤 9시~11시,전갈자리는 밤에 진심이 나오는 타입입니다. 깊은 연락은 밤 시간대가 가장 잘 통합니다.
전갈자리,애정운,오늘은 오랜 인연과의 감정이 새롭게 재정립되는 흐름이 있습니다. 전갈자리는 한번 맺은 연결을 쉽게 놓지 않는 강인함을 지니고 있습니다. 그 깊은 헌신이 오늘 상대방에게 온전히 전달되어 관계가 한 단계 성숙해지는 계기가 됩니다.,밤 9시~11시,전갈자리는 밤에 진심이 나오는 타입입니다. 깊은 연락은 밤 시간대가 가장 잘 통합니다.
전갈자리,금전운,"오늘은 금전적으로 답답함을 느끼셨다면, 그 감각 자체가 신호입니다. 전갈자리 특유의 예리한 직관이 수면 아래 숨겨진 문제를 먼저 감지하고 있으니, 불편한 느낌이 드는 거래나 계약은 오늘 반드시 재검토하시기 바랍니다.",밤 9시~11시,전갈자리는 밤에 진심이 나오는 타입입니다. 깊은 연락은 밤 시간대가 가장 잘 통합니다.
전갈자리,금전운,오늘 지출 흐름을 꼼꼼히 들여다보면 새어나가는 돈의 경로가 보이는 날입니다. 집중력을 발휘해 고정 지출 항목을 하나씩 점검하면 예상치 못한 절약 기회를 발견하게 됩니다.,밤 9시~11시,전갈자리는 밤에 진심이 나오는 타입입니다. 깊은 연락은 밤 시간대가 가장 잘 통합니다.
전갈자리,금전운,"오늘 주변의 금전 정보를 그냥 흘려듣지 마시기 바랍니다. 전갈자리의 통찰력이 강하게 작동하는 날로, 타인이 무심코 언급한 정보 속에 실질적인 수입 기회가 담겨 있을 수 있습니다.",밤 9시~11시,전갈자리는 밤에 진심이 나오는 타입입니다. 깊은 연락은 밤 시간대가 가장 잘 통합니다.
전갈자리,금전운,"오늘 투자 결정을 앞두고 있다면 감정보다 분석에 집중하시기 바랍니다. 지나친 집착이 판단을 흐릴 수 있는 날이므로, 냉정하게 수익과 리스크를 구분하는 작업이 필요합니다.",밤 9시~11시,전갈자리는 밤에 진심이 나오는 타입입니다. 깊은 연락은 밤 시간대가 가장 잘 통합니다.
전갈자리,금전운,오늘 오래 미뤄온 금전 협상이나 정산 문제를 꺼내기에 좋은 날입니다. 감정 표현은 최소화하고 데이터와 근거 중심으로 대화를 이끌면 원하는 결과에 가까워질 수 있습니다.,밤 9시~11시,전갈자리는 밤에 진심이 나오는 타입입니다. 깊은 연락은 밤 시간대가 가장 잘 통합니다.
전갈자리,직장운,"오늘은 오랫동안 풀리지 않던 업무의 실마리가 보이는 날입니다. 전갈자리 특유의 예리한 직관이 문제의 핵심을 정확히 짚어내며, 동료들이 놓친 부분까지 꿰뚫어 봅니다. 묵묵히 쌓아온 노력이 오늘 빛을 발합니다.",밤 9시~11시,전갈자리는 밤에 진심이 나오는 타입입니다. 깊은 연락은 밤 시간대가 가장 잘 통합니다.
전갈자리,직장운,주변의 평가나 시선에 흔들리지 않고 자신의 방향을 굳건히 지키는 날입니다. 전갈자리의 강한 집중력이 외부의 소음을 차단하고 성과를 향해 곧게 나아가도록 이끕니다. 흔들리지 않는 태도가 신뢰를 쌓습니다.,밤 9시~11시,전갈자리는 밤에 진심이 나오는 타입입니다. 깊은 연락은 밤 시간대가 가장 잘 통합니다.
전갈자리,직장운,"오늘은 팀 내 갈등이나 불편한 상황의 본질을 꿰뚫어 보는 통찰이 돋보이는 날입니다. 전갈자리의 깊은 관찰력이 표면에 드러나지 않은 문제를 먼저 감지하며, 조용히 해결의 실마리를 제시합니다. 말보다 행동으로 존재감을 드러내는 하루입니다.",밤 9시~11시,전갈자리는 밤에 진심이 나오는 타입입니다. 깊은 연락은 밤 시간대가 가장 잘 통합니다.
전갈자리,직장운,"감정을 드러내기보다 내면에서 단단히 다지는 오늘, 그 깊이가 업무에서 강점이 됩니다. 전갈자리의 강렬한 몰입이 복잡한 프로젝트를 끝까지 완수하는 원동력으로 작용하며, 쉽게 포기하지 않는 태도가 주변의 신뢰를 얻습니다.",밤 9시~11시,전갈자리는 밤에 진심이 나오는 타입입니다. 깊은 연락은 밤 시간대가 가장 잘 통합니다.
전갈자리,직장운,오늘은 세밀한 분석이 필요한 업무에서 탁월한 역량이 발휘되는 날입니다. 표면적인 수치나 보고보다 그 이면의 흐름을 읽어내는 전갈자리의 직관이 중요한 판단에서 결정적인 역할을 합니다. 오늘의 통찰을 신뢰하고 과감히 실행에 옮기시기 바랍니다.,밤 9시~11시,전갈자리는 밤에 진심이 나오는 타입입니다. 깊은 연락은 밤 시간대가 가장 잘 통합니다.
전갈자리,건강운,억누르고 있던 감정이 신체 피로로 나타날 수 있는 날입니다. 전갈자리 특유의 강한 집중력이 오늘은 오히려 몸을 긴장시키고 있습니다. 의식적으로 어깨와 목의 힘을 풀어주는 시간을 가지시기 바랍니다.,밤 9시~11시,전갈자리는 밤에 진심이 나오는 타입입니다. 깊은 연락은 밤 시간대가 가장 잘 통합니다.
전갈자리,건강운,오늘은 내면의 감정을 들여다보는 것이 몸을 회복시키는 열쇠입니다. 무언가를 혼자 삼키고 있다면 그 무게가 에너지를 빠르게 소진시킬 수 있습니다. 짧은 명상이나 글쓰기로 감정을 바깥으로 꺼내는 것이 효과적입니다.,밤 9시~11시,전갈자리는 밤에 진심이 나오는 타입입니다. 깊은 연락은 밤 시간대가 가장 잘 통합니다.
전갈자리,건강운,날카로운 직관이 오늘 몸의 이상 신호를 먼저 감지하고 있습니다. 평소보다 작은 불편함도 그냥 지나치지 말고 세심하게 살피는 것이 중요한 날입니다. 몸이 보내는 메시지에 귀를 기울이시기 바랍니다.,밤 9시~11시,전갈자리는 밤에 진심이 나오는 타입입니다. 깊은 연락은 밤 시간대가 가장 잘 통합니다.
전갈자리,건강운,지나친 몰입과 집착이 오늘 정신적 소진으로 이어질 수 있는 날입니다. 한 가지 생각에 오래 머무르기보다 의식적으로 시선을 바꾸고 환기하는 것이 필요합니다. 짧은 산책이나 스트레칭이 머리와 몸 모두를 가볍게 만들어 줍니다.,밤 9시~11시,전갈자리는 밤에 진심이 나오는 타입입니다. 깊은 연락은 밤 시간대가 가장 잘 통합니다.
전갈자리,건강운,감정을 표현하지 못할수록 몸의 긴장이 높아지는 날입니다. 전갈자리의 깊은 감수성은 억압될 때 신체 증상으로 드러나는 경향이 있습니다. 오늘은 신뢰할 수 있는 사람과 짧게라도 대화를 나누는 것이 건강에 직접적인 도움이 됩니다.,밤 9시~11시,전갈자리는 밤에 진심이 나오는 타입입니다. 깊은 연락은 밤 시간대가 가장 잘 통합니다.
전갈자리,대인운,오늘은 주변 사람들의 말 한마디가 유독 마음 깊이 와닿는 날입니다. 전갈자리 특유의 예리한 직관이 상대방의 숨겨진 감정까지 포착하게 합니다. 섣불리 판단하지 않고 그 감정을 조용히 받아들이는 것이 오늘의 좋은 관계를 만드는 열쇠입니다.,밤 9시~11시,전갈자리는 밤에 진심이 나오는 타입입니다. 깊은 연락은 밤 시간대가 가장 잘 통합니다.
전갈자리,대인운,평소 감정을 쉽게 드러내지 않는 전갈자리에게 오늘은 솔직함이 힘이 되는 날입니다. 오랫동안 전하지 못했던 마음을 한 마디라도 꺼내는 것이 관계를 한 단계 깊게 만들어 줍니다. 작은 용기가 상대방에게 큰 신뢰로 전달됩니다.,밤 9시~11시,전갈자리는 밤에 진심이 나오는 타입입니다. 깊은 연락은 밤 시간대가 가장 잘 통합니다.
전갈자리,대인운,오늘은 조용히 곁에 있어 주는 사람의 소중함을 실감하는 날입니다. 전갈자리는 많은 사람보다 단 한 사람과의 깊은 연대를 소중히 여기는 기질을 지닙니다. 오늘 그 한 사람에게 진심 어린 관심을 건네는 것이 관계의 뿌리를 단단하게 합니다.,밤 9시~11시,전갈자리는 밤에 진심이 나오는 타입입니다. 깊은 연락은 밤 시간대가 가장 잘 통합니다.
전갈자리,대인운,오늘은 상대방의 행동 이면에 담긴 의도를 읽어내는 전갈자리의 통찰력이 인간관계에서 빛을 발하는 날입니다. 다만 그 날카로운 시선이 의심이 아닌 이해로 향할 때 비로소 진정한 연결이 이루어집니다. 상대를 분석하기보다 먼저 공감하려는 자세가 오늘의 대인운을 높여 줍니다.,밤 9시~11시,전갈자리는 밤에 진심이 나오는 타입입니다. 깊은 연락은 밤 시간대가 가장 잘 통합니다.
전갈자리,대인운,오늘은 오랫동안 거리를 두었던 사람과 자연스러운 화해의 기회가 찾아오는 날입니다. 전갈자리의 집중력과 깊은 감수성은 상대방이 무엇을 원하는지 누구보다 빠르게 파악하게 합니다. 먼저 한 발 다가서는 것이 막혀 있던 관계의 물꼬를 트는 계기가 됩니다.,밤 9시~11시,전갈자리는 밤에 진심이 나오는 타입입니다. 깊은 연락은 밤 시간대가 가장 잘 통합니다.
전갈자리,행동운,"지금 머릿속에서 떠나지 않는 그 생각, 그냥 지나치지 마십시오. 오늘은 오래 붙잡고 있던 문제를 직접 꺼내어 말하는 행동이 필요한 날입니다. 속으로만 삼켜온 말을 상대에게 전달하는 것이 관계의 실마리를 풀어줍니다.",밤 9시~11시,전갈자리는 밤에 진심이 나오는 타입입니다. 깊은 연락은 밤 시간대가 가장 잘 통합니다.
전갈자리,행동운,오늘은 혼자 모든 것을 해결하려는 방식을 내려놓는 행동이 맞습니다. 도움을 요청하는 것이 약함이 아니라는 사실을 오늘만큼은 받아들이십시오. 한 걸음 물러서는 선택이 오히려 더 깊은 통찰을 가져다줍니다.,밤 9시~11시,전갈자리는 밤에 진심이 나오는 타입입니다. 깊은 연락은 밤 시간대가 가장 잘 통합니다.
전갈자리,행동운,이미 알고 있지만 외면해온 진실을 오늘 직접 확인하는 행동이 필요합니다. 의심을 품은 채 멈춰 있기보다 사실을 마주하는 쪽으로 움직이십시오. 확인하는 용기가 불안을 끝내고 다음 단계로 나아가게 합니다.,밤 9시~11시,전갈자리는 밤에 진심이 나오는 타입입니다. 깊은 연락은 밤 시간대가 가장 잘 통합니다.
전갈자리,행동운,오늘은 감정을 행동으로 옮기기 전에 잠시 멈추는 것이 중요한 실천입니다. 강렬한 감정이 올라올수록 먼저 깊게 숨을 고르고 판단하십시오. 그 짧은 정지가 오늘 가장 후회 없는 결정을 만들어줍니다.,밤 9시~11시,전갈자리는 밤에 진심이 나오는 타입입니다. 깊은 연락은 밤 시간대가 가장 잘 통합니다.
전갈자리,행동운,지금 관심을 분산시키는 것들을 과감히 차단하는 행동이 오늘의 핵심입니다. 전갈자리의 집중력은 하나에 온전히 쏟아질 때 가장 강력한 결과를 만들어냅니다. 오늘 하루 가장 중요한 한 가지에만 에너지를 집중하십시오.,밤 9시~11시,전갈자리는 밤에 진심이 나오는 타입입니다. 깊은 연락은 밤 시간대가 가장 잘 통합니다.
사수자리,총운,오늘은 한곳에 머물기보다 넓은 세상을 향해 나아가고 싶은 마음이 강하게 올라오는 날입니다. 사수자리 특유의 모험심이 새로운 가능성의 문을 열어줍니다. 그 설렘을 따라 한 걸음 내딛어 보시기 바랍니다.,오후 2시~5시,사수자리는 오후에 에너지가 올라오는 타입입니다. 이 시간대 연락이 가장 활기차게 이어집니다.
사수자리,총운,"오늘은 철학적인 사고가 평소보다 깊어지는 날입니다. 작은 일에서도 큰 의미를 발견하는 통찰이 찾아오니, 주변의 흐름을 천천히 관찰해 보시기 바랍니다. 그 속에서 중요한 답을 얻게 됩니다.",오후 2시~5시,사수자리는 오후에 에너지가 올라오는 타입입니다. 이 시간대 연락이 가장 활기차게 이어집니다.
사수자리,총운,어제의 무거움이 오늘은 한결 가볍게 느껴지는 날입니다. 타고난 낙관성이 주변 사람들에게도 긍정적인 에너지를 전하게 됩니다. 다만 중요한 약속이나 일정을 놓치지 않도록 미리 확인해 두시기 바랍니다.,오후 2시~5시,사수자리는 오후에 에너지가 올라오는 타입입니다. 이 시간대 연락이 가장 활기차게 이어집니다.
사수자리,총운,"오늘은 한 가지에 집중하기보다 다양한 방향으로 에너지가 분산되기 쉬운 날입니다. 하고 싶은 일이 많아지는 만큼, 우선순위를 정해 움직이면 더 좋은 결과를 얻게 됩니다. 방향이 정해지면 사수자리의 추진력이 강하게 발휘됩니다.",오후 2시~5시,사수자리는 오후에 에너지가 올라오는 타입입니다. 이 시간대 연락이 가장 활기차게 이어집니다.
사수자리,총운,오늘은 새로운 사람과의 만남이나 뜻밖의 정보가 중요한 전환점이 되는 날입니다. 사수자리의 넓은 시야가 남들이 보지 못하는 기회를 먼저 포착하게 해줍니다. 열린 마음으로 하루를 맞이하시기 바랍니다.,오후 2시~5시,사수자리는 오후에 에너지가 올라오는 타입입니다. 이 시간대 연락이 가장 활기차게 이어집니다.
사수자리,애정운,가슴 속에 설렘이 조용히 피어오르는 날입니다. 오늘은 계획 없이 떠난 길에서 뜻밖의 인연을 만나게 됩니다. 자유로운 발걸음이 오히려 관계의 문을 자연스럽게 열어줍니다.,오후 2시~5시,사수자리는 오후에 에너지가 올라오는 타입입니다. 이 시간대 연락이 가장 활기차게 이어집니다.
사수자리,애정운,마음 깊이 품어온 감정을 솔직하게 꺼내기 좋은 날입니다. 철학적인 대화 한 마디가 상대방의 마음을 깊이 움직일 수 있습니다. 오늘은 진심이 가장 강한 언어가 됩니다.,오후 2시~5시,사수자리는 오후에 에너지가 올라오는 타입입니다. 이 시간대 연락이 가장 활기차게 이어집니다.
사수자리,애정운,"혼자만의 시간을 즐기고 싶은 마음이 드는 날이지만, 그 자유로움 속에서 오히려 누군가가 그리워집니다. 그 그리움을 외면하지 말고 가볍게 연락 한 통을 건네보시기 바랍니다. 작은 용기가 관계의 온도를 높여줍니다.",오후 2시~5시,사수자리는 오후에 에너지가 올라오는 타입입니다. 이 시간대 연락이 가장 활기차게 이어집니다.
사수자리,애정운,오늘은 틀에 박힌 데이트보다 즉흥적인 약속이 더 빛을 발합니다. 모험심을 발휘해 상대방에게 색다른 제안을 해보시기 바랍니다. 예상치 못한 순간이 둘 사이의 특별한 기억으로 남게 됩니다.,오후 2시~5시,사수자리는 오후에 에너지가 올라오는 타입입니다. 이 시간대 연락이 가장 활기차게 이어집니다.
사수자리,애정운,관계에서 답답함을 느끼고 있었다면 오늘 그 감정을 솔직히 나눌 수 있는 기회가 찾아옵니다. 낙관적인 시선으로 상황을 바라보면 해결의 실마리가 보입니다. 서로의 다름을 인정하는 대화가 오늘 관계를 한층 단단하게 만들어줍니다.,오후 2시~5시,사수자리는 오후에 에너지가 올라오는 타입입니다. 이 시간대 연락이 가장 활기차게 이어집니다.
사수자리,금전운,"자유로운 사수자리에게 오늘은 지갑이 쉽게 열리는 날입니다. 모험심이 앞서 계획 없는 지출로 이어질 수 있으니, 결제 전 잠시 멈추고 필요한 소비인지 확인하는 것이 중요합니다.",오후 2시~5시,사수자리는 오후에 에너지가 올라오는 타입입니다. 이 시간대 연락이 가장 활기차게 이어집니다.
사수자리,금전운,"오늘은 평소 관심 두지 않았던 분야에서 뜻밖의 수입 실마리가 보이는 날입니다. 사수자리 특유의 넓은 시야로 가능성을 열어두되, 구체적인 실행 계획을 함께 세워야 기회를 놓치지 않습니다.",오후 2시~5시,사수자리는 오후에 에너지가 올라오는 타입입니다. 이 시간대 연락이 가장 활기차게 이어집니다.
사수자리,금전운,"오늘 사수자리에게는 낙관적인 판단이 금전 결정을 흐릴 수 있는 날입니다. '잘 되겠지'라는 믿음보다 냉정한 숫자 확인이 먼저이며, 투자나 대출 관련 결정은 하루 더 신중히 검토하는 것이 바람직합니다.",오후 2시~5시,사수자리는 오후에 에너지가 올라오는 타입입니다. 이 시간대 연락이 가장 활기차게 이어집니다.
사수자리,금전운,오늘은 오랫동안 미뤄왔던 금전 약속이나 정산 문제를 정리하기에 좋은 날입니다. 잊고 있던 미수금이나 빌려준 돈이 있다면 오늘 확인하는 것이 손실을 줄이는 방법이 됩니다.,오후 2시~5시,사수자리는 오후에 에너지가 올라오는 타입입니다. 이 시간대 연락이 가장 활기차게 이어집니다.
사수자리,금전운,"오늘 사수자리에게는 혼자 내리는 큰 금전 결정보다 신뢰할 수 있는 사람의 조언을 구하는 것이 유리한 날입니다. 철학적 사고는 강하지만 세부적인 집중이 흐트러질 수 있으므로, 중요한 계약이나 서명은 꼼꼼히 재확인하는 것이 필요합니다.",오후 2시~5시,사수자리는 오후에 에너지가 올라오는 타입입니다. 이 시간대 연락이 가장 활기차게 이어집니다.
사수자리,직장운,오늘은 반복적인 업무 속에서 답답함을 느낄 수 있습니다. 그러나 사수자리 특유의 넓은 시야로 현재 상황을 조망하면 새로운 돌파구가 보이기 시작합니다. 작은 틀에 갇히지 말고 더 큰 그림을 그리는 방향으로 나아가시기 바랍니다.,오후 2시~5시,사수자리는 오후에 에너지가 올라오는 타입입니다. 이 시간대 연락이 가장 활기차게 이어집니다.
사수자리,직장운,동료나 상사와의 소통에서 사수자리의 낙관적인 에너지가 긍정적인 분위기를 만들어내는 날입니다. 어려운 상황도 밝은 시각으로 재해석하는 능력이 오늘 직장 내에서 신뢰를 쌓는 데 큰 힘이 됩니다. 솔직하고 열린 태도로 대화에 임하시기 바랍니다.,오후 2시~5시,사수자리는 오후에 에너지가 올라오는 타입입니다. 이 시간대 연락이 가장 활기차게 이어집니다.
사수자리,직장운,오늘은 장기적인 커리어 방향을 점검하기에 적합한 날입니다. 철학적 사고를 즐기는 사수자리답게 단순한 성과보다 자신이 진정으로 나아가고자 하는 목표를 되새기는 것이 중요합니다. 지금의 업무가 미래와 어떻게 연결되는지 깊이 생각해보시기 바랍니다.,오후 2시~5시,사수자리는 오후에 에너지가 올라오는 타입입니다. 이 시간대 연락이 가장 활기차게 이어집니다.
사수자리,직장운,새로운 분야에 도전하거나 기존과 다른 방식으로 업무에 접근하고 싶다는 충동이 강하게 느껴지는 날입니다. 사수자리의 모험심이 오늘 창의적인 문제 해결로 이어질 수 있으니 과감하게 아이디어를 실행에 옮기시기 바랍니다. 다만 세부 사항을 놓치지 않도록 메모 습관을 함께 유지하는 것이 도움이 됩니다.,오후 2시~5시,사수자리는 오후에 에너지가 올라오는 타입입니다. 이 시간대 연락이 가장 활기차게 이어집니다.
사수자리,직장운,오늘은 혼자 집중하는 업무보다 여러 사람과 협력하는 환경에서 더 뛰어난 성과를 낼 수 있습니다. 사수자리의 활발한 에너지와 넓은 인맥이 팀 프로젝트에서 빛을 발하는 날이므로 적극적으로 협업에 참여하시기 바랍니다. 자유롭게 의견을 나누는 자리에서 예상치 못한 기회가 찾아올 수 있습니다.,오후 2시~5시,사수자리는 오후에 에너지가 올라오는 타입입니다. 이 시간대 연락이 가장 활기차게 이어집니다.
사수자리,건강운,"오늘은 몸이 평소보다 가볍고 활기차게 느껴지는 하루입니다. 사수자리 특유의 넘치는 에너지가 되살아나는 흐름이지만, 무리한 계획을 한꺼번에 실행하려다 체력을 급격히 소진할 수 있으니 속도를 조절하시기 바랍니다.",오후 2시~5시,사수자리는 오후에 에너지가 올라오는 타입입니다. 이 시간대 연락이 가장 활기차게 이어집니다.
사수자리,건강운,"오늘은 정신적 긴장이 신체 피로로 이어지기 쉬운 날입니다. 철학적 고민과 넓은 사고를 즐기는 사수자리이지만, 머릿속이 복잡할수록 잠시 생각을 내려놓고 깊은 호흡으로 긴장을 풀어주시기 바랍니다.",오후 2시~5시,사수자리는 오후에 에너지가 올라오는 타입입니다. 이 시간대 연락이 가장 활기차게 이어집니다.
사수자리,건강운,모험을 즐기는 사수자리에게 오늘은 새로운 신체 활동에 도전하기 좋은 흐름입니다. 다만 준비 없이 강도 높은 운동을 시작하면 관절이나 근육에 부담이 생길 수 있으니 충분한 준비 운동을 먼저 챙기시기 바랍니다.,오후 2시~5시,사수자리는 오후에 에너지가 올라오는 타입입니다. 이 시간대 연락이 가장 활기차게 이어집니다.
사수자리,건강운,"오늘은 집중력이 흐트러지며 작은 부주의로 인한 신체 피로가 쌓이기 쉬운 날입니다. 한 가지 활동에 충분히 집중하지 못하고 여러 일을 동시에 처리하려 할수록 몸의 긴장이 커지므로, 오늘만큼은 한 가지에 집중하는 방식으로 에너지를 아끼시기 바랍니다.",오후 2시~5시,사수자리는 오후에 에너지가 올라오는 타입입니다. 이 시간대 연락이 가장 활기차게 이어집니다.
사수자리,건강운,"낙관적인 사수자리는 피로 신호를 가볍게 여기고 지나치는 경향이 있습니다. 오늘은 몸이 보내는 작은 신호에 귀를 기울이며, 피로가 느껴지는 순간 즉시 휴식을 취하는 것이 건강을 지키는 가장 현명한 선택입니다.",오후 2시~5시,사수자리는 오후에 에너지가 올라오는 타입입니다. 이 시간대 연락이 가장 활기차게 이어집니다.
사수자리,대인운,"오늘은 주변 사람들과의 관계에서 활기찬 에너지가 넘치는 날입니다. 사수자리 특유의 넓은 시야가 다양한 사람들을 자연스럽게 끌어당기며, 예상치 못한 곳에서 뜻깊은 인연이 시작될 수 있습니다.",오후 2시~5시,사수자리는 오후에 에너지가 올라오는 타입입니다. 이 시간대 연락이 가장 활기차게 이어집니다.
사수자리,대인운,"오늘은 오랫동안 연락이 끊겼던 지인과 다시 이어지는 흐름이 감지되는 날입니다. 사수자리의 낙관적인 에너지가 상대방의 마음을 열게 만들며, 작은 안부 한 마디가 깊은 관계의 시작이 될 수 있습니다.",오후 2시~5시,사수자리는 오후에 에너지가 올라오는 타입입니다. 이 시간대 연락이 가장 활기차게 이어집니다.
사수자리,대인운,"오늘은 여러 모임이나 자리에서 중심적인 역할을 하게 되는 날입니다. 사수자리의 철학적 사고와 유머 감각이 대화의 분위기를 밝게 이끌며, 함께하는 사람들에게 긍정적인 영향을 전달할 수 있습니다.",오후 2시~5시,사수자리는 오후에 에너지가 올라오는 타입입니다. 이 시간대 연락이 가장 활기차게 이어집니다.
사수자리,대인운,"오늘은 평소와 다른 분야의 사람들과 교류하며 시야가 넓어지는 날입니다. 사수자리의 모험심이 낯선 만남에 대한 두려움을 걷어내 주며, 그 속에서 새로운 영감과 기회를 발견할 수 있습니다.",오후 2시~5시,사수자리는 오후에 에너지가 올라오는 타입입니다. 이 시간대 연락이 가장 활기차게 이어집니다.
사수자리,대인운,오늘은 솔직한 대화가 관계를 한층 단단하게 만들어 주는 날입니다. 다만 사수자리의 직설적인 표현이 상대방에게 상처가 되지 않도록 전달 방식에 한 번 더 주의를 기울이시기 바랍니다.,오후 2시~5시,사수자리는 오후에 에너지가 올라오는 타입입니다. 이 시간대 연락이 가장 활기차게 이어집니다.
사수자리,행동운,"오늘은 머릿속에 떠오르는 아이디어를 그냥 흘려보내지 않아도 됩니다. 생각이 떠오른 그 순간, 바로 메모하고 첫 행동으로 옮기는 것이 중요합니다. 사수자리의 풍부한 상상력이 오늘만큼은 실질적인 결과물로 이어질 수 있습니다.",오후 2시~5시,사수자리는 오후에 에너지가 올라오는 타입입니다. 이 시간대 연락이 가장 활기차게 이어집니다.
사수자리,행동운,평소 미뤄두었던 계획을 꺼내볼 때가 되었습니다. 완벽한 준비보다 일단 움직이는 것이 오늘의 흐름에 더 잘 맞습니다. 사수자리 특유의 추진력을 믿고 한 발 먼저 내딛으시기 바랍니다.,오후 2시~5시,사수자리는 오후에 에너지가 올라오는 타입입니다. 이 시간대 연락이 가장 활기차게 이어집니다.
사수자리,행동운,"오늘은 여러 방향으로 분산된 에너지를 하나의 행동에 집중하는 것이 도움이 됩니다. 관심사가 많은 사수자리에게 쉽지 않은 일이지만, 오늘 하루만큼은 한 가지에 전력을 다하면 뚜렷한 성과를 얻을 수 있습니다.",오후 2시~5시,사수자리는 오후에 에너지가 올라오는 타입입니다. 이 시간대 연락이 가장 활기차게 이어집니다.
사수자리,행동운,"오늘은 혼자 결정하고 혼자 실행하는 방식이 가장 잘 맞는 날입니다. 타인의 눈치를 보거나 허락을 기다리기보다, 자신의 판단을 믿고 움직이는 것이 사수자리에게 더 좋은 결과를 가져다 줍니다.",오후 2시~5시,사수자리는 오후에 에너지가 올라오는 타입입니다. 이 시간대 연락이 가장 활기차게 이어집니다.
사수자리,행동운,"오늘은 잊고 있었던 약속이나 해야 할 일을 다시 확인하는 것이 중요합니다. 사수자리는 큰 그림에 집중하다 보면 작은 디테일을 놓치기 쉬운데, 오늘만큼은 사소한 것 하나를 챙기는 행동이 신뢰를 쌓는 큰 발판이 됩니다.",오후 2시~5시,사수자리는 오후에 에너지가 올라오는 타입입니다. 이 시간대 연락이 가장 활기차게 이어집니다.
염소자리,총운,"오늘은 그동안 묵묵히 쌓아온 노력이 주변에 서서히 보이기 시작하는 날입니다. 염소자리 특유의 성실함이 빛을 발하는 흐름이니, 조급해하지 말고 지금의 속도를 그대로 유지하시기 바랍니다. 결과는 반드시 따라옵니다.",오전 8시~10시,염소자리는 이른 오전에 집중력이 최고입니다. 중요한 연락은 이 시간에 처리하는 게 가장 효과적입니다.
염소자리,총운,무거운 책임감을 혼자 짊어지고 있다는 느낌이 드는 하루일 수 있습니다. 오늘은 그 짐을 잠시 내려놓고 현재 자신이 있는 위치를 돌아보는 것이 오히려 앞으로 나아가는 힘이 됩니다. 쉬는 것도 전략임을 기억하시기 바랍니다.,오전 8시~10시,염소자리는 이른 오전에 집중력이 최고입니다. 중요한 연락은 이 시간에 처리하는 게 가장 효과적입니다.
염소자리,총운,새로운 기회가 예상치 못한 방향에서 찾아올 수 있는 날입니다. 다만 익숙한 방식만을 고집하기보다 조금 다른 접근을 허용하는 유연함이 오늘의 흐름을 더욱 풍성하게 만들어 줍니다. 틀을 조금만 넓혀보시기 바랍니다.,오전 8시~10시,염소자리는 이른 오전에 집중력이 최고입니다. 중요한 연락은 이 시간에 처리하는 게 가장 효과적입니다.
염소자리,총운,"오늘 에너지가 집중력 있게 모이는 날입니다. 오래 미뤄두었던 중요한 일을 처리하기에 적합한 흐름이니, 가장 우선순위가 높은 한 가지에 역량을 쏟아보시기 바랍니다. 염소자리의 인내심이 오늘 하루를 완성시켜 줄 것입니다.",오전 8시~10시,염소자리는 이른 오전에 집중력이 최고입니다. 중요한 연락은 이 시간에 처리하는 게 가장 효과적입니다.
염소자리,총운,"스스로에게 너무 엄격한 하루를 보내고 있다면, 오늘은 그 기준을 잠시 내려놓을 필요가 있습니다. 목표를 향해 나아가는 것만큼, 지금 이 순간의 자신을 인정하는 것 또한 중요한 성장입니다. 오늘 하루만큼은 자신에게 조금 더 너그러워지시기 바랍니다.",오전 8시~10시,염소자리는 이른 오전에 집중력이 최고입니다. 중요한 연락은 이 시간에 처리하는 게 가장 효과적입니다.
염소자리,애정운,상대방의 마음을 얻기 위해 조급함을 느끼고 계실 수 있습니다. 오늘은 서두르기보다 묵묵히 곁을 지키는 태도가 상대에게 깊은 신뢰를 심어주는 날입니다. 꾸준함이 가장 강력한 고백임을 기억하시기 바랍니다.,오전 8시~10시,염소자리는 이른 오전에 집중력이 최고입니다. 중요한 연락은 이 시간에 처리하는 게 가장 효과적입니다.
염소자리,애정운,관계에서 말보다 행동으로 마음을 전하는 것이 오늘 더욱 빛을 발하는 날입니다. 작은 약속을 지키고 든든하게 옆에 있어주는 모습이 상대의 마음을 움직이게 됩니다. 성실함이 사랑의 언어가 되는 하루입니다.,오전 8시~10시,염소자리는 이른 오전에 집중력이 최고입니다. 중요한 연락은 이 시간에 처리하는 게 가장 효과적입니다.
염소자리,애정운,감정보다 현실을 먼저 챙기느라 사랑에 소홀했다는 생각이 드실 수 있습니다. 오늘은 파트너의 어려운 상황에 실질적인 도움을 건네는 것으로 애정을 표현해 보시기 바랍니다. 책임감 있는 태도가 관계를 한층 단단하게 만들어 줍니다.,오전 8시~10시,염소자리는 이른 오전에 집중력이 최고입니다. 중요한 연락은 이 시간에 처리하는 게 가장 효과적입니다.
염소자리,애정운,오늘은 새로운 만남보다 이미 맺어진 인연을 더 깊이 들여다볼 필요가 있는 날입니다. 상대에게 유연하게 다가가려는 노력이 오랜 관계에 신선한 온기를 불어넣게 됩니다. 익숙함 속에서 새로운 감사함을 발견하시기 바랍니다.,오전 8시~10시,염소자리는 이른 오전에 집중력이 최고입니다. 중요한 연락은 이 시간에 처리하는 게 가장 효과적입니다.
염소자리,애정운,"혼자 감정을 삭이고 참아온 시간이 길었다면, 오늘은 그 인내를 상대와 나누는 계기로 삼으시기 바랍니다. 속마음을 차분하고 솔직하게 전달하는 것이 관계의 오해를 풀고 거리를 좁히는 데 도움이 됩니다. 진심은 언제나 천천히, 그러나 분명하게 닿게 됩니다.",오전 8시~10시,염소자리는 이른 오전에 집중력이 최고입니다. 중요한 연락은 이 시간에 처리하는 게 가장 효과적입니다.
염소자리,금전운,오늘은 그동안 성실하게 쌓아온 노력이 금전적인 형태로 되돌아오는 흐름입니다. 작은 수입이라도 허투루 여기지 않고 차곡차곡 관리해온 습관이 오늘 빛을 발합니다. 지출 내역을 다시 한번 점검하며 불필요한 소비를 줄이는 것이 오늘의 핵심입니다.,오전 8시~10시,염소자리는 이른 오전에 집중력이 최고입니다. 중요한 연락은 이 시간에 처리하는 게 가장 효과적입니다.
염소자리,금전운,오늘은 충동적인 소비보다 계획된 지출이 재정 안정에 큰 도움이 되는 날입니다. 염소자리 특유의 신중함과 책임감을 발휘하여 지갑을 열기 전에 한 번 더 생각하는 자세가 필요합니다. 원칙을 지키는 소비 습관이 장기적인 자산 형성의 토대가 됩니다.,오전 8시~10시,염소자리는 이른 오전에 집중력이 최고입니다. 중요한 연락은 이 시간에 처리하는 게 가장 효과적입니다.
염소자리,금전운,오늘은 투자나 재테크 정보를 수집하고 분석하기에 적합한 날입니다. 즉각적인 결정보다는 충분한 시간을 들여 검토하는 염소자리의 인내심이 현명한 금전 판단으로 이어집니다. 서두르지 않고 신중하게 접근할수록 손실을 줄일 수 있습니다.,오전 8시~10시,염소자리는 이른 오전에 집중력이 최고입니다. 중요한 연락은 이 시간에 처리하는 게 가장 효과적입니다.
염소자리,금전운,"오늘은 부수입이나 추가 수익을 창출할 수 있는 기회가 눈에 띄는 날입니다. 다만 지나치게 일에 매몰되어 무리한 결정을 내리지 않도록 스스로를 조율하는 것이 중요합니다. 목표를 향한 성실함은 유지하되, 균형 잡힌 시각으로 기회를 살피시기 바랍니다.",오전 8시~10시,염소자리는 이른 오전에 집중력이 최고입니다. 중요한 연락은 이 시간에 처리하는 게 가장 효과적입니다.
염소자리,금전운,오늘은 고정 지출과 변동 지출을 명확히 구분하여 재정 구조를 재정비하기 좋은 날입니다. 목표 지향적인 성향을 살려 단기와 장기 자금 계획을 함께 세운다면 재정적 안정감이 한층 높아집니다. 구체적인 숫자와 기간을 설정하는 것이 오늘의 흐름과 잘 맞습니다.,오전 8시~10시,염소자리는 이른 오전에 집중력이 최고입니다. 중요한 연락은 이 시간에 처리하는 게 가장 효과적입니다.
염소자리,직장운,"그동안 묵묵히 쌓아온 노력이 오늘 비로소 빛을 발하는 날입니다. 꾸준한 성실함이 주변의 신뢰로 돌아오며, 그 신뢰가 새로운 기회의 문을 열어줍니다.",오전 8시~10시,염소자리는 이른 오전에 집중력이 최고입니다. 중요한 연락은 이 시간에 처리하는 게 가장 효과적입니다.
염소자리,직장운,오늘은 복잡한 업무일수록 염소자리의 강점이 더욱 선명하게 드러납니다. 남들이 쉽게 포기하는 순간에도 끝까지 자리를 지키는 인내심이 오늘의 가장 큰 무기가 됩니다.,오전 8시~10시,염소자리는 이른 오전에 집중력이 최고입니다. 중요한 연락은 이 시간에 처리하는 게 가장 효과적입니다.
염소자리,직장운,업무의 방향이 흔들리는 상황에서도 흔들리지 않는 책임감이 오늘 팀 전체를 이끄는 힘이 됩니다. 맡은 바를 완수하려는 의지가 동료들에게도 긍정적인 자극을 줍니다.,오전 8시~10시,염소자리는 이른 오전에 집중력이 최고입니다. 중요한 연락은 이 시간에 처리하는 게 가장 효과적입니다.
염소자리,직장운,오늘은 장기적인 커리어 목표를 점검하기에 좋은 흐름입니다. 조급함을 내려놓고 한 단계씩 차근히 나아가는 전략이 오늘 가장 큰 성과를 만들어냅니다.,오전 8시~10시,염소자리는 이른 오전에 집중력이 최고입니다. 중요한 연락은 이 시간에 처리하는 게 가장 효과적입니다.
염소자리,직장운,세부적인 것까지 놓치지 않는 꼼꼼함이 오늘 업무의 완성도를 높이는 날입니다. 작은 부분에서의 정확함이 쌓여 중요한 평가 자리에서 확실한 인상을 남기게 됩니다.,오전 8시~10시,염소자리는 이른 오전에 집중력이 최고입니다. 중요한 연락은 이 시간에 처리하는 게 가장 효과적입니다.
염소자리,건강운,목표를 향해 쉬지 않고 달려온 염소자리에게 오늘은 몸이 멈춤을 요청하는 날입니다. 성실함이 강점이지만 오늘만큼은 그 에너지를 회복에 투자하는 것이 현명한 선택입니다.,오전 8시~10시,염소자리는 이른 오전에 집중력이 최고입니다. 중요한 연락은 이 시간에 처리하는 게 가장 효과적입니다.
염소자리,건강운,오늘은 책임감이 강한 염소자리가 자신의 피로를 스스로 외면하기 쉬운 날입니다. 남의 일보다 자신의 몸 상태를 먼저 살피는 것이 가장 중요한 과제입니다.,오전 8시~10시,염소자리는 이른 오전에 집중력이 최고입니다. 중요한 연락은 이 시간에 처리하는 게 가장 효과적입니다.
염소자리,건강운,오늘 무거운 짐을 혼자 짊어지려는 습관이 신체적 긴장으로 이어질 수 있는 날입니다. 어깨와 목 주변의 긴장을 의식적으로 풀어주는 시간을 갖는 것이 도움이 됩니다.,오전 8시~10시,염소자리는 이른 오전에 집중력이 최고입니다. 중요한 연락은 이 시간에 처리하는 게 가장 효과적입니다.
염소자리,건강운,완벽하게 해내야 한다는 압박이 오늘 정신 에너지를 크게 소모하는 날입니다. 계획을 잠시 내려놓고 짧은 휴식을 루틴에 끼워 넣는 것이 오히려 전체 컨디션을 지켜주는 방법입니다.,오전 8시~10시,염소자리는 이른 오전에 집중력이 최고입니다. 중요한 연락은 이 시간에 처리하는 게 가장 효과적입니다.
염소자리,건강운,오늘은 융통성 없이 일정을 밀어붙이다가 체력이 급격히 떨어질 수 있는 날입니다. 몸이 보내는 작은 신호를 무시하지 말고 속도를 조절하는 지혜가 필요합니다.,오전 8시~10시,염소자리는 이른 오전에 집중력이 최고입니다. 중요한 연락은 이 시간에 처리하는 게 가장 효과적입니다.
염소자리,대인운,"오늘은 맡은 역할을 묵묵히 해온 염소자리의 성실함이 주변 사람들에게 자연스럽게 전달되는 날입니다. 평소 말보다 행동으로 신뢰를 쌓아온 만큼, 오늘 그 진가를 알아보는 사람이 나타날 수 있습니다.",오전 8시~10시,염소자리는 이른 오전에 집중력이 최고입니다. 중요한 연락은 이 시간에 처리하는 게 가장 효과적입니다.
염소자리,대인운,때로는 혼자 모든 것을 감당하려는 습관이 관계의 거리를 만들 수 있습니다. 오늘은 가까운 사람에게 솔직하게 도움을 요청해보는 것이 오히려 관계를 더 깊어지게 하는 계기가 됩니다.,오전 8시~10시,염소자리는 이른 오전에 집중력이 최고입니다. 중요한 연락은 이 시간에 처리하는 게 가장 효과적입니다.
염소자리,대인운,책임감이 강한 염소자리는 상대방에게도 높은 기준을 기대하는 경향이 있습니다. 오늘은 그 기준을 잠시 내려놓고 상대의 속도에 맞춰 소통해보는 것이 관계에 따뜻한 변화를 가져다줍니다.,오전 8시~10시,염소자리는 이른 오전에 집중력이 최고입니다. 중요한 연락은 이 시간에 처리하는 게 가장 효과적입니다.
염소자리,대인운,"오랫동안 소식이 끊겼던 인연에게 먼저 연락을 건네기 좋은 날입니다. 짧은 한마디라도 성실하고 진심 어린 마음이 담긴다면, 그 연결이 예상보다 훨씬 의미 있게 이어질 수 있습니다.",오전 8시~10시,염소자리는 이른 오전에 집중력이 최고입니다. 중요한 연락은 이 시간에 처리하는 게 가장 효과적입니다.
염소자리,대인운,"목표를 향해 달려가는 과정에서 주변 사람들과의 교류를 소홀히 했다면, 오늘은 잠시 멈추고 그들의 이야기에 귀를 기울여보시기 바랍니다. 인내심 있게 상대의 말을 끝까지 들어주는 것만으로도 관계는 한층 단단해집니다.",오전 8시~10시,염소자리는 이른 오전에 집중력이 최고입니다. 중요한 연락은 이 시간에 처리하는 게 가장 효과적입니다.
염소자리,행동운,오늘은 오랫동안 준비해온 일을 실제 행동으로 옮겨야 할 때입니다. 머릿속으로만 그려온 계획을 구체적인 첫 단계로 전환하는 것이 중요합니다. 작은 실천 하나가 염소자리의 강한 추진력을 깨우는 신호가 됩니다.,오전 8시~10시,염소자리는 이른 오전에 집중력이 최고입니다. 중요한 연락은 이 시간에 처리하는 게 가장 효과적입니다.
염소자리,행동운,지금 맡은 책임을 끝까지 완수하려는 의지가 오늘 가장 큰 자산입니다. 중간에 흔들리는 상황이 생기더라도 원래의 방향을 놓지 않는 것이 염소자리의 진정한 강점입니다. 오늘은 그 인내심을 실제 결과로 증명하는 하루입니다.,오전 8시~10시,염소자리는 이른 오전에 집중력이 최고입니다. 중요한 연락은 이 시간에 처리하는 게 가장 효과적입니다.
염소자리,행동운,"해야 할 일을 앞에 두고 망설임이 느껴진다면, 지금 바로 가장 작은 단위의 행동부터 시작하시기 바랍니다. 완벽한 준비를 기다리기보다 현재 가진 것으로 움직이는 것이 오늘의 올바른 선택입니다. 성실한 한 걸음이 쌓여 염소자리의 목표를 현실로 만듭니다.",오전 8시~10시,염소자리는 이른 오전에 집중력이 최고입니다. 중요한 연락은 이 시간에 처리하는 게 가장 효과적입니다.
염소자리,행동운,오늘은 스스로 정한 기준과 원칙을 지키며 행동하는 것이 중요합니다. 주변의 시선이나 상황에 흔들리지 않고 자신의 속도로 나아가는 것이 염소자리에게 가장 잘 맞는 방식입니다. 그 묵직한 책임감이 오늘 가장 강한 행동력이 됩니다.,오전 8시~10시,염소자리는 이른 오전에 집중력이 최고입니다. 중요한 연락은 이 시간에 처리하는 게 가장 효과적입니다.
염소자리,행동운,여러 일이 동시에 쏟아지는 상황에서도 우선순위를 정해 하나씩 처리해 나가는 것이 오늘의 핵심 전략입니다. 모든 것을 한 번에 해결하려는 부담을 내려놓고 가장 중요한 것에 집중하시기 바랍니다. 꼼꼼하고 체계적인 접근이 오늘 염소자리에게 실질적인 성과를 가져다줍니다.,오전 8시~10시,염소자리는 이른 오전에 집중력이 최고입니다. 중요한 연락은 이 시간에 처리하는 게 가장 효과적입니다.
물병자리,총운,때로는 혼자만 다른 방향을 바라보는 것이 외롭게 느껴질 수 있습니다. 그러나 오늘은 그 시선이 정확히 옳은 방향을 가리키고 있습니다. 주변의 시선에 흔들리지 말고 당신만의 판단을 끝까지 밀어붙이시기 바랍니다.,오후 4시~7시,물병자리는 오후 중반부터 창의적인 에너지가 올라옵니다. 이 시간대 연락이 가장 독창적으로 전달됩니다.
물병자리,총운,익숙한 방식이 답답하게 느껴지는 하루입니다. 오늘은 그 답답함 자체가 새로운 돌파구를 여는 신호입니다. 기존의 틀을 과감히 벗어난 접근이 예상치 못한 성과로 이어질 수 있습니다.,오후 4시~7시,물병자리는 오후 중반부터 창의적인 에너지가 올라옵니다. 이 시간대 연락이 가장 독창적으로 전달됩니다.
물병자리,총운,오늘은 머릿속에 정리되지 않은 생각들이 넘쳐흐르는 날입니다. 그 혼란처럼 보이는 흐름 속에 실은 탁월한 분석과 통찰이 담겨 있습니다. 생각을 글이나 구조로 정리해두면 나중에 큰 자산이 됩니다.,오후 4시~7시,물병자리는 오후 중반부터 창의적인 에너지가 올라옵니다. 이 시간대 연락이 가장 독창적으로 전달됩니다.
물병자리,총운,감정을 표현하는 것이 여전히 어색하게 느껴질 수 있습니다. 오늘은 굳이 감정의 언어가 아니라 논리와 행동으로 마음을 전달해도 충분히 통하는 날입니다. 당신만의 방식이 상대에게 진심으로 닿을 수 있습니다.,오후 4시~7시,물병자리는 오후 중반부터 창의적인 에너지가 올라옵니다. 이 시간대 연락이 가장 독창적으로 전달됩니다.
물병자리,총운,남들과 같은 속도로 움직이지 않아도 되는 날입니다. 오늘의 에너지는 집단의 흐름을 따르기보다 독자적인 리듬으로 움직일 때 가장 강하게 발휘됩니다. 당신의 속도와 방향을 신뢰하시기 바랍니다.,오후 4시~7시,물병자리는 오후 중반부터 창의적인 에너지가 올라옵니다. 이 시간대 연락이 가장 독창적으로 전달됩니다.
물병자리,애정운,혼자만의 시간이 익숙한 물병자리에게 오늘은 누군가의 존재가 유독 따뜻하게 느껴지는 날입니다. 억지로 감정을 꺼내려 하지 않아도 괜찮습니다. 상대방 곁에 조용히 머무는 것만으로도 충분한 마음이 전해지는 날입니다.,오후 4시~7시,물병자리는 오후 중반부터 창의적인 에너지가 올라옵니다. 이 시간대 연락이 가장 독창적으로 전달됩니다.
물병자리,애정운,오늘은 익숙한 관계에서 뜻밖의 설렘을 발견하게 되는 날입니다. 오랫동안 알고 지낸 사람이 전혀 다른 모습으로 눈에 들어올 수 있습니다. 고정된 시선을 잠시 내려놓으면 새로운 연결이 시작됩니다.,오후 4시~7시,물병자리는 오후 중반부터 창의적인 에너지가 올라옵니다. 이 시간대 연락이 가장 독창적으로 전달됩니다.
물병자리,애정운,관계에서 나만의 논리를 앞세우기보다 오늘만큼은 상대방의 말을 끝까지 들어보시기 바랍니다. 물병자리의 깊은 이해력은 경청할 때 비로소 빛을 발합니다. 그 순간이 관계를 한 단계 더 깊게 만드는 계기가 됩니다.,오후 4시~7시,물병자리는 오후 중반부터 창의적인 에너지가 올라옵니다. 이 시간대 연락이 가장 독창적으로 전달됩니다.
물병자리,애정운,감정을 말로 전하는 것이 어색하게 느껴지는 날에는 작은 행동으로 마음을 표현해보시기 바랍니다. 직접 고른 한 마디 메시지나 사소한 배려가 오늘 상대방에게 크게 닿는 날입니다. 물병자리의 진심은 언제나 행동 안에 담겨 있습니다.,오후 4시~7시,물병자리는 오후 중반부터 창의적인 에너지가 올라옵니다. 이 시간대 연락이 가장 독창적으로 전달됩니다.
물병자리,애정운,"오늘은 나와 다른 방식으로 세상을 바라보는 사람에게 마음이 열리는 날입니다. 물병자리는 독창적인 시각을 가진 만큼, 자신과 다른 관점을 가진 상대방에게서 신선한 매력을 발견할 수 있습니다. 차이를 거부하지 않고 받아들일 때 특별한 인연이 가까워집니다.",오후 4시~7시,물병자리는 오후 중반부터 창의적인 에너지가 올라옵니다. 이 시간대 연락이 가장 독창적으로 전달됩니다.
물병자리,금전운,"남들과 다른 방식으로 돈을 바라보는 오늘, 그 시선이 오히려 강점이 됩니다. 기존의 틀을 벗어난 재테크 접근법이 실질적인 결과로 이어질 수 있는 날입니다.",오후 4시~7시,물병자리는 오후 중반부터 창의적인 에너지가 올라옵니다. 이 시간대 연락이 가장 독창적으로 전달됩니다.
물병자리,금전운,오늘은 충동적인 소비보다 분석적인 판단이 빛을 발하는 날입니다. 논리적으로 따져본 지출 계획이 장기적인 금전 흐름을 안정시키는 데 도움이 됩니다.,오후 4시~7시,물병자리는 오후 중반부터 창의적인 에너지가 올라옵니다. 이 시간대 연락이 가장 독창적으로 전달됩니다.
물병자리,금전운,주변에서 쉽게 지나친 금전 정보를 오늘은 날카롭게 포착하게 됩니다. 독창적인 시각으로 수입 구조를 재편하려는 아이디어가 구체화되는 흐름입니다.,오후 4시~7시,물병자리는 오후 중반부터 창의적인 에너지가 올라옵니다. 이 시간대 연락이 가장 독창적으로 전달됩니다.
물병자리,금전운,오늘은 고정된 수입 방식에 의문을 품고 새로운 가능성을 탐색하기에 좋은 날입니다. 혁신적인 방식으로 경제적 자립을 설계하려는 의지가 실현에 한 발 가까워집니다.,오후 4시~7시,물병자리는 오후 중반부터 창의적인 에너지가 올라옵니다. 이 시간대 연락이 가장 독창적으로 전달됩니다.
물병자리,금전운,감정보다 논리를 앞세우는 오늘의 흐름이 금전 결정에서 유리하게 작용합니다. 즉각적인 이익보다 장기적인 가치를 따지는 판단이 올바른 방향을 가리키는 날입니다.,오후 4시~7시,물병자리는 오후 중반부터 창의적인 에너지가 올라옵니다. 이 시간대 연락이 가장 독창적으로 전달됩니다.
물병자리,직장운,"루틴한 업무 방식에 답답함을 느끼셨다면, 오늘은 그 감각이 오히려 강점이 됩니다. 기존 프로세스의 비효율을 짚어내는 분석력이 빛을 발하며, 개선안을 제시하면 주변의 긍정적인 반응을 이끌어낼 수 있습니다.",오후 4시~7시,물병자리는 오후 중반부터 창의적인 에너지가 올라옵니다. 이 시간대 연락이 가장 독창적으로 전달됩니다.
물병자리,직장운,"혼자 논리를 정리하고 깊이 파고드는 시간이 오늘 업무 성과로 직결됩니다. 복잡한 문제일수록 물병자리 특유의 구조적 사고가 빠른 해결책을 찾아내며, 동료들이 막혀 있던 부분에서 돌파구를 제시하는 역할을 하게 됩니다.",오후 4시~7시,물병자리는 오후 중반부터 창의적인 에너지가 올라옵니다. 이 시간대 연락이 가장 독창적으로 전달됩니다.
물병자리,직장운,"오늘은 자신의 방식을 고수하는 것이 오히려 좋은 결과로 이어지는 날입니다. 주변의 시선을 의식하지 않고 독자적인 관점을 유지한다면, 예상치 못한 방향에서 성과가 만들어집니다.",오후 4시~7시,물병자리는 오후 중반부터 창의적인 에너지가 올라옵니다. 이 시간대 연락이 가장 독창적으로 전달됩니다.
물병자리,직장운,"오늘 새로운 업무 방향이나 중장기 계획을 구상하기에 적합한 흐름입니다. 미래를 내다보는 시각이 선명하게 작동하는 날이므로, 아이디어를 문서나 기획안으로 구체화해 두면 이후 큰 자산이 됩니다.",오후 4시~7시,물병자리는 오후 중반부터 창의적인 에너지가 올라옵니다. 이 시간대 연락이 가장 독창적으로 전달됩니다.
물병자리,직장운,"감정 표현보다 논리와 근거로 소통하는 방식이 오늘 직장 내에서 신뢰감을 높여 줍니다. 설득이 필요한 상황에서 데이터나 사례를 기반으로 의견을 전달하면, 상대방이 납득하고 따라오는 흐름이 형성됩니다.",오후 4시~7시,물병자리는 오후 중반부터 창의적인 에너지가 올라옵니다. 이 시간대 연락이 가장 독창적으로 전달됩니다.
물병자리,건강운,하루 종일 머릿속이 분주하게 돌아가는 느낌이 드실 수 있습니다. 생각의 회전수가 지나치게 높을 때 몸은 조용히 지쳐가기 마련입니다. 오늘은 뇌와 몸의 속도를 맞추는 의식적인 휴식이 필요한 날입니다.,오후 4시~7시,물병자리는 오후 중반부터 창의적인 에너지가 올라옵니다. 이 시간대 연락이 가장 독창적으로 전달됩니다.
물병자리,건강운,물병자리 특유의 분석적인 사고방식이 오늘따라 더욱 강하게 작동할 수 있습니다. 정보를 처리하고 문제를 파악하는 데 에너지를 과하게 쏟으면 눈의 피로와 두통이 찾아올 수 있으니 주의하시기 바랍니다.,오후 4시~7시,물병자리는 오후 중반부터 창의적인 에너지가 올라옵니다. 이 시간대 연락이 가장 독창적으로 전달됩니다.
물병자리,건강운,"오늘은 자신만의 방식으로 건강을 돌보고자 하는 의욕이 생기는 날입니다. 단, 검증되지 않은 방법을 고집스럽게 밀어붙이기보다는 몸이 보내는 신호에 먼저 귀를 기울이는 것이 현명합니다.",오후 4시~7시,물병자리는 오후 중반부터 창의적인 에너지가 올라옵니다. 이 시간대 연락이 가장 독창적으로 전달됩니다.
물병자리,건강운,감정을 속으로 쌓아두는 습관이 오늘 신체 긴장으로 이어질 수 있습니다. 어깨와 목 주변의 근육이 굳어있다면 억누른 감정이 몸으로 표출되고 있다는 신호일 수 있으니 스스로를 점검해 보시기 바랍니다.,오후 4시~7시,물병자리는 오후 중반부터 창의적인 에너지가 올라옵니다. 이 시간대 연락이 가장 독창적으로 전달됩니다.
물병자리,건강운,틀에 박힌 루틴을 거부하는 성향이 건강 관리의 일관성을 방해할 수 있는 날입니다. 오늘만큼은 자신이 직접 설계한 규칙이라도 끝까지 지켜내는 것이 몸의 리듬을 안정시키는 데 도움이 됩니다.,오후 4시~7시,물병자리는 오후 중반부터 창의적인 에너지가 올라옵니다. 이 시간대 연락이 가장 독창적으로 전달됩니다.
물병자리,대인운,때로는 타인과의 관계에서 거리감을 느끼는 날이 있습니다. 오늘은 그 거리감이 오히려 물병자리만의 독특한 시선을 빛나게 하는 자산이 됩니다. 남다른 관점으로 건네는 한마디가 상대방에게 깊은 인상을 남기는 하루입니다.,오후 4시~7시,물병자리는 오후 중반부터 창의적인 에너지가 올라옵니다. 이 시간대 연락이 가장 독창적으로 전달됩니다.
물병자리,대인운,감정을 직접 표현하는 것이 낯설게 느껴지더라도 오늘은 걱정하지 않아도 됩니다. 논리적이고 명확한 언어로 전달하는 물병자리의 소통 방식이 오늘만큼은 상대방에게 신뢰감으로 전해집니다. 진심은 방식이 달라도 충분히 닿을 수 있습니다.,오후 4시~7시,물병자리는 오후 중반부터 창의적인 에너지가 올라옵니다. 이 시간대 연락이 가장 독창적으로 전달됩니다.
물병자리,대인운,주변 사람들이 쉽게 꺼내지 못한 문제에 오늘 물병자리의 분석력이 빛을 발합니다. 혼자 고민하던 이에게 건네는 참신한 해결책이 관계를 한층 단단하게 만드는 계기가 됩니다. 도움을 주는 것이 때로는 가장 강력한 연결의 방식입니다.,오후 4시~7시,물병자리는 오후 중반부터 창의적인 에너지가 올라옵니다. 이 시간대 연락이 가장 독창적으로 전달됩니다.
물병자리,대인운,오늘은 평소 잘 어울리지 않던 유형의 사람과 뜻밖의 접점이 생기는 흐름입니다. 틀에 박힌 관계보다 새로운 자극을 선호하는 물병자리에게 이 만남은 신선한 영감의 원천이 될 수 있습니다. 열린 태도로 대화에 임하는 것이 오늘의 핵심입니다.,오후 4시~7시,물병자리는 오후 중반부터 창의적인 에너지가 올라옵니다. 이 시간대 연락이 가장 독창적으로 전달됩니다.
물병자리,대인운,"자신의 신념을 쉽게 굽히지 않는 것이 물병자리의 특성이지만, 오늘은 상대방의 의견을 끝까지 듣는 여유가 관계의 질을 높입니다. 고집이 아닌 탐구하는 자세로 대화에 임할 때 상대방도 마음을 열고 다가오게 됩니다. 소통은 설득보다 경청에서 시작됩니다.",오후 4시~7시,물병자리는 오후 중반부터 창의적인 에너지가 올라옵니다. 이 시간대 연락이 가장 독창적으로 전달됩니다.
물병자리,행동운,지금 당신이 품고 있는 아이디어가 너무 앞서 보여 망설여질 수 있습니다. 그러나 오늘은 그 생각을 실제 행동으로 꺼내놓는 것이 중요합니다. 논리적으로 정리된 방식보다 직관적으로 먼저 시도해보는 것이 더 큰 결과를 만들어냅니다.,오후 4시~7시,물병자리는 오후 중반부터 창의적인 에너지가 올라옵니다. 이 시간대 연락이 가장 독창적으로 전달됩니다.
물병자리,행동운,익숙한 방식이 답답하게 느껴진다면 그 감각을 신뢰하시기 바랍니다. 오늘은 기존의 절차를 건너뛰고 본질에 직접 접근하는 행동이 효율적입니다. 단순하고 과감한 선택이 오늘의 돌파구가 됩니다.,오후 4시~7시,물병자리는 오후 중반부터 창의적인 에너지가 올라옵니다. 이 시간대 연락이 가장 독창적으로 전달됩니다.
물병자리,행동운,주변의 시선이 신경 쓰여 행동을 미루고 있다면 오늘만큼은 그 고민을 내려놓으시기 바랍니다. 타인의 기준이 아닌 자신만의 논리로 결정을 내리는 것이 오늘 가장 강력한 행동 전략이 됩니다. 스스로 세운 기준이 곧 오늘의 정답입니다.,오후 4시~7시,물병자리는 오후 중반부터 창의적인 에너지가 올라옵니다. 이 시간대 연락이 가장 독창적으로 전달됩니다.
물병자리,행동운,혼자 분석하고 혼자 결론을 내리는 것이 편하게 느껴지는 날입니다. 오늘은 그 방식을 그대로 따르시기 바랍니다. 협의와 조율보다 독립적인 판단으로 움직이는 것이 오늘 더 빠르고 정확한 결과를 가져다줍니다.,오후 4시~7시,물병자리는 오후 중반부터 창의적인 에너지가 올라옵니다. 이 시간대 연락이 가장 독창적으로 전달됩니다.
물병자리,행동운,해결되지 않던 문제가 있다면 오늘은 완전히 다른 각도에서 접근해보시기 바랍니다. 기존의 방법을 반복하는 대신 아무도 시도하지 않은 방식을 실험하는 것이 오늘의 행동 원칙이 됩니다. 낯선 방법일수록 오늘은 더 유효한 선택이 됩니다.,오후 4시~7시,물병자리는 오후 중반부터 창의적인 에너지가 올라옵니다. 이 시간대 연락이 가장 독창적으로 전달됩니다.
물고기자리,총운,"오늘은 주변의 감정과 에너지가 평소보다 더 강하게 느껴지는 날입니다. 타인의 감정을 깊이 흡수하는 물고기자리의 특성상 감정 소모가 클 수 있으니, 자신의 감정과 타인의 감정을 구분하는 시간이 필요합니다.",저녁 7시~9시,물고기자리는 저녁에 감성이 열리는 타입입니다. 이 시간대 연락이 가장 따뜻하게 닿습니다.
물고기자리,총운,"내면에서 떠오르는 작은 신호들에 귀를 기울이시기 바랍니다. 오늘은 분석보다 느낌이 더 정확한 길을 안내하는 날로, 직관이 이끄는 방향을 신뢰하는 것이 중요합니다.",저녁 7시~9시,물고기자리는 저녁에 감성이 열리는 타입입니다. 이 시간대 연락이 가장 따뜻하게 닿습니다.
물고기자리,총운,"오늘은 창의적인 영감이 풍부하게 흐르는 날입니다. 그 영감을 그냥 흘려보내지 말고, 글이나 그림 혹은 대화로 표현하면 예상치 못한 가능성이 열릴 수 있습니다.",저녁 7시~9시,물고기자리는 저녁에 감성이 열리는 타입입니다. 이 시간대 연락이 가장 따뜻하게 닿습니다.
물고기자리,총운,"감정이 예민하게 반응하는 하루인 만큼, 모든 관계에서 자신의 경계를 명확히 지키는 것이 필요합니다. 상대의 부탁이나 요구에 무조건 응하기보다, 자신의 에너지를 먼저 살피는 태도가 오늘을 온전히 보내는 방법입니다.",저녁 7시~9시,물고기자리는 저녁에 감성이 열리는 타입입니다. 이 시간대 연락이 가장 따뜻하게 닿습니다.
물고기자리,총운,"현실의 무게가 다소 무겁게 느껴지는 날일 수 있습니다. 잠시 상상과 휴식 속에 머무는 것은 좋으나, 중요한 결정은 현실 감각을 되찾은 후에 내리시기 바랍니다.",저녁 7시~9시,물고기자리는 저녁에 감성이 열리는 타입입니다. 이 시간대 연락이 가장 따뜻하게 닿습니다.
물고기자리,애정운,누군가가 말하지 않은 감정까지 느껴지는 날입니다. 물고기자리의 깊은 직관이 오늘 관계 속에서 빛을 발합니다. 상대의 작은 변화에도 섬세하게 반응하는 그 감각이 진심 어린 연결로 이어집니다.,저녁 7시~9시,물고기자리는 저녁에 감성이 열리는 타입입니다. 이 시간대 연락이 가장 따뜻하게 닿습니다.
물고기자리,애정운,마음이 열려 있을수록 더 많은 것이 들어오는 날입니다. 오늘은 감정을 억누르기보다 자연스럽게 표현하는 것이 관계에 힘이 됩니다. 솔직한 한 마디가 오랜 거리를 좁혀 줄 수 있습니다.,저녁 7시~9시,물고기자리는 저녁에 감성이 열리는 타입입니다. 이 시간대 연락이 가장 따뜻하게 닿습니다.
물고기자리,애정운,상대에게 모든 것을 맞추고 싶은 마음이 커지는 날입니다. 공감 능력이 높은 물고기자리는 자신을 잃을 만큼 헌신하는 경향이 있습니다. 오늘은 상대를 배려하되 나의 감정도 소중히 지키는 균형이 필요합니다.,저녁 7시~9시,물고기자리는 저녁에 감성이 열리는 타입입니다. 이 시간대 연락이 가장 따뜻하게 닿습니다.
물고기자리,애정운,"감정이 예민하게 살아 있는 날입니다. 오늘 나누는 대화 한 마디, 눈빛 하나가 평소보다 깊은 인상을 남깁니다. 물고기자리의 풍부한 감수성이 상대에게 특별한 온기로 전해지는 시간입니다.",저녁 7시~9시,물고기자리는 저녁에 감성이 열리는 타입입니다. 이 시간대 연락이 가장 따뜻하게 닿습니다.
물고기자리,애정운,이상적인 모습만 바라보다 현실의 상대를 놓치기 쉬운 날입니다. 물고기자리는 때로 관계에 과한 의미를 부여하는 경향이 있습니다. 오늘은 있는 그대로의 상대를 바라보는 시선이 관계를 더 단단하게 만들어 줍니다.,저녁 7시~9시,물고기자리는 저녁에 감성이 열리는 타입입니다. 이 시간대 연락이 가장 따뜻하게 닿습니다.
물고기자리,금전운,오늘은 감정의 흐름이 지갑과 연결되기 쉬운 날입니다. 기분이 가라앉거나 위로가 필요할 때 소비로 이어지지 않도록 구매 전 잠시 멈추는 습관이 필요합니다.,저녁 7시~9시,물고기자리는 저녁에 감성이 열리는 타입입니다. 이 시간대 연락이 가장 따뜻하게 닿습니다.
물고기자리,금전운,풍부한 상상력이 오늘 수입의 실마리를 열어줄 수 있습니다. 평소 막연하게 떠올리던 아이디어를 구체적인 수익으로 연결하는 첫 발을 내딛어 보시기 바랍니다.,저녁 7시~9시,물고기자리는 저녁에 감성이 열리는 타입입니다. 이 시간대 연락이 가장 따뜻하게 닿습니다.
물고기자리,금전운,오늘은 주변의 분위기에 휩쓸려 불필요한 지출을 결정하기 쉬운 날입니다. 타인의 제안이나 권유에 명확한 선을 긋는 것이 금전을 지키는 핵심이 됩니다.,저녁 7시~9시,물고기자리는 저녁에 감성이 열리는 타입입니다. 이 시간대 연락이 가장 따뜻하게 닿습니다.
물고기자리,금전운,"강한 직관이 오늘 재정적 판단에 도움을 줄 수 있는 날입니다. 단, 근거 없는 기대감과 직관을 구분하여 충동적인 투자 결정은 신중하게 재검토하시기 바랍니다.",저녁 7시~9시,물고기자리는 저녁에 감성이 열리는 타입입니다. 이 시간대 연락이 가장 따뜻하게 닿습니다.
물고기자리,금전운,현실과 거리를 두고 싶은 마음이 클수록 금전 관리는 소홀해지기 쉽습니다. 오늘 하루만큼은 수입과 지출의 현황을 직접 확인하며 현실적인 감각을 되찾는 시간을 가지시기 바랍니다.,저녁 7시~9시,물고기자리는 저녁에 감성이 열리는 타입입니다. 이 시간대 연락이 가장 따뜻하게 닿습니다.
물고기자리,직장운,"동료의 말 한마디에도 깊이 공명하는 오늘, 그 섬세한 감수성이 오히려 강점이 됩니다. 상대의 감정을 읽는 능력이 협업 과정에서 분명한 성과로 이어지는 날입니다.",저녁 7시~9시,물고기자리는 저녁에 감성이 열리는 타입입니다. 이 시간대 연락이 가장 따뜻하게 닿습니다.
물고기자리,직장운,오늘은 논리보다 직관이 더 빠른 답을 가져다주는 날입니다. 머릿속에 떠오르는 첫 번째 아이디어를 가볍게 흘려보내지 마시기 바랍니다. 그 감각이 오늘의 핵심 돌파구가 될 수 있습니다.,저녁 7시~9시,물고기자리는 저녁에 감성이 열리는 타입입니다. 이 시간대 연락이 가장 따뜻하게 닿습니다.
물고기자리,직장운,"주변의 요청이 유독 많이 몰려드는 날로, 경계를 명확히 설정하는 것이 중요합니다. 모든 부탁에 응하다 보면 정작 본인의 핵심 업무가 밀릴 수 있으니, 오늘은 우선순위를 먼저 정하시기 바랍니다.",저녁 7시~9시,물고기자리는 저녁에 감성이 열리는 타입입니다. 이 시간대 연락이 가장 따뜻하게 닿습니다.
물고기자리,직장운,감성적인 표현이 요구되는 기획이나 콘텐츠 업무에서 두드러진 결과물이 나오는 날입니다. 물고기자리 특유의 창의적 상상력이 오늘 작업물에 깊이와 온기를 더해 줍니다.,저녁 7시~9시,물고기자리는 저녁에 감성이 열리는 타입입니다. 이 시간대 연락이 가장 따뜻하게 닿습니다.
물고기자리,직장운,"오늘은 현실과 이상 사이에서 균형을 잡는 것이 과제입니다. 풍부한 아이디어를 구체적인 실행 계획으로 옮기는 데 집중하면, 주변의 신뢰와 인정을 동시에 얻을 수 있는 날입니다.",저녁 7시~9시,물고기자리는 저녁에 감성이 열리는 타입입니다. 이 시간대 연락이 가장 따뜻하게 닿습니다.
물고기자리,건강운,"오늘은 타인의 감정과 에너지를 평소보다 더 강하게 흡수하는 날입니다. 감정적 피로가 신체 피로로 이어질 수 있으므로, 혼자만의 조용한 시간을 의도적으로 확보하는 것이 중요합니다.",저녁 7시~9시,물고기자리는 저녁에 감성이 열리는 타입입니다. 이 시간대 연락이 가장 따뜻하게 닿습니다.
물고기자리,건강운,창의적인 활동이 오늘 정신 건강에 큰 도움이 되는 날입니다. 글쓰기나 그림 그리기처럼 내면을 표현하는 활동이 쌓인 감정을 해소하고 마음의 균형을 되찾는 데 효과적입니다.,저녁 7시~9시,물고기자리는 저녁에 감성이 열리는 타입입니다. 이 시간대 연락이 가장 따뜻하게 닿습니다.
물고기자리,건강운,"오늘은 직관이 예민하게 살아있는 날이지만, 그만큼 신경계가 과부하 상태에 놓이기 쉽습니다. 자극적인 환경이나 소음을 피하고, 조용하고 부드러운 환경 속에서 몸이 쉬어갈 수 있도록 배려하는 것이 좋습니다.",저녁 7시~9시,물고기자리는 저녁에 감성이 열리는 타입입니다. 이 시간대 연락이 가장 따뜻하게 닿습니다.
물고기자리,건강운,"공감 능력이 뛰어난 만큼 오늘은 타인의 부탁을 거절하는 데 어려움을 느낄 수 있습니다. 무리한 감정 소비는 면역력 저하로 이어질 수 있으므로, 자신을 위한 경계를 설정하는 것이 건강을 지키는 방법입니다.",저녁 7시~9시,물고기자리는 저녁에 감성이 열리는 타입입니다. 이 시간대 연락이 가장 따뜻하게 닿습니다.
물고기자리,건강운,오늘은 현실의 압박에서 잠시 벗어나고 싶은 마음이 강하게 드는 날입니다. 이 감정을 억누르기보다는 가벼운 산책이나 명상처럼 건강한 방식으로 해소하는 것이 몸과 마음 모두에 이로운 날입니다.,저녁 7시~9시,물고기자리는 저녁에 감성이 열리는 타입입니다. 이 시간대 연락이 가장 따뜻하게 닿습니다.
물고기자리,대인운,"오늘은 주변 사람들의 말 한마디, 표정 하나에 마음이 흔들리기 쉬운 날입니다. 물고기자리 특유의 예민한 감수성이 타인의 감정을 누구보다 빠르게 포착하게 합니다. 그 섬세함이 관계를 깊게 만드는 힘이 되는 날입니다.",저녁 7시~9시,물고기자리는 저녁에 감성이 열리는 타입입니다. 이 시간대 연락이 가장 따뜻하게 닿습니다.
물고기자리,대인운,오늘은 오래된 인연에게 먼저 손을 내밀어 보는 것이 좋은 날입니다. 물고기자리의 따뜻한 직관이 상대방이 원하는 말과 위로를 자연스럽게 이끌어 냅니다. 작은 연락 하나가 소중한 관계를 회복하는 계기가 됩니다.,저녁 7시~9시,물고기자리는 저녁에 감성이 열리는 타입입니다. 이 시간대 연락이 가장 따뜻하게 닿습니다.
물고기자리,대인운,오늘은 타인의 부탁을 무작정 받아들이기 전에 잠시 자신의 상태를 먼저 살피는 것이 중요합니다. 경계를 명확히 하는 것이 관계를 멀리하는 것이 아니라 오히려 건강하게 유지하는 방법임을 기억하시기 바랍니다. 나를 지키는 것이 곧 관계를 지키는 일입니다.,저녁 7시~9시,물고기자리는 저녁에 감성이 열리는 타입입니다. 이 시간대 연락이 가장 따뜻하게 닿습니다.
물고기자리,대인운,오늘은 대화 속에서 물고기자리의 창의적인 감각이 빛을 발하는 날입니다. 평범한 일상 이야기 속에서도 상대방의 마음을 움직이는 표현이 자연스럽게 나오게 됩니다. 진심이 담긴 한마디가 예상보다 큰 울림을 전하는 날입니다.,저녁 7시~9시,물고기자리는 저녁에 감성이 열리는 타입입니다. 이 시간대 연락이 가장 따뜻하게 닿습니다.
물고기자리,대인운,오늘은 겉으로 밝아 보이는 사람에게도 세심한 시선을 건네는 것이 의미 있는 날입니다. 물고기자리의 높은 공감 능력이 상대방이 숨기고 있는 감정까지 감지하게 합니다. 그 따뜻한 관심이 누군가에게 큰 힘이 되는 하루입니다.,저녁 7시~9시,물고기자리는 저녁에 감성이 열리는 타입입니다. 이 시간대 연락이 가장 따뜻하게 닿습니다.
물고기자리,행동운,마음속 깊은 곳에서 이미 답을 알고 있다는 느낌이 드는 날입니다. 오늘은 그 내면의 목소리를 믿고 머뭇거리던 행동을 실제로 옮기는 것이 중요합니다. 직관이 가리키는 방향으로 첫 발을 내딛으면 생각보다 훨씬 좋은 결과가 따라옵니다.,저녁 7시~9시,물고기자리는 저녁에 감성이 열리는 타입입니다. 이 시간대 연락이 가장 따뜻하게 닿습니다.
물고기자리,행동운,"오늘은 경계를 명확히 설정하는 행동이 필요한 날입니다. 타인의 감정에 쉽게 흔들리는 자신을 인식하고, 정중하지만 단호하게 거절하거나 거리를 두는 선택이 오히려 관계를 건강하게 만듭니다. 나를 지키는 행동이 곧 오늘의 가장 용기 있는 실천입니다.",저녁 7시~9시,물고기자리는 저녁에 감성이 열리는 타입입니다. 이 시간대 연락이 가장 따뜻하게 닿습니다.
물고기자리,행동운,"현실과 이상 사이에서 고민이 많았다면, 오늘은 작고 구체적인 실천 하나를 선택하는 날입니다. 거창한 계획보다 오늘 당장 할 수 있는 단 한 가지 행동에 집중하면, 오랫동안 멈춰 있던 흐름이 다시 움직이기 시작합니다.",저녁 7시~9시,물고기자리는 저녁에 감성이 열리는 타입입니다. 이 시간대 연락이 가장 따뜻하게 닿습니다.
물고기자리,행동운,"풍부한 감수성이 오늘 창작 활동의 강력한 원동력이 됩니다. 그동안 마음속에만 담아두었던 아이디어를 글, 그림, 혹은 어떤 형태로든 밖으로 꺼내는 행동을 취하시기 바랍니다. 표현하는 순간, 막혀 있던 에너지가 자연스럽게 순환되기 시작합니다.",저녁 7시~9시,물고기자리는 저녁에 감성이 열리는 타입입니다. 이 시간대 연락이 가장 따뜻하게 닿습니다.
물고기자리,행동운,"주변 사람의 말 한마디에 마음이 흔들렸다면, 오늘은 감정을 바로 반응으로 연결하지 않는 것이 중요합니다. 잠시 멈추고 자신의 감정을 먼저 정리한 뒤 행동으로 옮기면, 후회 없는 결정을 내릴 수 있습니다. 신중한 한 박자의 여유가 오늘 최선의 선택을 만들어 줍니다.",저녁 7시~9시,물고기자리는 저녁에 감성이 열리는 타입입니다. 이 시간대 연락이 가장 따뜻하게 닿습니다.
